Price ($),Price ($) Predict,MSE,MAE
3997.07,2749.15489,1557292.121766313,1247.9151100000004
1355.78,449.60694,821149.6146697635,906.17306
2673.07,3207.01215,285094.21954662236,533.9421499999999
751.17,779.54205,804.9732212025033,28.37205000000006
2059.83,1743.0386700000001,100356.74676316876,316.7913299999998
1676.64,1907.49171,53292.51200992406,230.8517099999999
1449.05,1966.2501100000002,267495.95378401235,517.2001100000002
2193.55,1784.27398,167506.8605470406,409.27602000000024
1556.72,1489.9480500000002,4458.4933068024775,66.77194999999983
2044.38,1301.2634400000002,552222.2217462335,743.1165599999999
2032.69,2407.7459299999996,140666.95062816454,375.05592999999953
1770.05,1938.69423,28440.876312292938,168.6442300000001
629.96,1545.49019,838195.528801436,915.53019
1909.02,2797.21018,788881.7958484325,888.19018
982.19,1635.0816799999998,426267.54581322207,652.8916799999997
2413.0,2358.00546,3024.399429811616,54.99454000000014
1585.6,917.7047299999999,446084.0916883729,667.89527
2191.16,2452.7927,68451.66970929006,261.6327000000001
1778.84,1351.25112,182832.2502996544,427.58888
3311.34,2887.50074,179639.71831734775,423.8392600000002
1734.32,1759.2640399999998,622.205131521593,24.94403999999986
878.5,1409.2921,281740.2534224099,530.7920999999999
830.62,2040.44479,1463676.0224985443,1209.8247900000001
4428.68,3001.01219,2038235.3757101973,1427.6678100000004
1504.2,1540.92184,1348.4935329855948,36.72183999999993
3907.83,2581.4139199999995,1759379.6172825675,1326.4160800000004
976.43,992.95719,273.1480092961006,16.52719000000002
3286.11,2860.01653,181555.64517664112,426.09347000000025
831.69,143.08974,474170.3180720677,688.60026
2868.04,2989.78555,14821.978944802522,121.7455500000001
3584.25,2686.34854,806227.0318701317,897.90146
1878.4,2250.24549,138269.06843333988,371.8454899999997
1834.21,2027.89481,37513.80562473609,193.68480999999997
3390.88,3134.3056299999994,65830.40734089728,256.5743700000007
1923.02,1885.33932,1419.8336452623953,37.68067999999994
2601.32,2130.37664,221787.6483280898,470.9433600000002
2770.48,2178.0732199999998,350945.7929899687,592.4067800000003
2516.31,2157.2334499999997,128935.96875990267,359.0765500000002
1083.11,1757.3455,454593.50946025,674.2355
3323.89,3383.6886600000003,3575.8797377956457,59.79866000000038
1759.04,1598.5902600000002,25744.119066067535,160.4497399999998
990.18,709.2305,78932.62155024997,280.94949999999994
1332.62,2430.10606,1204475.651894324,1097.4860600000002
1161.02,1588.94493,183119.745715505,427.92493000000013
2256.02,2816.9205,314609.3709002502,560.9005000000002
3116.24,3025.39473,8252.863081372863,90.8452699999998
1748.58,2073.67285,105685.36112112249,325.09285
2521.5,2890.5809299999996,136220.73288966462,369.0809299999996
3493.59,2638.65196,730919.0522390417,854.93804
1298.68,1354.33131,3097.0683047160965,55.65130999999997
2280.87,2769.92299,239172.82702794022,489.05299000000014
765.95,958.07928,36913.6602333184,192.12928
3217.82,2515.59905,493114.262618903,702.2209500000004
1261.48,1779.60176,268450.15818549757,518.12176
1866.8,1741.87702,15605.750932080413,124.92298000000005
1377.57,1999.20948,386435.64309467043,621.63948
2031.19,2035.94811,22.639610772099886,4.758109999999988
2139.88,2214.91572,5630.359275918378,75.03571999999986
2751.07,3054.8113299999995,92258.79555016852,303.7413299999994
1524.94,1956.81252,186513.8735311503,431.8725199999999
1930.67,2250.42103,102240.72118606084,319.7510299999999
1267.84,1234.03208,1142.9754547263979,33.80791999999997
951.4,1337.74723,149264.18212867287,386.34722999999997
625.2,779.1833399999999,23710.868997555564,153.98333999999988
2113.77,2075.08934,1496.1934580355992,38.68065999999999
1310.03,854.53967,207471.4407235089,455.49033
3286.45,2866.4778,176376.64877283975,419.9721999999997
2080.79,1659.73291,177289.0730392681,421.05709
1278.54,1932.8603599999997,428135.13351052924,654.3203599999997
2996.04,2874.35556,14807.1029381136,121.68444
871.35,869.20521,4.600124144100246,2.1447900000000573
2768.44,3211.1501199999993,195992.25035041376,442.7101199999993
3745.39,3195.98253,301848.5680918005,549.4074699999996
3556.24,3343.94151,45070.648856279964,212.29848999999967
782.66,306.94758,226302.30654225635,475.71241999999995
863.34,1021.6747200000001,25069.88355747842,158.33472000000006
1784.77,2178.17709,154769.13846226822,393.40709000000015
1164.94,1385.80252,48780.25274075036,220.8625199999999
1247.91,2276.22006,1057421.5794972037,1028.31006
2480.96,2211.28743,72723.295010405,269.6725700000002
1159.62,913.89327,60381.62583649283,245.72672999999986
1947.07,1978.7100699999999,1001.0940296048951,31.640069999999923
2113.62,2600.75168,237297.27365962235,487.13167999999996
1486.61,1981.6863899999998,245100.63193543206,495.07638999999995
1804.49,1391.53252,170533.88028795042,412.95748000000003
691.35,397.04112,86617.71684685443,294.30888000000004
789.61,755.3350499999999,1174.7721975025072,34.2749500000001
2312.14,1532.9724099999999,607102.1333064082,779.16759
1748.97,1898.05412,22226.074836174394,149.08411999999998
3428.94,2604.5631399999997,679597.2073034601,824.3768600000003
1340.49,1869.87084,280244.07375910564,529.38084
2120.59,2721.52734,361125.68660627556,600.93734
3496.93,2708.34996,621858.4794864013,788.5800399999998
972.19,1495.5025099999998,273855.98312249983,523.3125099999997
3038.1,2918.3123499999997,14349.08109252255,119.78765000000021
2793.54,2129.21499,441327.7189115001,664.32501
2821.78,2599.15965,49559.82023412256,222.62035000000014
1548.95,1978.96491,184912.822822308,430.0149099999999
962.25,1206.9065799999998,59856.84213729633,244.65657999999985
2240.32,2885.28131,415975.09139691567,644.9613099999997
2354.8,2336.8069800000003,323.74876872039596,17.993019999999888
2358.06,2376.05208,323.71494272639956,17.992079999999987
4813.04,3288.36717,2324627.238540209,1524.67283
2792.77,2105.7970800000003,471931.792813326,686.9729199999997
2567.52,3000.75735,187694.6014350224,433.2373499999999
914.84,1368.31163,205636.5192148568,453.4716299999999
1602.39,1687.0201,7162.2538260099755,84.63009999999986
2922.91,2668.8576499999995,64542.596540522696,254.0523500000004
873.57,1118.3011999999999,59893.36025343992,244.73119999999983
1119.51,1340.75575,48949.681893062516,221.24575000000004
1407.17,1874.74008,218621.77971120636,467.57007999999996
938.96,744.66414,37750.881213139626,194.29586000000006
1565.19,1534.9948200000001,911.7488952323962,30.195179999999937
3422.47,3199.13439,49878.794694071934,223.33560999999963
2478.83,2712.0575499999995,54395.090079002315,233.2275499999996
3180.88,1835.6781499999997,1809568.0172434235,1345.2018500000004
1696.83,1575.36937,14752.684639996909,121.46063000000004
2687.06,2532.03216,24033.63117506552,155.02783999999974
922.21,1324.85689,162124.5180266721,402.64689
1489.43,2217.3899899999997,529925.7470407995,727.9599899999996
2490.41,2597.05794,11373.783106243662,106.64794000000029
4705.97,3339.69967,1866694.6146383097,1366.2703300000003
4036.38,3326.881,503388.83100100036,709.4990000000003
1261.77,966.20425,87359.11257306249,295.56575
620.44,821.5803,40457.42028408997,201.1402999999999
2500.94,3177.86424,458226.42669957737,676.9242399999998
2431.14,2280.18249,22788.16982540002,150.95750999999973
1217.24,1600.00675,146510.3849055625,382.76675
954.65,655.00098,89789.53518696038,299.64901999999995
1250.43,1078.12367,29689.47135806894,172.30633000000012
3401.59,2780.5222299999996,385725.1749327736,621.0677700000006
2041.37,2430.80513,151659.72047811715,389.4351300000003
777.38,388.66130999999996,151102.21995531613,388.71869000000004
1969.19,2432.12847,214312.02700594094,462.93847000000005
2607.44,2259.89082,120790.43251867239,347.54918
1776.13,2257.92623,232127.60724221283,481.7962299999999
2721.4,2299.9644799999996,177607.8975176708,421.43552000000045
1016.16,1195.77309,32260.86209934808,179.61308999999994
590.45,603.66848,174.7282135104,13.21848
2549.6,1759.19237,624744.2215622168,790.4076299999999
1609.14,2001.8270899999998,154203.15065266783,392.68708999999967
728.2,575.57835,23293.368048722514,152.62165000000005
545.58,636.88269,8336.181201236097,91.30268999999998
1092.08,1668.36756,332107.3518107536,576.28756
1641.64,1934.88277,85991.3221572728,293.24276999999984
3066.57,2077.73915,977786.449911723,988.8308500000003
1735.86,1759.8914399999999,577.5101084735988,24.031439999999975
2895.86,2133.5607,581100.2227804902,762.2993000000001
2072.73,1608.3287400000002,215668.53028958748,464.40125999999987
1178.4,1182.09366,13.643124195599327,3.693659999999909
4348.8,3312.64584,1073615.4432853058,1036.15416
734.88,571.87076,26572.012325377593,163.00923999999998
1369.42,1073.18276,87756.50236281769,296.23724000000016
2531.45,3111.69066,336679.22351723607,580.2406600000004
2018.16,2530.7988400000004,262798.5802765459,512.6388400000003
1633.4,2298.73116,442665.55246694526,665.3311599999997
1528.92,1270.0716400000001,67002.47347468958,258.84835999999996
3845.91,3219.90249,391885.40257639997,626.0075099999999
1864.34,1616.60468,61372.7887755024,247.73532
1828.29,2294.4100200000003,217267.87304480068,466.1200200000003
3838.22,3099.8580999999995,545178.2953716104,738.3619000000003
2475.0,2237.17198,56562.167097120364,237.82801999999992
2631.83,2898.7059,71222.74600081,266.8759
462.82,1102.76105,409524.54747510265,639.9410500000001
1381.3,1309.2845399999999,5186.2264790116105,72.01546000000008
2225.01,870.00815,1836030.0135034227,1355.00185
2970.68,3038.1095299999997,4546.741516020885,67.42952999999989
1697.07,2013.4841099999999,100117.88900709206,316.41410999999994
1321.09,1874.63621,306413.40660536406,553.54621
3739.27,2564.45728,1380184.9270737981,1174.81272
1134.98,606.3182899999999,279483.2036201242,528.6617100000001
2105.65,2108.44689,7.822593672100424,2.796890000000076
1434.82,1043.30358,153285.10712961634,391.5164199999999
2551.92,1669.7047499999999,778303.7473325628,882.2152500000002
1118.11,1904.7702299999999,618834.3174636528,786.66023
3729.28,2518.35273,1466344.8532296533,1210.9272700000001
1001.65,1900.43524,807814.9076418576,898.78524
2352.27,2760.84411,166932.80336229212,408.57411
2144.65,2293.8757699999996,22268.330432092767,149.22576999999956
1443.2,1253.7424,35894.18219775998,189.45759999999996
554.72,943.41374,151082.82351518754,388.69373999999993
1087.07,1479.17327,153744.97434469295,392.10327000000007
1619.29,2162.9634499999997,295580.82023490226,543.6734499999998
3998.58,2866.7326399999997,1281078.44633897,1131.8473600000002
1468.97,2300.59188,691594.9512947343,831.6218799999999
908.56,1169.27499,67972.30601070006,260.71498999999994
3667.64,2495.56222,1373766.3223697285,1172.07778
1314.19,1783.48489,220237.693780112,469.2948899999999
2194.29,1844.68536,122223.40430952961,349.60464
900.51,574.52057,106269.10847172487,325.98942999999997
1734.63,1537.21425,38972.97834806255,197.41575000000012
2617.78,2903.93385,81884.02586982232,286.1538499999997
2088.13,1598.5902600000002,239649.15703926753,489.53973999999994
1683.6,1201.17658,232732.35616449625,482.42341999999985
1131.03,910.18568,48772.21367626237,220.84431999999993
908.17,1189.34402,79058.82952296043,281.17402000000004
1879.12,2249.36325,137080.0641705625,370.24325
2246.54,2850.4033999999997,364651.0058595597,603.8633999999997
3322.3,2255.97549,1137047.960626741,1066.3245100000004
844.17,1500.97767,431396.31537082896,656.80767
4651.94,3021.59712,2658017.9063666933,1630.3428799999997
3543.53,3138.18876,164301.52084473777,405.3412400000002
1251.15,2153.59753,814411.5444031007,902.4475299999999
1671.77,1808.0184,18563.626502559986,136.24839999999995
1618.07,2402.44631,615246.1956892159,784.3763099999999
1629.89,1741.70148,12501.807059790366,111.81147999999985
1227.22,1256.2883399999998,844.9683903555888,29.068339999999807
3795.01,3099.05516,484353.1393194261,695.9548400000003
2389.37,2535.04068,21219.94701166245,145.67068000000017
2649.46,2931.4897300000002,79540.76860387302,282.0297300000002
2797.38,1292.9553,2263293.67797009,1504.4247
2435.32,2571.70764,18601.588344769578,136.38763999999992
3608.15,3816.60765,43454.59184352243,208.45764999999983
1197.24,1512.6346899999999,99473.81048019601,315.39468999999985
2328.57,2096.46336,53873.49233208958,232.10663999999997
1660.74,1574.74197,7395.661163880895,85.99802999999997
1565.08,2114.20909,301542.757484228,549.1290899999999
807.73,153.68898,427769.6558426404,654.04102
773.14,1106.10993,110868.97428420496,332.9699300000001
1527.84,1438.36834,8005.177943155587,89.47165999999993
1920.67,2287.5183700000002,134577.72657165703,366.84837000000016
1225.12,1321.47581,9284.442120756104,96.35581000000002
1667.97,2353.58808,470072.15162288636,685.61808
1160.96,1683.90771,273474.307394244,522.9477099999999
1143.1,1524.22004,145252.48488960162,381.12004
2754.97,2770.2817,234.44815689000615,15.3117000000002
2850.25,2304.93759,297365.6245000081,545.31241
1607.34,1439.05356,28320.32588787355,168.28643999999986
2253.39,2008.9157599999999,59767.654023577605,244.47424
1533.42,1665.35904,17407.910276121595,131.93903999999998
3420.88,2428.5857,984647.9778124901,992.2943
1284.16,1974.0956700000002,476011.228738349,689.9356700000001
1322.63,1907.85042,342482.93998497626,585.2204199999999
3930.86,2883.43444,1097100.303741314,1047.4255600000001
3315.02,3026.45251,83271.19628490004,288.5674899999999
1690.5,2359.79451,447955.14111614035,669.2945100000002
2512.87,2519.4105099999997,42.77827106009755,6.540509999999813
1221.31,2323.9166400000004,1215741.4025720905,1102.6066400000004
4815.87,3402.23733,1998357.3256913288,1413.63267
1628.12,1696.7263799999998,4706.835376704393,68.60637999999994
1450.25,2336.6314399999997,785672.057176473,886.3814399999997
2110.91,2276.74359,27500.77957228816,165.83359000000019
1235.27,2035.84424,640919.1137515774,800.5742399999999
673.28,129.84069000000002,295326.2836532761,543.43931
2382.6,2827.08936,197570.79115320963,444.48936000000003
2518.04,2523.9788599999997,35.27005809959702,5.93885999999975
2650.42,2535.66808,13168.003143686436,114.75192000000015
1333.96,1618.12504,80749.76995820152,284.16503999999986
974.69,1153.73484,32057.05473062561,179.04484000000002
1164.38,504.82257,435016.003468205,659.5574300000001
3359.13,3010.5536500000003,121505.47177932237,348.5763499999998
1630.22,2224.53648,353212.0783995906,594.3164800000002
793.3,1496.5602900000001,494575.03549088433,703.2602900000002
1577.52,1453.8046199999999,15305.495248544423,123.7153800000001
1674.86,2025.1733299999999,122719.42917568887,350.31332999999995
1271.09,2256.07936,970204.03931321,984.9893600000003
2158.02,3238.80987,1168106.743094617,1080.78987
3290.11,2103.17947,1408804.083046081,1186.93053
1635.83,2478.93209,710821.1341623679,843.1020899999999
1914.72,2286.46059,138191.0662535482,371.7405900000001
2636.91,2733.18436,9268.752393409666,96.27436000000034
1670.15,2450.1428899999996,608388.9084505513,779.9928899999995
1413.93,826.8799199999999,344627.79642800667,587.0500800000002
2126.52,3125.29842,997558.3322576965,998.7784200000001
1118.09,709.2305,167166.09074024993,408.8594999999999
2152.76,2260.57604,11624.298481281536,107.8160399999997
1851.67,2057.6701199999998,42436.04944001428,206.0001199999997
3159.73,3430.59615,73368.47121582241,270.86614999999983
2775.59,2086.22283,475227.09507380886,689.36717
1048.32,862.4891,34533.123394809976,185.83089999999993
3609.67,2904.56125,497178.3493265623,705.1087499999999
775.68,402.34074000000004,139382.20305734753,373.3392599999999
1725.51,2105.72541,144563.75800146812,380.21541
1124.19,2192.48392,1141251.8995089666,1068.29392
4818.17,2856.9363399999997,3846437.469116997,1961.2336600000003
1089.96,1939.32163,721415.1785162567,849.3616299999999
845.64,981.56886,18476.654980899595,135.92886
3337.78,2734.77639,363613.35367303237,603.0036100000002
1239.88,2046.8021899999999,651123.4207143957,806.9221899999998
1714.24,1958.99975,59907.33522006247,244.75974999999994
2618.18,2869.48632,63154.86647194247,251.30632000000014
2686.06,2741.2054599999997,3041.02175861157,55.14545999999973
2418.11,1722.09503,484436.83846410114,696.0149700000002
880.5,1204.08123,104704.81240831291,323.58123
825.89,1010.0176999999999,33903.00990728996,184.1276999999999
1709.79,1335.35226,140203.62113630766,374.4377400000001
650.45,2009.7048499999999,1847573.747248522,1359.2548499999998
2258.04,1715.3789199999999,294481.0477467665,542.6610800000001
1484.46,1559.82922,5680.519323408406,75.36922000000004
2513.62,2540.43345,718.9611009025054,26.813450000000103
2375.17,2200.75986,30418.896934819586,174.41013999999996
1846.75,1285.54012,314956.5294096145,561.2098800000001
1924.55,2354.92527,185222.8730275731,430.3752700000002
614.13,813.5591999999999,39772.00581263997,199.42919999999992
2803.58,2758.26597,2053.3613148409004,45.31403
422.95,594.48573,29424.5066666329,171.53573
2878.94,2290.42302,346352.23574832024,588.5169799999999
1253.3,1172.28351,6563.671651920096,81.01648999999998
3685.52,2155.28271,2341626.1637065443,1530.23729
1922.22,2054.42511,17478.191110112126,132.2051100000001
1323.24,1520.04987,38734.12492941692,196.80987000000005
2148.24,2480.34858,110296.10890961645,332.1085800000001
2299.66,2128.08554,29437.795324291536,171.57445999999982
1747.33,1723.2244799999999,581.0760944704034,24.10552000000007
1499.19,1585.1656699999999,7391.8158319488675,85.97566999999981
2602.62,2072.61507,280905.225824305,530.0049300000001
2314.57,1802.2884,262432.43769856024,512.2816000000003
1432.43,1338.10594,8897.028294883627,94.32406000000015
2196.34,2269.58325,5364.573670562499,73.24324999999999
2301.59,2312.42444,117.38509011359201,10.834439999999631
1535.91,1919.2525999999998,146951.5489747598,383.3425999999997
810.69,935.8230199999999,15658.272694320369,125.13301999999987
1086.03,1061.5974099999999,596.9514541081057,24.43259000000012
1152.34,1446.2139,86361.86910121003,293.87390000000005
4200.16,3713.69544,236647.7681359935,486.4645599999999
4058.03,3061.9578199999996,992159.7877699535,996.0721800000006
805.87,1164.33408,128496.49665024645,358.4640800000001
2553.67,1655.9214499999998,805952.4590271029,897.7485500000003
3735.42,3263.7159399999996,222504.72022048404,471.7040600000005
1447.37,974.76723,223353.37821167277,472.60276999999985
1816.09,1442.93669,139243.39276395604,373.1533099999999
1302.89,2301.92907,998079.063386465,999.03907
1400.75,2313.9448,833924.7427470403,913.1948000000002
1040.34,1012.3088,785.7481734399943,28.0311999999999
1885.95,2659.42006,598255.9337164034,773.4700599999999
3744.92,2969.74872,600890.5133368385,775.17128
2135.12,2866.9081800000004,535513.940387713,731.7881800000005
2093.83,2189.0311699999997,9063.262769368866,95.20116999999982
1165.8,383.36169,612209.7089556562,782.43831
3815.29,3416.9745399999997,158655.2056750118,398.31546000000026
1383.67,1973.84083,348301.6085828889,590.17083
1885.42,1735.0892400000002,22599.33740217755,150.33075999999983
1705.76,1778.8704899999998,5345.143748040071,73.1104899999998
1258.78,1633.56132,140461.03782094244,374.78132000000005
813.28,1647.90035,696591.1286341223,834.6203499999999
1938.13,2721.4234699999997,613548.6601446402,783.2934699999996
1527.4,1109.2939900000001,174812.63559812008,418.10600999999997
1520.6,552.51915,937180.5321367224,968.0808499999999
1562.71,465.5058,1203857.0564976402,1097.2042000000001
1578.8,1470.23773,11785.766467552878,108.5622699999999
2342.84,2066.58418,76317.27808387257,276.2558200000003
1262.44,1176.0949699999999,7455.4642057009305,86.34503000000018
717.03,546.43044,29104.209872193598,170.59956
2216.77,2233.02016,264.06770002560165,16.25016000000005
3129.11,2851.63672,76991.4211139585,277.47328000000016
2453.15,1757.24163,484288.459436057,695.9083700000001
773.99,1468.21532,481948.7949291024,694.22532
2187.69,1978.011,43965.28304100004,209.6790000000001
654.86,691.11221,1314.2227298840994,36.25220999999999
2942.09,1732.3355599999998,1463505.8050997145,1209.7544400000004
793.69,1115.65139,103659.13665073206,321.96138999999994
1349.84,2811.08663,2135241.7136863563,1461.2466299999999
1926.72,1912.79133,194.0078479689003,13.928670000000011
1761.9,2319.3160900000003,310712.6973908883,557.4160900000002
790.86,667.26392,15275.990991366407,123.59608000000003
2040.08,1893.64746,21442.488770851603,146.43254000000002
1161.14,315.32739000000004,715398.9712350122,845.8126100000001
1440.4,1480.40659,1600.5272434280969,40.00658999999996
870.14,726.18714,20722.425902179595,143.95286
3657.92,2524.96497,1283587.1000023012,1132.95503
795.04,1495.5025099999998,490647.7279154999,700.4625099999998
1161.77,995.3521599999999,27694.897470265623,166.41784000000007
4815.75,3745.06278,1146371.123071328,1070.6872199999998
1493.69,1305.9356599999999,35251.69218883567,187.75434000000018
1181.74,1590.46529,167056.36268558417,408.7252900000001
1890.2,1667.57847,49560.34561954095,222.62153000000012
2801.03,2230.0116399999997,326061.96745709016,571.0183600000005
979.98,1145.96095,27549.675762902465,165.9809499999999
3815.73,2482.74355,1776852.875883602,1332.9864499999999
518.46,1036.5158,268381.81191363983,518.0557999999999
638.58,615.68421,524.2171997241015,22.895790000000034
1340.73,1526.51114,34514.63197969962,185.78114000000005
4391.87,3729.5942999999997,438609.1028104902,662.2757000000001
1039.05,780.34499,66928.28219910005,258.7050099999999
2771.67,2073.40416,487575.18331090565,698.26584
1286.08,646.6928399999999,408815.9403728656,639.38716
4636.12,3338.71356,1683263.4705534729,1297.4064399999997
1179.43,1173.51683,34.96557944890043,5.9131700000000365
979.07,1726.233,558252.5485689999,747.1629999999999
1048.56,1822.10259,598368.1385439081,773.54259
2977.45,2853.22875,15430.9189515624,124.2212499999996
1526.38,1452.67517,5432.401965328919,73.70483000000013
1396.32,1251.52297,20966.179896820886,144.79702999999995
1575.64,2035.87644,211817.5807038735,460.2364399999999
1256.17,1551.7759199999998,87382.85993904625,295.60591999999974
1372.66,1920.2172300000002,299818.92012527306,547.5572300000001
1028.58,1605.30637,332613.305853377,576.7263700000001
2304.34,2897.47258,351806.2574574564,593.13258
1779.42,486.2739,1672226.8359452097,1293.1461
3011.94,2829.2049199999997,33392.10946260654,182.73508000000038
1067.62,1648.4024,337308.19614976004,580.7824
2102.34,1833.0283399999998,72528.77021195577,269.3116600000003
2490.82,2057.04272,188162.72864419862,433.77728000000025
3899.89,2362.44432,2363739.218950662,1537.4456799999998
4678.14,2234.77701,5970022.700901743,2443.3629900000005
725.5,259.68138000000005,216986.98673870435,465.81861999999995
2078.85,2496.97871,174831.61812626407,418.12870999999996
2479.33,2906.47979,182456.94309704404,427.14978999999994
2302.71,2513.48349,44425.46408678011,210.77349000000004
2400.0,1725.97816,454305.44079698576,674.0218400000001
4321.1,2566.40802,3078943.9446763224,1754.6919800000005
1410.28,510.12219,810284.082903996,900.1578099999999
1520.7,1016.1202599999999,254600.71401846773,504.57974000000013
3047.64,2531.42624,266476.6460133377,516.2137600000001
1591.59,2306.0670400000004,510477.4406871622,714.4770400000004
951.94,884.74536,4515.119644729607,67.19464000000005
1351.89,1525.88374,30273.82155918756,173.9937399999999
1555.93,1997.61745,195087.80348750242,441.6874499999999
2460.96,2139.74256,103180.64376015353,321.2174399999999
1276.87,1562.80554,81759.1330350917,285.9355400000002
1268.42,1543.5716499999999,75708.43049772238,275.1516499999998
2194.02,2083.64469,12182.709057596077,110.3753099999999
1686.65,1015.7477,450109.8961452901,670.9023000000001
1203.15,1554.60127,123517.99518461291,351.45127
2395.85,2870.5441,225334.48857481015,474.69410000000016
1066.92,1507.2634,193902.30992355998,440.3434
1964.8,2740.50639,601720.4034868322,775.70639
1793.84,2692.8098099999997,808146.7192914358,898.9698099999998
2597.12,1696.7263799999998,810708.6709367045,900.39362
1715.09,2350.50789,403755.894932052,635.4178899999999
2635.95,2468.43672,28060.69897635829,167.51327999999967
759.01,739.7949,369.22006801000026,19.215100000000007
3711.22,2545.73307,1358359.784000824,1165.4869299999996
1393.5,834.7576799999999,312192.98015898245,558.7423200000001
2202.59,1873.57843,108248.61319386498,329.0115700000001
2510.36,2597.6714899999997,7623.296286020029,87.3114899999996
1691.18,1005.1484599999999,470639.27387477184,686.0315400000002
1781.2,2469.31896,473507.7031114816,688.11896
896.36,1258.23908,130956.46854164643,361.87908000000004
1833.47,2384.43189,303559.00423237187,550.9618899999998
973.81,1415.7533700000001,195313.94228695706,441.9433700000002
3565.72,2938.38138,393553.7441435044,627.33862
1029.54,797.30163,53934.66050025686,232.23836999999992
1138.36,2241.34215,1216569.6232186225,1102.98215
3280.32,2136.64089,1308001.906650392,1143.67911
945.29,1610.60599,442645.3665496802,665.31599
1801.05,2049.09329,61525.473714024025,248.04328999999984
3657.29,2896.68349,578522.2630543802,760.6065100000001
1496.52,1423.1547,5382.46724408999,73.36529999999993
2490.61,1707.7882,612809.9705552403,782.8218000000002
3029.42,2332.1347600000004,486206.7059218572,697.2852399999997
1545.5,2688.56797,1306604.384039921,1143.06797
2445.48,1599.2176599999998,716159.948102276,846.2623400000002
1138.22,1214.3217599999998,5791.477875097567,76.10175999999979
1289.79,1328.99486,1537.0210476196041,39.20486000000005
4460.16,3331.75024,1273308.5864632577,1128.40976
3228.1,3697.3662,220210.76646244002,469.2662
1310.94,1505.3126599999998,37780.73095547551,194.37265999999977
2602.75,2080.92321,272303.1987617042,521.8267900000001
2619.87,2604.45927,237.4905991329018,15.410730000000058
2364.57,2043.4671600000001,103107.03385606561,321.10284
1255.77,1826.9396299999999,326234.74623433675,571.1696299999999
1247.88,1000.11753,61386.24154050096,247.76247000000012
1849.81,1526.51114,104522.15287729952,323.2988599999999
1711.16,1925.0864700000002,45764.53456666094,213.9264700000001
1272.58,2192.48392,846223.2220313668,919.9039200000002
2964.82,2369.2321,354724.94662641,595.5879
1433.41,2309.07556,766790.1729701138,875.6655600000001
906.92,1865.45346,918786.3939395716,958.53346
1730.52,2018.28168,82806.78447642244,287.76168000000007
1010.73,636.5239799999999,140030.14540424047,374.2060200000001
981.22,1506.90469,276344.39330039616,525.68469
440.57,623.63364,33512.296290049606,183.06364000000002
1439.5,863.90559,331308.9248232481,575.59441
1774.33,2033.19443,67010.79311922494,258.8644300000001
2058.68,2230.28033,29446.673256108974,171.6003300000002
1824.29,1154.53778,448568.0361949282,669.7522199999999
2332.66,3242.5174599999996,827840.597517651,909.8574599999997
1392.21,2074.3580699999998,465325.98940472456,682.1480699999997
1669.47,1776.95195,11552.369575802471,107.48194999999987
828.24,1142.14949,98539.1679120601,313.90949
1667.09,1392.9490099999998,75153.28239818016,274.1409900000001
1425.9,1446.7481500000001,434.6453584225014,20.848150000000032
1375.0,1322.10321,2798.070392304101,52.89679000000001
2939.42,2448.65473,240850.5502381728,490.7652699999999
1790.44,1364.93055,181058.29203930253,425.50945
1026.82,1087.13088,3637.4022463743995,60.31088
2335.34,1422.79599,832736.5701868802,912.5440100000001
710.66,737.14509,701.4599923081007,26.485090000000014
1470.14,1447.4472199999998,514.9622641284142,22.69278000000031
1582.54,2307.65907,525797.6656776652,725.1190700000002
1282.77,585.1198099999999,486715.7876070362,697.6501900000001
2227.59,2170.55417,3253.0859037889295,57.03583000000026
447.12,660.37227,45476.53066015288,213.25226999999995
1530.04,2367.99878,702174.9169790883,837.9587799999999
1984.3,2464.4497199999996,230543.7536160781,480.14971999999966
3940.9,2597.3127799999997,1805226.6177473294,1343.5872200000003
3154.06,2927.4234300000003,51364.13486136475,226.63656999999967
3806.14,3639.50076,27768.63630777759,166.63923999999997
1237.54,1490.90196,64192.282775041574,253.36195999999995
1727.67,1999.80468,74057.28405870234,272.1346799999999
2628.78,2232.48591,157049.00576892836,396.2940900000003
2052.42,2256.77843,41762.36791206481,204.35842999999977
3093.06,2887.50074,42254.609371747596,205.55926
2042.86,1954.75791,7761.978262368076,88.10208999999986
1192.03,1211.6002799999999,382.99585927839655,19.57027999999991
1744.33,1433.14039,96838.97337195204,311.1896099999999
1592.07,1607.16709,227.9221264680994,15.09708999999998
2881.34,2933.7091600000003,2742.5289191056204,52.36916000000019
2488.23,3119.9988,399131.8166534398,631.7687999999998
1409.77,950.91894,210544.29526312355,458.85105999999996
2471.63,3106.31937,402830.59639099694,634.68937
1368.12,1853.90031,235982.5095836962,485.7803100000001
756.4,1420.9491199999998,441625.5328927741,664.5491199999998
1938.34,1771.38364,27874.426144449568,166.9563599999999
919.96,367.46283,305253.122858009,552.4971700000001
3381.1,2455.54638,856649.5034951038,925.5536199999997
1133.28,441.65751,478341.6686738001,691.62249
2765.69,2257.5675199999996,258188.45468135085,508.12248000000045
1532.35,1541.24835,79.18063272250292,8.898350000000164
1535.15,2262.97101,529723.4225974203,727.8210100000001
876.49,945.26061,4729.396799772105,68.77061000000003
1442.4,1525.45336,6897.860607289581,83.05335999999988
2482.42,2862.6663399999998,144587.27908339538,380.2463399999997
3102.65,1970.76064,1281173.5232812099,1131.8893600000001
2525.09,2402.55018,15016.007485632392,122.53981999999996
1267.66,1872.8793600000001,366290.47371880966,605.21936
2472.44,1979.0687799999998,243415.1607242886,493.3712200000002
1738.77,1388.8827099999999,122421.11570354419,349.8872900000001
2809.99,2123.9153699999997,470698.397929637,686.0746300000001
1156.89,1314.9428699999999,24980.709715236822,158.05286999999976
797.45,1848.1381099999999,1103945.5044953718,1050.6881099999998
2419.44,2840.23454,177068.0448938115,420.79453999999987
2332.15,1600.37931,535488.3427430762,731.7706900000001
1686.36,2302.35945,379455.3224003025,615.99945
1096.55,929.79213,27808.18720693687,166.7578699999999
2422.24,2161.01271,68239.697040744,261.2272899999998
2038.79,1574.1360499999998,215903.2932506026,464.6539500000001
1202.14,1305.14657,10610.353463164902,103.00657000000001
1300.88,1860.25771,312903.4224448441,559.37771
3559.7,2040.81735,2307004.5044710217,1518.8826499999998
2055.55,2363.9324800000004,95099.75397095054,308.3824800000002
2168.0,2461.9754500000004,86421.56520270271,293.97545000000036
1296.28,1810.77208,264702.1003827264,514.49208
2782.11,2150.9477199999997,398365.823694799,631.1622800000005
2421.14,1698.94581,521564.448069756,722.1941899999999
3178.73,3295.5136599999996,13638.423242995506,116.7836599999996
385.4,959.67131,329787.5374891161,574.27131
1829.42,862.05872,935787.8460432385,967.3612800000001
843.43,1373.61125,281092.1578515625,530.18125
1743.09,2004.0465199999999,68098.30533051038,260.95651999999995
4568.43,2552.69639,4063181.986483633,2015.7336100000002
1465.04,2765.41246,1690968.5347264516,1300.37246
2280.41,2262.86714,307.75193697960066,17.54286000000002
2336.84,2022.69906,98684.53018408375,314.1409400000002
1278.94,1868.20714,347235.7622837795,589.2671399999999
1191.61,2009.7048499999999,669279.1835965224,818.09485
1701.57,2065.97826,132793.37995622755,364.4082599999999
2953.0,2538.6444,171690.56325135988,414.35559999999987
1710.69,2067.64196,127414.70174784151,356.9519599999999
1237.68,1186.6942099999999,2599.5507819241184,50.98579000000018
566.31,723.46566,24697.901470035602,157.15566
1472.6,1846.90479,140104.0758169442,374.30479000000014
2628.06,2009.3783400000002,382766.9964203553,618.6816599999997
2363.91,2501.11668,18825.673036622466,137.20668000000023
3239.04,2101.22873,1294614.4861390132,1137.8112700000001
1278.94,2349.62565,1146367.7611159224,1070.68565
3181.72,2090.00209,1191847.9950147679,1091.7179099999998
1848.87,1899.54228,2567.6799603984,50.67228
3498.91,2731.76787,588507.0476209365,767.1421299999997
4130.07,3393.12625,543086.0906640624,736.9437499999999
919.69,351.56397000000004,322767.18596356094,568.12603
903.23,726.11547,31369.55673712092,177.11453000000006
1428.51,1489.8441799999998,3761.8816362723796,61.33417999999983
1710.97,2324.1853300000002,376033.04094700917,613.2153300000002
806.82,512.34162,86717.51628742441,294.47838
788.88,668.3217,14534.303698890008,120.55830000000003
3556.83,2062.0158300000003,2234469.402832788,1494.8141699999996
1817.48,1796.73394,430.3990055235976,20.746059999999943
2061.34,1550.8936800000001,260555.44560154242,510.44632
3976.85,2834.50454,1304953.1499826116,1142.34546
2486.76,1765.1910599999999,520661.73517272406,721.5689400000003
809.55,1052.05595,58809.13578540249,242.50594999999998
2497.99,3129.0060099999996,398181.20487631985,631.0160099999998
2064.92,2571.6037699999997,256728.44278141254,506.68376999999964
4197.6,3110.8877199999993,1180943.5795028007,1086.712280000001
3629.8,2997.3046000000004,400050.43102115975,632.4953999999998
609.51,1095.8694,236545.46596836005,486.35940000000005
1626.46,1940.4510799999998,98590.39831956626,313.9910799999998
3695.54,2240.07663,2118373.6214117566,1455.46337
2629.08,2832.38898,41334.5413486405,203.30898000000025
1150.43,375.41226,600652.4973147076,775.01774
2641.9,3193.83477,304631.9903349527,551.9347699999998
2161.8,2318.61702,24591.577761680386,156.81701999999996
2806.63,3052.1615199999997,60285.72731351018,245.53151999999955
2120.99,1611.40893,259672.86690234463,509.5810699999997
953.44,1780.1360100000002,683426.2929499203,826.6960100000001
940.66,951.36317,114.5578480489,10.70317
2086.57,2423.2144099999996,113329.45878424772,336.6444099999994
879.18,726.54585,23297.183746222494,152.63414999999998
821.84,1188.18237,134206.73205721687,366.34236999999996
2193.26,2092.54803,10142.900901280958,100.71197000000029
2565.12,2041.17606,274517.25226272346,523.9439399999999
858.25,917.2743499999999,3483.8738929224896,59.02434999999991
1446.88,1206.4762,57793.987054440026,240.40380000000005
1919.06,2212.09037,85866.79774233687,293.03036999999995
3050.24,2370.28988,462332.16568801436,679.95012
2781.53,2157.7677000000003,389079.4069012898,623.7622999999999
1244.31,1899.3774600000002,429113.3771508519,655.0674600000002
1338.48,826.37787,262248.59155053686,512.10213
1402.27,2080.92321,460570.179443304,678.65321
1617.4,1535.62222,6687.605301728419,81.77778000000012
3194.92,3140.83857,2924.8010708449196,54.08143000000018
2795.78,2142.5679099999998,426686.0345221687,653.2120900000004
841.68,657.72246,33840.3765228516,183.95754
774.23,1995.2941500000002,1490997.6584152228,1221.0641500000002
713.12,1599.4724999999999,785620.7542562498,886.3524999999998
1746.08,2307.5874,315290.56025475997,561.5074
2092.34,3130.59804,1077979.757624641,1038.2580399999997
2942.94,2059.36602,780702.9781330406,883.5739800000001
2922.13,2992.00498,4882.512830000407,69.87498000000005
1369.76,1048.34836,103305.44232748963,321.41164000000003
1122.16,1852.20441,532964.8405722481,730.04441
1393.62,2303.77594,828383.8351172837,910.1559400000001
1819.47,1848.1381099999999,821.8605309720909,28.668109999999842
1161.65,1394.00679,53989.67785910401,232.35678999999982
2622.91,2751.8046999999997,16613.843688089957,128.89469999999983
1888.25,2259.89082,138116.89909027246,371.6408200000001
1078.83,2348.82271,1612881.483453144,1269.99271
2297.03,1748.76867,300590.4859733692,548.2613300000003
2021.49,1405.5845100000001,379339.5726121399,615.9054899999999
1011.37,710.71866,90391.2282437956,300.65134
1245.92,780.34499,216760.08993650012,465.57501
3723.81,2471.01486,1569495.662807619,1252.7951399999997
1269.36,1960.9504900000002,478297.4058584405,691.5904900000003
2315.84,3203.93196,788707.3294166412,888.0919599999997
893.02,1705.2100599999999,659652.6935628034,812.1900599999999
3335.73,2861.0026399999997,225366.0663325699,474.7273600000003
2357.16,2774.52354,174192.32452133184,417.3635400000003
1739.59,2230.74291,241231.18100146813,491.15291
1369.51,2030.54462,436966.76883854426,661.0346199999999
2007.67,1637.73149,136854.50118102023,369.9385100000002
1356.93,2410.92999,1110915.9789200001,1053.99999
1400.02,1334.72486,4263.455307619593,65.29513999999995
809.94,1461.05498,423950.71718040016,651.1149799999998
1159.27,576.36744,339775.3944545536,582.90256
3651.78,2841.3961900000004,656721.9195101158,810.3838099999998
1426.17,2394.9272599999995,938490.6288027065,968.7572599999994
952.43,1548.1399999999999,354870.4040999999,595.7099999999999
1581.71,1789.4697299999998,43164.105409672804,207.75972999999976
1647.1,1997.0832,122488.24028224009,349.9832000000001
2685.77,2866.7326399999997,32747.477075769504,180.96263999999974
1344.13,1092.86088,63136.17066557448,251.26912000000016
1745.82,2382.83986,405794.3020344197,637.0198600000001
1515.7,1119.46285,157003.8790401226,396.23715000000016
1108.52,1588.94493,230808.11336550504,480.42493000000013
942.74,1685.42807,551585.5693203248,742.6880699999999
1574.74,1920.2172300000002,119354.51644847303,345.4772300000002
1399.43,1322.46192,5924.085338886415,76.9680800000001
2003.17,2225.07073,49239.933974532825,221.90072999999984
1217.97,1601.69193,147242.51956292483,383.72192999999993
3713.61,3112.30421,361568.6530875245,601.3057900000003
2610.52,2441.9386200000004,28419.681682704275,168.58137999999963
1259.36,2331.3318199999994,1149123.5828741114,1071.9718199999995
1404.16,1367.6842299999998,1330.4817970929173,36.47577000000024
3711.22,3389.41866,103556.10242579559,321.80134
2241.65,2246.64177,24.917767732900877,4.991770000000088
879.69,1483.8454900000002,365003.85609714023,604.1554900000001
4630.83,2879.72685,3066362.2419399223,1751.10315
3597.7,2547.50064,1102918.6957444088,1050.1993599999996
1185.27,744.66414,194133.52386633962,440.60586
921.33,1543.19909,386721.16509742814,621.86909
681.26,1341.81353,436330.9659954608,660.5535299999999
3098.82,2571.24506,278335.31731600355,527.57494
1591.09,2760.11284,1366614.4004416652,1169.0228399999999
2993.71,2821.78974,29556.575798467555,171.92025999999987
1620.03,2337.1656900000003,514283.5978717765,717.1356900000003
1530.85,993.3159,288942.9086628098,537.5340999999999
2251.63,1790.6313799999998,212519.72764190467,460.9986200000003
1273.45,1903.7124499999998,397230.75588000217,630.2624499999997
1769.83,921.41232,719812.5597365822,848.4176799999999
920.41,1540.54928,384572.7265989184,620.13928
1816.38,1334.65319,232060.7194727762,481.7268100000001
3238.26,2911.4529,106802.88061041,326.8071
1631.45,1406.89713,50423.99142523689,224.55286999999998
1276.16,2433.18625,1338709.7431890627,1157.0262500000001
2244.92,2755.44062,260631.30344518417,510.5206199999998
676.06,641.75193,1177.0436671248951,34.30806999999993
1610.29,1377.4943799999999,54193.80069118445,232.7956200000001
1990.86,2676.55224,470173.8479962177,685.6922400000001
1711.19,1525.34949,34536.6951570601,185.84051
1763.9,1395.59882,135645.75918939253,368.30118000000016
3287.73,2622.7531,442194.2775336102,664.9769000000001
1957.88,1942.40182,239.57405611240205,15.478180000000066
2764.91,3018.5030800000004,64309.450223886684,253.59308000000055
844.29,1028.20766,33825.705659875624,183.91766000000007
3173.41,3192.1710699999994,351.9777475448836,18.761069999999563
1200.81,1528.10317,107120.81912864899,327.29317000000015
2162.8,2233.02016,4930.870870425579,70.22015999999985
3718.46,3288.72588,184671.41389217446,429.7341200000001
2688.12,2663.9167399999997,585.797794627611,24.203260000000228
918.58,994.81791,5812.218921168092,76.23790999999994
2304.06,3264.87759,923170.4412534083,960.8175900000001
1554.6,1816.3403899999998,68508.03175735206,261.74038999999993
1292.07,2286.2850499999995,988463.5656465016,994.2150499999996
1701.43,1341.18613,129775.6458725769,360.24387
1036.92,1864.3956799999999,684716.000991462,827.4756799999998
1015.21,2054.7516199999995,1080646.7797122234,1039.5416199999995
1577.08,2321.89423,554748.2372104928,744.81423
1453.29,1223.43284,52834.31400326561,229.85716000000002
1199.25,2264.72786,1135243.0701501796,1065.47786
819.13,1132.53636,98223.54648844965,313.40636000000006
3586.56,2874.4272300000002,507133.08210787247,712.1327699999997
724.44,1110.71048,149204.88371943033,386.2704799999999
1654.63,1626.14614,811.3302804996028,28.48386000000005
1774.65,1712.55357,3855.966618744907,62.096430000000055
2565.42,2193.97208,137973.55727232646,371.44792000000007
1653.54,1370.1585,80305.07454224997,283.38149999999996
1834.14,2010.33225,31043.708960062442,176.19224999999983
1475.86,2058.63475,339626.4092375628,582.7747500000003
2117.8,2480.52412,131568.7872297743,362.72411999999986
4829.09,3440.39245,1928480.8853760033,1388.6975500000003
707.59,879.80445,29657.81678880248,172.21444999999994
804.88,277.79967,277813.6742729089,527.08033
4299.88,2507.57795,3212346.6384342033,1792.3020500000002
2011.94,1593.2906400000002,175267.2866284095,418.6493599999999
708.5,1806.0998599999998,1204725.4526720191,1097.5998599999998
2176.14,2665.77746,239744.84223525153,489.6374599999999
2469.63,1703.7219,586615.2176456102,765.9081000000001
4035.01,3679.24791,126566.66468116821,355.76209000000017
1640.25,1359.6309299999998,78747.06244766501,280.6190700000002
2621.03,2984.4859300000003,132100.21305216497,363.4559300000001
3361.42,3578.98551,47334.75114156006,217.5655099999999
1358.06,1033.0769,105614.01528560994,324.9830999999999
1638.57,2840.76879,1445281.9306774645,1202.1987900000001
2191.26,2007.8579799999998,33636.30094008057,183.40202000000045
1141.16,1764.93622,389096.7726374884,623.77622
1201.52,1903.35374,492570.59860238765,701.83374
874.43,1052.41466,31678.539195315585,177.98465999999996
1332.76,1139.49968,37349.551286502436,193.2603200000001
2028.48,2152.3642099999997,15347.29748732403,123.88420999999971
1485.71,1320.79059,27198.41179474809,164.91940999999997
2525.78,3020.3637999999996,244613.13522243942,494.5837999999994
2055.06,2271.44397,46822.02247296084,216.38396999999986
1134.35,1199.94326,4302.475757427613,65.5932600000001
1308.76,1869.87084,314845.37476550566,561.11084
1275.49,1992.2139599999998,513693.23483808135,716.7239599999998
1311.05,1363.8011,2782.678551209995,52.75109999999995
1886.14,2044.2562500000001,25000.74851406251,158.11625000000004
680.69,1025.4861799999999,118884.40574259228,344.7961799999998
965.7,1196.1318,53098.81445124003,230.43180000000007
1278.94,2411.62906,1282984.5066436839,1132.6890600000002
999.36,794.02442,42162.70041393642,205.33558000000005
2635.42,2140.17294,245269.65043864376,495.24706000000015
1591.38,2459.25397,753205.227803561,867.8739700000001
2785.53,2803.3127400000003,316.2258419076037,17.782740000000103
1732.61,1594.9758199999997,18943.167504272467,137.63418000000024
1187.11,726.11547,212515.95668992086,460.99452999999994
1885.41,2278.33562,154390.5428523842,392.92561999999975
1576.64,2590.525,1027962.793225,1013.885
1729.35,2261.37898,283054.83555984043,532.02898
3720.86,2250.67587,2161441.376103857,1470.18413
883.87,1472.8158700000001,346857.237790057,588.9458700000001
1335.7,1687.7191699999998,123917.49604748876,352.0191699999998
2336.56,2474.7224499999998,19088.862590002445,138.1624499999998
3183.13,2540.43345,413058.85538190266,642.6965500000001
2979.21,3035.99397,3224.419248960895,56.783969999999954
4039.27,3185.45496,729000.1225302016,853.81504
2323.33,2325.24311,3.659989872099849,1.9131099999999606
736.27,938.4728299999999,40885.984460008876,202.20282999999995
663.84,780.7753700000001,13673.880757036908,116.93537000000003
819.6,723.96771,9145.534890644103,95.63229000000001
1999.28,2316.2359,100461.0425448101,316.95590000000016
730.66,1515.10896,615360.1708450817,784.44896
1275.7,2037.7949800000001,580788.7585412005,762.0949800000001
387.06,1101.16902,509951.69244536053,714.1090200000001
3642.7,1791.16563,3428179.5232912963,1851.5343699999999
1911.82,2428.5857,267046.78869649017,516.7657000000002
2289.39,1738.6929599999999,303267.22986476164,550.69704
1178.65,2237.53069,1121228.315654876,1058.88069
1524.92,1839.05923,98683.4558249929,314.13923
1461.28,1313.88509,21725.259493908095,147.39490999999998
952.21,1535.24966,339935.2451329155,583.0396599999999
1574.31,1962.43865,150643.84895082258,388.1286500000001
3549.22,3227.78025,103323.5128800625,321.43975
2691.31,2192.73876,248573.28135513735,498.57123999999976
1627.87,2116.32465,238587.94510662262,488.45465000000013
1794.82,1204.25677,348764.92862803285,590.56323
2021.17,2108.55076,7635.397218177602,87.38076000000001
4297.58,3407.53695,792176.6308533021,890.0430499999998
1957.04,2768.06227,657757.1224359528,811.0222699999999
1415.57,1165.1370200000001,62716.677471680305,250.43297999999982
1032.99,370.54302,438836.00131112034,662.4469799999999
2823.45,3206.5817700000002,146789.95318333321,383.1317700000004
1155.68,1017.96713,18964.83456363692,137.71287000000007
2300.04,2515.70292,46510.49506292649,215.6629200000002
1215.8,1950.24738,539412.9539888646,734.4473800000001
1869.69,1576.7858599999997,85792.83522913979,292.9041400000003
1681.4,2182.5699,251171.26866600988,501.16989999999987
1075.09,2221.63183,1314558.1679397486,1146.54183
1911.76,2290.52689,143464.35696027218,378.7668900000001
1167.88,1736.83224,323706.65140101744,568.9522399999998
1097.77,643.41563,206437.89353809692,454.35437
1349.23,1859.2716,260142.43373056,510.0416
2653.1,2155.7130899999997,247393.73823934828,497.38691000000017
1432.15,1857.14532,180621.0220219024,424.99532
3214.74,2891.3122000000003,104605.54181283966,323.4277999999995
1019.94,552.51915,218482.25101472257,467.4208500000001
1184.33,1210.5425,687.0951562500047,26.21250000000009
1996.15,2381.3194999999996,148355.54373024963,385.1694999999995
2168.81,2431.69809,69110.14786384806,262.8880899999999
2776.0,2828.6491899999996,2771.9372076560617,52.649189999999635
4503.7,3343.5828,1345871.9177358393,1160.1171999999997
1650.52,2233.02016,339306.4364000257,582.50016
1253.75,1946.1810799999998,479460.80054996617,692.4310799999998
3697.94,2126.1348,2470571.586747041,1571.8052000000002
2912.6,2980.2440899999997,4575.72291192807,67.64408999999978
2136.0,1376.4366,576936.55861956,759.5634
2501.57,2745.4473,59476.13745528983,243.87729999999965
3928.71,3329.5308099999997,359015.7017290564,599.1791900000003
3554.92,3576.3356999999996,458.6322064899812,21.41569999999956
2664.19,1725.87429,880436.3716328043,938.3157100000001
2736.38,2615.8614499999994,14524.720894102666,120.51855000000069
1385.56,1387.03584,2.178103705600183,1.475840000000062
2812.5,2778.3027999999995,1169.4484878400356,34.19720000000052
1174.79,1549.66036,140527.78680652968,374.8703600000001
1186.3,1403.8169400000002,47313.61918696369,217.5169400000002
2612.67,1646.37999,933716.3834258004,966.2900100000002
1206.18,1681.18623,225630.91853881287,475.00622999999996
3201.41,2101.6591099999996,1209452.0200557928,1099.7508900000003
2901.13,3295.5136599999996,155538.47127499522,394.3836599999995
795.51,1373.61125,334201.05525156244,578.1012499999999
4430.82,2940.0665599999998,2222345.8188718334,1490.75344
2039.34,1936.04442,10669.976847536394,103.29557999999997
1381.05,1296.9423000000002,7074.105199289966,84.1076999999998
1587.96,2614.37329,1053524.241888624,1026.41329
863.12,1492.8527,396563.2734492899,629.7326999999999
1299.29,1836.4094200000002,288497.27134113666,537.1194200000002
2420.46,2396.78798,560.3645308803988,23.672019999999975
1357.55,2701.38664,1805896.9150064902,1343.8366400000002
2861.13,2013.05373,719233.3597371129,848.07627
1772.96,2043.79367,73350.87680566889,270.83367
1262.7,1156.38465,11302.953645622518,106.31535000000008
3115.4,3358.67872,59184.5356048383,243.2787199999998
2583.47,3219.0995499999995,404024.92483320204,635.6295499999997
1129.54,1816.87464,472428.90734392963,687.33464
1494.07,1690.7276899999997,38674.24703613601,196.65768999999977
3551.38,3220.33287,109592.20228123685,331.0471299999999
1989.44,1325.1834,441236.8306435602,664.2566000000002
1301.68,1637.80316,112978.77868838552,336.12315999999987
2809.41,2909.23347,9964.725162840954,99.82347000000027
1425.58,2138.42994,508155.0369580037,712.8499400000001
2189.92,1760.42569,184465.36232237614,429.49431000000004
3594.41,2795.29164,638590.1532890894,799.1183599999999
4291.4,3312.14379,958942.7248235632,979.2562099999996
2109.6,2063.8627,2091.9006112899797,45.73729999999978
1897.76,2730.96493,694230.455376305,833.2049300000001
1604.53,1327.40283,76799.46835220889,277.12717
2473.94,1698.94581,600615.9945337563,774.9941900000001
1704.95,2320.3021999999996,378658.3300448395,615.3521999999996
1407.6,1407.25584,0.1184461055999135,0.34415999999987434
1444.49,2010.76263,320664.69148711686,566.2726299999999
1460.98,2349.8804899999996,790144.0811222392,888.9004899999995
864.09,1013.4704499999999,22314.518842202466,149.38044999999988
2738.8,2841.4678599999997,10540.68947697951,102.66785999999956
1591.16,1963.06605,138314.11002660237,371.9060499999998
1096.73,1551.95146,207226.5776445316,455.22146
1246.29,1867.5797400000001,386000.9410292678,621.2897400000002
2015.61,2828.14714,660216.6038793798,812.5371400000001
3416.5,2577.70633,703574.8208320689,838.79367
996.25,940.76393,3078.7039640449043,55.48607000000004
1377.63,1899.0187500000002,271846.2286265626,521.3887500000001
1448.78,1245.0617,41501.14575489,203.7183
3971.63,3652.74981,101684.5755744363,318.8801900000003
2025.65,2752.96635,528989.0729773226,727.31635
1792.78,2364.29119,326625.040295216,571.5111899999999
2193.06,2109.6085399999997,6964.146176131638,83.45146000000022
2513.54,2137.09275,141712.53203256262,376.44725000000017
2108.63,1805.47246,91904.49405885169,303.15754000000015
1744.84,2721.95772,954759.0387379983,977.11772
1398.54,465.5058,870552.8183696399,933.0341999999999
3643.8,2144.68347,2247350.370519242,1499.1165300000002
2062.86,1743.4690500000002,102010.57894190248,319.39095
1149.36,1887.8135899999997,545313.7045838878,738.4535899999998
2258.78,2009.45001,62165.44391340019,249.32999000000018
2896.75,2250.67587,417411.78145525686,646.07413
1031.73,1495.07213,214685.9294329369,463.34213
1600.64,1043.30358,310623.8850584165,557.3364200000001
4361.18,3821.90727,290815.077321653,539.2727300000001
2069.99,2099.99541,900.3246292681126,30.00541000000021
3031.56,2457.76581,329239.7724777562,573.7941900000001
3284.28,2910.3629199999996,139813.98271572686,373.9170800000006
2050.04,2100.60133,2556.4480913689,50.56133
1807.38,1417.4963699999998,152009.24494197711,389.88363000000027
1088.39,997.46772,8266.861000398421,90.92228000000011
1295.09,1296.9423000000002,3.4310152900008934,1.8523000000002412
2001.28,2052.20568,2593.424883462406,50.92568000000006
1531.35,1827.8325900000002,87901.92617310828,296.4825900000003
1336.78,1732.4394300000001,156546.38454792503,395.65943000000016
2009.85,2408.2801799999997,158746.60833483227,398.43017999999984
1490.27,2432.12847,887097.3775107411,941.8584700000001
1645.52,1672.8064200000001,744.5487164164074,27.286420000000135
2147.93,1959.89271,35358.022430544006,188.03728999999976
1059.8,1474.9314299999999,172334.10417384483,415.1314299999999
1977.65,576.36744,1963592.812960154,1401.28256
1539.18,1872.5206500000002,111115.98894242257,333.3406500000001
1360.17,1768.62996,166839.53892320153,408.4599599999999
2317.71,3043.15431,526269.4469113759,725.4443099999999
1017.79,1504.0793399999998,236477.32219763543,486.2893399999998
1550.97,2592.11703,1083987.1380778207,1041.1470299999999
2848.25,3583.85475,541114.3482225625,735.60475
2601.79,3166.1033499999994,318449.5569882219,564.3133499999994
1076.3,943.41374,17658.7580967876,132.88626
1722.0,860.8254000000001,741621.6916851599,861.1745999999999
1285.22,1085.4457,39909.770940490016,199.77430000000004
1559.72,1535.62222,580.7030009284027,24.097780000000057
2184.14,2226.57274,1800.5374239076166,42.432740000000194
1867.74,2598.10187,533428.4611498968,730.36187
958.14,978.65036,420.67486732959964,20.51035999999999
2709.86,2670.4496799999997,1553.1733225024325,39.41032000000041
867.34,116.59164000000001,563623.1000426897,750.74836
1330.72,1709.2763599999998,143304.91769644947,378.5563599999998
2127.44,2366.5822900000003,57189.03486644421,239.14229000000023
2565.73,3478.2927299999997,832770.7361850522,912.5627299999996
879.0,754.90467,15399.650927808898,124.09532999999999
615.02,1455.3249799999999,706112.4594128003,840.3049799999999
798.35,1621.9043,678241.6850484898,823.5542999999999
1337.1,1562.3751599999998,50748.89771302556,225.27515999999991
1583.29,2109.53687,276935.76818479685,526.24687
1251.97,1489.14511,56252.032803512055,237.1751099999999
1531.72,1586.7577,3029.1484212900095,55.037700000000086
3591.75,2396.89185,1427685.9986214226,1194.85815
1451.33,1655.9214499999998,41857.661413102454,204.5914499999999
1119.26,2340.87328,1492339.0058723579,1221.6132799999998
2304.29,2155.64142,22096.40033601641,148.64858000000004
1685.98,1179.9781,256037.92280360998,506.0019
1624.47,2174.26176,302270.9793638974,549.7917599999998
2064.78,1910.0698499999999,23935.230513022605,154.71015000000034
3064.62,2489.2048200000004,331102.62937443185,575.4151799999995
3638.72,2935.3728600000004,494697.19934617874,703.3471399999994
1772.01,2091.49025,102067.63014006239,319.48024999999984
2516.91,2129.31886,150226.8918064996,387.59114
988.7,668.25003,102688.1832730009,320.44997
1257.96,1984.6949100000002,528143.6294127083,726.7349100000001
2148.88,2694.9253699999995,298165.5460984362,546.0453699999994
974.86,1819.5244500000001,713458.0330938026,844.6644500000001
1756.33,1715.20338,1691.3988726244002,41.12662
2474.87,2053.33513,177691.64662591685,421.53486999999996
803.47,707.01107,9304.325176744902,96.45893000000001
1784.79,1959.46233,30510.422867628935,174.6723300000001
1486.83,1249.93094,56121.164628883584,236.89905999999996
1995.09,2030.4729499999999,1251.9531507024956,35.38294999999994
1105.85,1288.44477,33340.85003135296,182.59477000000015
2397.12,1957.8381,192968.58766760994,439.28189999999995
2330.07,1714.1455999999998,379362.8665153604,615.9244000000003
1592.22,1558.8431100000003,1114.016786072085,33.376889999999776
3804.39,2969.6448499999997,696799.4654485228,834.7451500000002
752.22,713.36847,1509.441383340902,38.851530000000025
3110.18,2274.88287,697721.2953862367,835.2971299999999
1391.87,2864.61708,2168983.9616485266,1472.74708
994.76,922.5739699999999,5210.822927160911,72.18603000000007
2301.34,2478.86042,31513.49951697634,177.52041999999983
664.44,508.27531999999997,24387.40727950243,156.1646800000001
2960.65,3290.21404,108612.45646112143,329.56403999999975
913.12,1232.9743,102306.77322849006,319.8543000000001
3282.92,3329.9611899999995,2212.8735566160494,47.04118999999946
864.46,545.37266,101816.73054827562,319.08734000000004
2453.3,1786.9237899999998,444057.2532539646,666.3762100000004
3068.69,2162.53307,821120.3817870251,906.1569300000001
2441.1,2155.11789,81785.76724005205,285.9821099999999
1437.82,1468.57403,945.8103612409035,30.754030000000057
1714.78,1883.6434199999999,28514.854614096366,168.8634199999999
2364.44,2652.2597199999996,82840.19122087811,287.8197199999995
1012.49,1610.17561,357228.0884010721,597.68561
1819.1,2195.81895,141917.16728910245,376.71894999999995
1710.84,1971.6214,68006.93858596004,260.7814000000001
2628.97,1695.77247,870857.6299981003,933.1975299999997
1522.27,1663.06794,19824.05990824358,140.79793999999993
3260.7,2808.8671999999997,204152.8791558401,451.83280000000013
2308.97,1855.2846,205830.44217315986,453.68539999999985
2373.59,3172.995,639048.3540249995,799.4049999999997
2013.33,2821.86141,653723.0409565882,808.53141
1286.32,1506.83302,48625.991989520444,220.5130200000001
3201.32,2675.57376,276409.1088741375,525.74624
1312.37,528.67086,614184.3420367395,783.6991399999999
1954.36,2865.67486,830494.77405682,911.3148600000002
3345.27,2225.7698,1253280.6978000398,1119.5002
3159.3,3137.75838,464.0413922243985,21.541619999999966
1224.21,1171.9248,2733.742139040003,52.28520000000003
1610.82,2429.04828,669497.5181917584,818.22828
2636.54,2447.23824,35835.156339097535,189.30175999999983
814.71,286.17948,279344.5105714704,528.53052
1420.35,1526.9415199999999,11361.752135910388,106.59151999999995
1747.48,1968.43734,48822.14609987557,220.95733999999993
2993.35,3214.96158,49111.692390096505,221.61158000000023
3934.61,3552.05703,146346.77485582104,382.5529700000002
1483.41,1668.1127199999999,34115.09477539831,184.70271999999977
2784.35,1797.5230299999998,973827.468719381,986.8269700000001
3826.76,2846.69581,960525.8165203562,980.06419
2940.98,2210.40519,533739.5530065362,730.5748100000001
1910.63,2841.82657,867127.0519797651,931.1965700000001
1209.93,275.14986,873813.9101384197,934.7801400000001
1762.83,1987.08988,50292.49377761443,224.25988000000007
4672.6,3227.78025,2087504.109990064,1444.8197500000006
2421.34,2447.23824,670.7188350975994,25.898239999999987
2501.68,2429.4786599999998,5213.033497795611,72.20134000000007
4113.05,3336.0637500000003,603707.6326890624,776.9862499999999
2334.81,2190.08895,20944.18231310253,144.7210500000001
2468.24,2586.4587,13975.661029690084,118.21870000000035
706.56,692.5287000000001,196.87737968999645,14.031299999999874
784.17,652.42284,17357.3141680656,131.74716
2738.53,2520.1996,47668.163564160124,218.33040000000028
1191.7,1612.46671,177044.624244224,420.7667099999999
4333.05,2934.76694,1955195.5158829642,1398.2830600000002
1392.57,1922.86704,281214.95063276176,530.2970400000002
1624.97,1793.28119,28328.656679216067,168.3111899999999
1569.35,1864.3956799999999,87051.95328666236,295.04567999999995
1608.39,2131.34127,273478.0307946127,522.9512699999998
832.29,1134.20006,91149.68432920356,301.91005999999993
1545.49,1895.93856,122814.19320607363,350.44856000000004
1039.74,1199.94326,25665.0845146276,160.20326
1978.77,2889.52315,829471.3002349226,910.75315
797.41,304.29777,243159.67137557286,493.11222999999995
536.42,278.23005,66662.05028100248,258.18994999999995
709.47,1008.4256700000001,89374.49262514894,298.95567000000005
1148.47,1885.23545,542823.3283137024,736.7654499999999
1857.89,1371.39182,236680.47914331243,486.49818000000005
2697.7,2534.50643,26632.14128934487,163.1935699999999
1680.01,2037.3645999999999,127702.31014115992,357.3545999999999
2847.15,2080.99488,586993.6679022142,766.1551199999999
2132.82,1285.9705,717154.0756502504,846.8495000000003
1371.11,1006.93751,132621.60247280003,364.1724899999999
2904.38,2156.8747399999997,558764.1137276682,747.5052600000004
1335.38,1750.9881,172730.09278560994,415.6080999999999
952.28,1012.66751,3646.6513640001026,60.38751000000002
1159.57,999.4184599999999,25648.515764371623,160.15154000000007
1174.05,1904.31837,533291.8922224569,730.26837
1889.53,2015.63187,15901.68161749689,126.10186999999996
3388.03,2673.09949,511125.6341288603,714.9305100000001
1140.21,1845.9508799999999,498070.18970317417,705.7408799999998
2052.93,2025.70758,741.0601506563906,27.22241999999983
1729.8,1753.6379100000001,568.2459531681092,23.837910000000193
1130.4,681.49908,201512.03597684644,448.90092000000004
561.61,1084.48107,273394.1558429449,522.87107
2088.07,2341.6762200000003,64316.11482268846,253.60622000000012
3155.21,2928.9115899999997,51210.97036852825,226.29841000000033
2095.45,2016.2377900000001,6274.57421308405,79.21220999999969
1995.58,2343.79178,121251.44373076846,348.2117800000001
1944.87,2427.5279200000004,232958.66773872694,482.65792000000056
1866.56,2792.5379599999997,857435.1824057611,925.9779599999997
1934.75,1539.8640599999999,155934.9056096837,394.8859400000001
1256.29,1636.5698399999999,144612.75671042554,380.2798399999999
2352.89,3072.30222,517553.94228532864,719.4122200000002
4164.52,2726.46825,2067992.835678064,1438.0517500000005
1951.0,1800.90411,22528.776194892118,150.09589000000005
1755.06,1744.88554,103.51963629159906,10.174459999999954
2416.42,3086.6090499999996,449153.3627399018,670.1890499999995
1235.49,1779.60176,296057.6073702976,544.11176
3812.09,3082.09852,532887.5608725906,729.9914800000001
2608.05,2556.76269,2630.3881670361166,51.28731000000016
2108.29,1806.5302399999998,91058.95275525769,301.75976000000014
2118.67,1505.8469100000002,375552.13963714795,612.8230899999999
3619.35,2404.7374099999997,1475283.7437865085,1214.6125900000002
2177.61,1784.27398,154713.22462944055,393.3360200000002
2602.42,2350.9382699999996,63243.060523793116,251.48173000000043
2788.48,2319.1405499999996,220279.51932630286,469.3394500000004
1528.87,2329.30941,640703.2490811481,800.43941
2006.46,1988.61024,318.61393205760214,17.84976000000006
1702.88,2271.44397,323264.9879821606,568.5639699999997
1246.9,1041.45671,42206.94540602417,205.44329000000016
3573.01,3328.11432,59973.89408266244,244.89568000000008
2225.27,852.51726,1884450.0851775073,1372.75274
1228.39,2023.5812999999998,632329.2035956896,795.1912999999997
1437.56,2124.37795,471718.8964422027,686.8179500000001
962.06,1415.6495,205743.43451025005,453.58950000000004
575.16,1125.0173100000002,302343.0613604363,549.8573100000002
1631.83,1397.63508,54847.26055380636,234.1949199999999
2116.08,2186.38136,4942.281217849591,70.30135999999993
1312.82,769.74575,294929.6410130624,543.0742499999999
3828.45,3626.25171,40884.14847892403,202.19828999999982
728.94,1045.09263,99952.48545591693,316.15263000000004
1916.71,1378.2834699999999,289903.1282078411,538.4265300000002
1449.27,2333.62292,782080.0871125261,884.3529199999998
2513.67,2690.8590699999995,31395.966527464705,177.18906999999945
1080.0,828.04157,63483.05044806491,251.95843000000002
992.4,1455.39665,214365.89791122245,462.99664999999993
2424.37,1826.13669,357883.0931935559,598.2333099999998
1313.7,1092.4305,48960.19163025005,221.2695000000001
828.25,1546.58017,515998.23313222884,718.33017
2818.41,2447.59695,137502.3180503023,370.81304999999975
1037.35,2025.6037099999999,976645.395328764,988.25371
1272.98,1871.9147299999997,358722.81080017256,598.9347299999997
1970.14,2071.38175,10249.891943062483,101.24174999999991
2316.39,2415.3366499999997,9790.439546222473,98.94664999999986
2704.08,2860.3752400000003,24428.202046657716,156.29524000000038
919.3,620.62512,89206.68394301434,298.6748799999999
2261.47,2598.10187,113321.01589969701,336.63187000000016
975.65,1058.41335,6849.77210322251,82.76335000000006
1326.47,2217.3899899999997,793738.4285815995,890.9199899999996
2161.9,1825.0789099999997,113448.44666878835,336.82109000000037
3553.63,2530.00975,1047798.4162100623,1023.6202499999999
656.65,1562.80554,821117.8626726918,906.1555400000001
2628.84,2006.72853,387022.681105561,622.11147
2865.49,2203.40967,438350.3633729086,662.0803299999998
1266.98,1927.56074,436366.9140589474,660.5807399999999
2698.33,3125.9258199999995,182838.18528147202,427.59581999999955
2088.3,1022.1051,1136771.5647860104,1066.1949000000002
1027.84,1393.3932399999999,133629.17127449758,365.55323999999996
1741.85,1733.75205,65.57679420249765,8.097949999999855
1810.47,616.11459,1426484.8453962684,1194.3554100000001
2884.82,3054.54264,28805.774528569586,169.72263999999996
3730.49,3403.72549,106775.04499554008,326.76451
2522.39,2771.44335,62027.571146222566,249.05335000000014
2530.31,2329.9153300000003,40158.02376440877,200.39466999999968
4313.06,3510.5208300000004,644069.1193842889,802.53917
3629.38,2840.41008,622473.5346648064,788.96992
1523.01,2702.97867,1392326.062181569,1179.96867
2125.66,2660.4778399999996,286030.12198226526,534.8178399999997
856.35,1105.05215,61852.75941462248,248.70214999999996
1268.95,2017.6542799999997,560558.098890318,748.7042799999997
3848.82,3016.9110499999997,692072.5010901033,831.9089500000005
4728.09,3022.3862099999997,2909425.4192203656,1705.7037900000005
1289.49,1100.4838,35723.34363844001,189.00620000000004
1445.61,818.42844,393356.7092040334,627.1815599999999
3808.14,2797.9414500000003,1020501.1104221017,1010.1985499999996
2094.87,2771.7698599999994,458193.420468019,676.8998599999995
1488.35,1827.40221,114956.40110588414,339.05221000000006
2870.36,1808.0184,1128569.6750905605,1062.3416000000002
828.17,563.92133,69827.35959676887,264.24866999999995
3043.36,2652.2597199999996,152959.42901607885,391.10028000000057
1725.95,1855.2846,16727.438757159976,129.3345999999999
1474.09,2335.21495,741536.1795125027,861.1249500000001
2833.35,2579.19449,64595.023263360126,254.15551000000005
1563.84,1308.15509,65374.77320170807,255.68490999999995
1587.62,1703.5463599999998,13438.920942849583,115.92635999999993
3779.24,3382.52701,157381.1964347401,396.71299
2102.61,2154.58364,2701.2592548495695,51.973639999999705
2965.07,2592.90612,138505.95357665446,372.16388000000006
1321.47,2484.1600399999998,1351848.129115201,1162.6900399999997
1509.36,1210.6141699999998,89249.07094238893,298.74583000000007
2232.82,2040.08608,37146.36391856645,192.73392000000013
854.79,971.32833,13581.18235918892,116.53833000000009
2582.81,2915.23216,110504.49245906564,332.4221600000001
1628.26,2286.46059,433228.0166763483,658.2005900000001
3679.49,2183.37284,2238366.5564464647,1496.1171599999998
2930.77,1757.24163,1377168.8351948569,1173.52837
2466.54,3097.2082899999996,397742.49201152363,630.6682899999996
1766.95,2631.50547,747456.1607069209,864.55547
1290.93,1689.23953,158650.4816888209,398.30953
1912.93,2592.8022499999997,462226.27632006205,679.8722499999997
3128.75,3022.6410499999997,11259.10927010256,106.10895000000028
1619.7,2202.8144700000003,340022.48512338114,583.1144700000002
2648.2,3045.00118,157451.17644939272,396.8011800000004
1605.75,1634.7229699999998,839.4329906208886,28.972969999999805
1910.21,1327.93708,339041.75336532656,582.2729200000001
1545.2,1678.6080900000002,17797.718477448136,133.40809000000013
1098.38,293.69853,647512.2681613611,804.6814700000001
2364.07,2266.1443499999996,9589.432927922615,97.92565000000059
1105.74,1967.3078899999998,742299.2290790518,861.5678899999998
1358.05,1395.59882,1409.9138833923982,37.54881999999998
4319.53,3473.7822,715289.3412048394,845.7477999999996
1069.67,304.29777,585794.650455173,765.3722300000001
3249.72,2789.63331,211679.76231515576,460.08668999999963
2302.85,1497.89748,647948.5594543502,804.9525199999998
1835.42,1480.40659,126034.52127982811,355.01341
1226.64,1910.50023,467664.8141756529,683.86023
2760.14,2557.5656299999996,41036.37538089701,202.57437000000027
3760.37,2475.9557700000005,1649719.9142264915,1284.4142299999994
2190.41,991.89941,1436427.6343421477,1198.5105899999999
1113.58,1343.04685,52655.03524892251,229.46685000000002
2834.62,2063.07361,595283.831922032,771.54639
1406.63,1711.9261699999997,93205.75141666867,305.2961699999996
1936.97,2509.6003600000004,327905.52919373,572.6303600000003
1728.86,2084.52693,126498.96509562497,355.6669300000001
1871.86,3073.3599999999997,1443602.2499999995,1201.4999999999998
2992.66,2589.72206,162358.98349144345,402.9379399999998
1681.71,1654.86367,720.7254344689043,26.84633000000008
2572.49,2761.70487,35802.26702911699,189.21487000000025
2354.19,2812.75033,210277.5762497087,458.5603299999998
2038.31,2676.48057,407261.6764141252,638.1705700000002
685.76,525.59067,25654.214272648882,160.16932999999995
1663.74,1578.0191799999998,7348.05898147244,85.72082000000023
1664.15,1290.0367999999999,139960.68641424016,374.11320000000023
1258.35,1710.33414,204289.66281153963,451.98414
542.93,333.44568000000004,43883.68032586236,209.4843199999999
918.61,792.36072,15938.880700518399,126.24928
2104.79,2025.34887,6310.893135676889,79.44112999999993
1802.22,1849.65847,2250.408435940905,47.43847000000005
2058.29,1659.73291,158847.75398926812,398.55709
449.06,153.68898,87244.03945584042,295.37102000000004
1956.95,1928.25981,823.1270022361017,28.69019000000003
2236.22,2810.02885,329256.5963383229,573.8088500000003
466.44,169.58784000000003,88121.20489666559,296.85215999999997
1350.34,1886.82748,287818.8161967504,536.48748
2666.82,2602.97111,4076.6807542321267,63.84889000000021
1700.37,1957.8703,66306.40450009008,257.50030000000015
2275.95,1825.0789099999997,203284.73979778818,450.8710900000001
2914.19,3325.89489,169500.91644991207,411.70489
4409.2,3225.20211,1401851.0035244513,1183.9978899999996
3880.27,2735.1029,1311407.6869224103,1145.1671000000001
1666.71,1641.6146199999998,629.7780973444103,25.095380000000205
3021.66,1668.74012,1830392.2016992143,1352.91988
2797.18,2868.95207,5151.230032084898,71.77206999999999
1666.79,1260.45851,165105.27976562013,406.33149000000003
1517.61,1759.6366,58576.87510756007,242.02660000000014
2649.65,1755.12607,800173.061342645,894.5239300000001
1963.86,874.0744500000001,1187632.5449888022,1089.7855499999998
800.67,938.11412,18890.8861225744,137.44412
1664.32,2571.17339,822383.0709544921,906.85339
2018.6,1862.4449399999999,24384.402763603615,156.15506000000005
2319.14,1969.7028599999999,122106.3148113796,349.43714
2509.38,1850.8917900000001,433606.72270900407,658.48821
1318.45,1170.7953499999999,21801.895666622553,147.65465000000017
1930.47,1909.1876100000002,452.9401241120936,21.28238999999985
3244.94,2852.0670999999998,154349.11555441024,392.8729000000003
1125.36,962.32112,26581.676391654382,163.03887999999995
2688.94,2914.1743800000004,50730.52593398455,225.23438000000033
4182.96,2504.99981,2815550.399224837,1677.9601900000002
2281.12,2363.7569399999998,6828.863852563578,82.63693999999987
2170.1,2737.49787,321940.34288053715,567.3978700000002
2506.92,2105.20188,161377.44793633439,401.71812
907.92,689.4485099999999,47729.791942820106,218.47149000000002
3257.9,2812.3199499999996,198541.58095800292,445.5800500000005
4703.14,2657.20063,4185867.905715999,2045.9393700000005
1381.01,2174.19009,629134.6551724082,793.1800900000001
1046.59,1425.0154200000002,143205.7985021766,378.42542000000026
877.61,672.13316,42220.73177638562,205.47684000000004
993.16,1149.66854,24494.923092931578,156.50853999999993
1735.19,2345.81419,372861.9014131561,610.62419
1088.2,1468.6456999999998,144738.93064848983,380.44569999999976
2061.1,2044.9553199999998,260.65069230240346,16.144680000000108
1344.06,1592.6847199999997,61814.251395078296,248.6247199999998
1053.77,1176.52535,15068.875953622477,122.75534999999991
1212.16,1060.36409,23041.998292728116,151.79591000000005
1003.93,1113.36029,11974.988369484128,109.43029000000013
2208.03,2333.65512,15781.670775014323,125.6251199999997
739.38,1092.16181,124455.00546687614,352.78181000000006
1144.14,1950.24738,649809.1080904643,806.1073799999999
3639.68,3492.3308700000002,21711.766111756784,147.3491299999996
3501.66,3091.28127,168410.7020364128,410.3787299999999
2493.61,3103.66956,372172.6667473932,610.0595599999997
1289.09,1559.9008900000001,73338.53814259221,270.8108900000002
1287.11,1963.4964300000001,457498.60268814524,676.3864300000002
2135.87,1586.3273199999999,301997.1571415824,549.54268
3297.66,1730.74353,2455227.2239572606,1566.91647
2591.14,2625.65775,1191.4750650624985,34.51774999999998
1767.17,1653.19997,12989.16773820094,113.97003000000018
4095.54,2113.42,3928799.6943999995,1982.12
1600.64,1597.6256299999998,9.086426496901968,3.0143700000003264
2392.75,2096.46336,87785.77304248948,296.2866399999998
1530.29,2291.68854,579727.7367141318,761.3985400000001
996.57,688.03202,95195.68510248043,308.53798000000006
812.76,1381.5606799999998,323534.21356846223,568.8006799999998
4179.47,3059.3080099999997,1254762.8838407611,1120.1619900000005
1457.15,2372.1367499999997,837200.7526755617,914.9867499999996
1931.94,2266.1443499999996,111692.54755892218,334.2043499999995
1890.86,2721.95772,690723.4201891983,831.09772
2126.07,2836.52695,504749.0778033022,710.4569499999998
3324.94,2464.01934,741184.382814836,860.9206600000002
1630.82,1431.1041300000002,39886.42872985681,199.71586999999977
2020.33,1930.2105499999998,8121.515268302525,90.11945000000014
2752.28,2361.2110000000002,152934.96276099997,391.06899999999996
2065.59,2561.0045299999997,245435.55653512047,495.41452999999956
1360.56,1636.1394599999999,75944.03877389156,275.5794599999999
1528.88,1175.73626,124710.50110118775,353.1437400000002
1056.97,1913.6842900000001,733959.3746902043,856.7142900000001
2546.14,2623.55604,5993.243249281611,77.41604000000007
1908.71,1592.86026,99761.05825806767,315.8497400000001
3570.85,3198.63234,138545.98641587544,372.2176599999998
3467.66,2968.58707,249073.7894587847,499.0729299999998
1035.89,1452.67517,173709.8779319288,416.7851699999999
3909.72,2136.21051,3145335.91112006,1773.50949
3334.6,3138.1170899999997,38605.53392206817,196.48291000000017
3381.26,2526.12662,731253.0975902248,855.1333800000002
1364.6,1314.1537799999999,2544.821112288404,50.44622000000004
814.65,1164.40575,122329.08465806245,349.7557499999999
692.68,1106.46864,171221.03859304969,413.7886400000001
3738.32,2977.76982,578436.5762980327,760.5501800000002
1513.68,2375.5895,742887.9861902499,861.9095
1215.71,1612.29117,157276.62439856885,396.58116999999993
974.46,1324.85689,122777.98052167209,350.39689
2315.08,2025.70758,83736.39745665636,289.3724199999999
1384.37,1691.35509,94239.84548230818,306.9850900000001
3290.19,2605.7964600000005,468394.517593731,684.3935399999996
671.04,678.84927,60.9846979329013,7.809270000000083
1386.09,912.83549,223969.83123533998,473.25450999999987
1604.71,1566.6886699999998,1445.6215349689198,38.02133000000026
1394.17,1890.99765,246837.71380452244,496.82764999999995
706.99,740.59784,1129.4869094656008,33.60784000000001
1397.92,1229.09117,28503.17383916895,168.82883000000015
4749.67,2651.90101,4400634.73540562,2097.76899
709.45,711.07737,2.648333116899766,1.627369999999928
3088.51,1714.84467,1886956.4388440095,1373.6653300000003
999.68,1172.35518,29816.717788032423,172.67518000000007
1828.76,1918.01928,7967.219066118399,89.25927999999999
4677.3,3267.5274,1987458.7837107608,1409.7726000000002
1867.25,1664.9286599999998,40933.92461939568,202.3213400000002
1687.56,1565.8279099999997,14818.701735768149,121.7320900000002
1576.39,1158.6757499999999,174485.19465306267,417.7142500000002
1198.14,1801.3344900000002,363843.5927663602,603.1944900000001
2835.44,3223.9687899999994,150954.62065886363,388.5287899999994
3592.84,2452.5378600000004,1300288.970488579,1140.3021399999998
3662.56,2276.1161899999997,1922226.4382873166,1386.4438100000002
926.94,725.12936,40727.534417209616,201.81064000000003
2279.41,2502.70871,49862.31388766411,223.29871000000003
2592.55,2155.11789,191346.85085905227,437.4321100000002
1769.66,1839.7444500000001,4911.830131802509,70.08445000000006
1606.21,1939.28943,110941.9066891249,333.07943
2426.84,1983.741,196336.72380100013,443.09900000000016
1603.01,2559.5880400000005,915041.5466102427,956.5780400000006
1479.95,804.62366,456065.6654977957,675.3263400000001
2671.89,2189.0311699999997,233152.64970896902,482.8588300000001
1312.52,1972.71138,435852.6582263044,660.19138
850.49,942.18042,8407.133119776403,91.69042000000002
1438.43,594.91611,711515.6826229322,843.5138900000001
1693.75,2674.26114,961402.0956640998,980.5111400000001
4052.39,3177.86424,764795.3049035775,874.52576
1262.04,1568.8364299999998,94124.04946074482,306.7964299999999
2795.35,1537.21425,1582905.5654280623,1258.13575
1279.29,842.77878,190542.0451858884,436.51122
1003.85,1024.06969,408.83586369610055,20.219690000000014
2268.42,2134.94499,17815.57829450013,133.4750100000001
1677.68,1949.88867,74097.56002316889,272.20867
1455.5,1277.4868199999999,31688.692253712452,178.01318000000015
2645.06,1688.77695,914477.2717173025,956.28305
2847.32,2652.70395,37875.40691760254,194.6160500000001
2140.1,2824.3356799999997,468178.4657850621,684.2356799999998
1362.87,1707.756,118946.35299600013,344.8860000000002
2508.63,2527.79032,367.11786250239834,19.160319999999956
2763.07,2989.78555,51399.94061180245,226.7155499999999
1574.5,1832.2392499999999,66429.52099056242,257.73924999999986
3844.4,2962.92874,776991.582205988,881.4712600000003
972.89,539.2701,188026.21767601,433.61990000000003
1341.23,1229.7902399999998,12418.820108857646,111.4397600000002
1411.61,1189.7744,49211.03342735995,221.83559999999989
3295.99,2945.7965599999998,122635.44541903361,350.19344
1555.34,2234.52217,461288.42004590924,679.1821700000003
4259.1,2733.86958,2326327.8340933775,1525.2304200000003
3260.75,3074.59332,34654.30950862242,186.15668000000005
2190.59,1277.41515,833888.3066725227,913.1748500000001
2024.36,2166.84658,20302.4254800964,142.48658
1885.91,2167.57785,79336.77772362252,281.66785000000004
1386.33,2409.33796,1046545.2862233614,1023.0079599999999
2595.76,2094.1400599999997,251622.5642056041,501.6199400000005
1339.77,714.09974,391463.2742484676,625.67026
2748.51,2677.96873,4976.070773212924,70.54127000000017
1331.95,894.28682,191549.05912771242,437.66318
2128.82,1702.91896,181391.69587308177,425.9010400000002
2425.56,2492.2133400000002,4442.66773315564,66.6533400000003
1390.49,2036.37849,417171.94151448016,645.88849
2151.49,1865.1986200000001,81962.75426230421,286.29137999999966
3394.6,3320.5236,5487.3130369599885,74.07639999999992
1638.84,1922.43666,80427.06556315569,283.59666000000016
2181.27,2792.64183,373775.51451754896,611.37183
2740.01,3166.1033499999994,181555.54291422182,426.0933499999992
3446.64,1759.36791,2846887.105692968,1687.27209
648.17,249.08214,159271.1199993796,399.08786
1384.26,1910.50023,276928.779670453,526.2402300000001
2866.71,2419.50682,199990.68420211237,447.20318
1292.8,1351.6815,3467.031042249995,58.88149999999996
2701.57,2485.8237400000003,46546.44870398755,215.7462599999999
616.04,763.64319,21786.70169817611,147.60319000000004
1975.16,1703.5463599999998,73773.96943404974,271.61364000000026
1108.99,1419.89134,96659.64321379553,310.9013399999999
1038.39,1941.24017,815138.4294690288,902.8501699999999
1701.98,2458.0923199999997,571705.840455782,756.1123199999997
2480.15,2896.05609,172977.87569908806,415.90608999999995
1696.97,1427.0378300000002,72863.3764009088,269.9321699999998
1987.34,2053.96253,4438.561503600883,66.62252999999987
1725.79,1848.9271999999999,15162.770023839974,123.1371999999999
2502.89,2587.50263,7159.297155516913,84.61263000000008
1410.3,1700.64171,84298.30856572419,290.34171000000015
1794.06,1380.93328,170673.68677795838,413.12672
1167.51,1126.8780299999999,1650.9569860809113,40.63197000000014
4306.07,3338.64189,935917.1480181718,967.4281099999998
4741.09,2962.92874,3161857.4665647885,1778.1612600000003
2657.82,1338.53632,1740509.428314343,1319.2836800000002
3072.25,2131.9686699999997,884128.9795465694,940.2813300000003
1270.08,1852.37995,339073.2317700026,582.2999500000001
1871.16,2013.9466900000002,20388.03884115614,142.78669000000014
2355.81,2864.88577,259158.13960109281,509.0757699999999
1214.8,921.41232,86076.33077578236,293.38767999999993
2249.44,2152.99161,9302.291933592103,96.44839000000002
2819.3,2507.64962,97125.95935414442,311.65038000000004
2272.43,2433.9891900000002,26101.371873456228,161.5591900000004
3458.71,3065.4105699999996,154684.44163832528,393.2994300000005
1273.42,1705.94133,187074.70090496892,432.52133000000003
2106.05,2088.33839,313.70112879211035,17.71161000000029
2494.07,2015.18001,229335.62252220022,478.8899900000001
1998.56,1550.4633,200790.65255089005,448.09670000000006
3876.56,2549.6161999999995,1760779.8483584411,1326.9438000000005
4145.58,3023.87437,1258223.5203736967,1121.70563
1451.19,1574.74197,15265.089290880896,123.55196999999998
594.92,583.88649,121.73834292009953,11.033509999999978
588.55,1139.49968,303545.5498921023,550.94968
507.45,1060.00538,305317.4479669444,552.55538
1196.82,2384.43189,1410422.001269372,1187.61189
2364.64,2440.17105,5704.939514102508,75.53105000000005
1272.62,815.8503000000001,208638.55883808984,456.76969999999983
1269.36,2357.93379,1184992.8962749643,1088.5737900000001
2332.72,2620.90623,83051.30316161305,288.18623000000025
2246.35,1748.2344199999998,248119.13103873652,498.11558000000014
3198.8,2966.99504,53733.53948060178,231.8049600000004
1301.58,1256.2883399999998,2051.3344655556084,45.29166000000009
1151.77,1703.6180299999999,304536.24821488076,551.8480299999999
711.57,1377.3188400000001,443221.51796134573,665.7488400000001
1043.46,1754.69569,505856.20672977605,711.23569
988.22,1246.1194799999998,66512.14178427031,257.8994799999998
938.42,954.01298,243.14102528040036,15.592980000000011
3668.97,3291.80607,142252.6300930447,377.1639299999997
1720.9,2452.43399,535141.97852532,731.5339899999999
2297.27,2795.72202,248454.41624208057,498.4520200000002
3218.91,2277.17397,886866.7502001609,941.73603
1195.19,2169.32085,948930.9129217225,974.13085
896.95,1138.26636,58233.58560364961,241.31636000000003
3169.4,2462.60285,499562.21124812233,706.7971499999999
2567.02,1375.63366,1419401.4111385955,1191.38634
2470.04,1661.2210699999998,654188.0615263451,808.8189300000001
1774.46,1990.90134,46846.85366099553,216.44133999999985
2514.17,2095.92911,174925.44206799212,418.24089000000004
2135.0,2394.24204,67206.43530336165,259.2420400000001
3238.41,2243.6194,989608.3378483596,994.7905999999998
908.29,1563.96719,429912.57748629624,655.6771900000001
2296.52,2430.1777300000003,17864.388788752996,133.65773000000036
1677.88,2097.77598,176312.6340201602,419.8959799999998
2111.15,1309.38841,642821.6471993282,801.7615900000001
1548.09,1436.77631,12390.73758141609,111.31368999999995
973.19,1776.95195,646033.2722678023,803.7619499999998
1239.55,1465.56551,51083.01076056008,226.01550999999995
2413.26,2557.5656299999996,20824.11484969672,144.30562999999938
1440.05,2241.41382,642183.9720049928,801.3638200000003
718.65,726.61752,63.48137495040057,7.967520000000036
2885.39,3018.5030800000004,17719.09206708654,133.11308000000054
4513.81,3126.7865799999995,1923833.9676284988,1387.023420000001
1259.99,1847.00866,344590.90718819556,587.01866
2299.66,2429.01608,16732.995432966407,129.35608000000002
2149.5,2238.31978,7888.953319248366,88.81977999999981
1785.84,2128.61979,117497.98443244428,342.7797900000003
1533.35,2325.60182,627662.9462933124,792.25182
1714.52,1982.8480399999999,71999.93705024153,268.3280399999999
1328.31,1444.35318,13466.019624512428,116.04318000000012
4706.55,3752.58183,910055.2693731491,953.9681700000001
1256.99,1517.75877,68000.35140731285,260.7687699999999
702.35,536.18991,27609.17550880809,166.16008999999997
1330.0,1184.74347,21099.45950764093,145.2565300000001
1325.13,1471.65422,21469.347046608338,146.5242199999998
1088.65,1114.4180700000002,663.993431524904,25.76807000000008
2290.7,2506.8466799999997,46719.38727502233,216.14667999999983
488.62,950.12985,212991.34164702252,461.50985000000003
3084.99,2572.4067099999997,262741.62918722414,512.58329
3201.6,2702.07186,249528.3626518595,499.5281399999999
1514.3,1252.93946,68309.33186909155,261.3605399999999
2650.08,2865.2444800000003,46295.75345367056,215.16448000000037
1678.95,1753.9644199999998,5627.163207936362,75.01441999999975
1709.56,2111.55928,161603.4211205184,401.99928
2113.89,2256.3342000000002,20290.350113640103,142.44420000000036
2437.15,3099.8580999999995,439182.0258056092,662.7080999999994
3309.91,3339.69967,887.4244387089068,29.789670000000115
1083.76,1846.90479,582389.9705041442,763.1447900000001
896.89,2352.5302999999994,2118888.6829840885,1455.6402999999996
1062.25,885.9070099999999,31096.850122140135,176.3429900000001
1323.88,990.30738,111270.6928136645,333.57262000000014
3353.5,2950.6657999999998,162275.3926896402,402.83420000000024
1174.23,246.00195000000002,861607.3128068023,928.2280499999999
3344.58,3259.57797,7225.345104120917,85.0020300000001
4391.85,3806.00841,343210.36857372866,585.8415900000005
1087.99,1530.68131,195975.59594951605,442.69130999999993
1743.52,2680.61854,878153.6736701315,937.09854
2607.17,2586.0144699999996,447.5564495809192,21.155530000000454
1677.52,2137.6986699999998,211764.4083229687,460.1786699999998
1165.27,1156.56019,75.86079023610107,8.709810000000061
1515.05,1572.0921600000001,3253.808017465622,57.042160000000194
1951.13,1338.00207,375925.858546085,613.1279300000001
1943.98,2082.3075,19134.497256249964,138.32749999999987
1989.87,1472.45716,267716.04699686554,517.41284
3091.7,2105.82928,971941.0765533182,985.8707199999999
3226.84,2442.82086,614686.0118863401,784.0191400000003
3086.74,2579.65707,257133.09789738446,507.0829299999996
1809.13,1935.6857100000002,16016.347733604123,126.55571000000009
580.44,1143.2072699999999,316707.0001832527,562.7672699999998
2769.28,2767.70356,2.4851630736008676,1.5764400000002752
1370.41,1248.4427799999999,14876.002754528456,121.96722000000022
1774.25,1833.75961,3541.393682352108,59.509610000000066
463.4,594.48573,17183.468609632902,131.08573
1460.41,2098.31023,406916.7034340529,637.90023
2592.02,2073.67285,268683.76791312254,518.34715
1533.77,2348.82271,664310.920078344,815.0527099999999
1326.94,1271.12942,3114.820839936408,55.81058000000007
1811.72,2302.61429,240977.20395460405,490.89428999999996
2416.58,2399.7965,281.6858722500001,16.783500000000004
1297.34,2034.6109199999999,543568.4094776463,737.2709199999999
4291.01,2615.8614499999994,2806122.664567105,1675.1485500000008
1017.92,1200.37364,33289.330749249624,182.45364000000006
2700.14,2280.73059,175904.25319654788,419.40940999999975
1216.67,224.80347,983799.213334241,991.86653
3738.57,3164.61519,329424.1239221363,573.9548100000002
2241.1,2388.03561,21590.0734860721,146.93561
1726.92,422.67846,1701045.9946615715,1304.24154
2514.0,1429.68764,1175733.2940487694,1084.31236
4779.33,2510.4033000000004,5148028.369972887,2268.9266999999995
1231.39,1942.8322,506150.00394083996,711.4422
1593.12,2019.8737099999998,182118.72899876407,426.75370999999996
1136.16,1459.1042400000001,104292.98214917762,322.94424000000004
1932.08,1204.8125,528918.0165562499,727.2674999999999
1906.99,2409.9653599999997,252984.21276712927,502.9753599999997
2901.7,2549.97491,123710.53893550804,351.7250899999999
960.82,1538.52687,333745.2276451967,577.7068699999999
2331.33,2851.63672,270719.0828771584,520.30672
1262.41,1834.8890599999997,327732.2741384832,572.4790599999997
1539.15,2270.56173,534963.1187815926,731.4117299999998
1863.36,2150.77218,82605.76121235242,287.41218000000003
583.82,1003.1260500000001,175817.56356660253,419.30605
2789.52,2539.37567,62572.18583114894,250.14433000000008
3783.91,3163.4535399999995,384966.218755732,620.4564600000003
3580.22,3430.2235899999996,22498.923012888157,149.9964100000002
1549.07,1450.2009000000003,9775.098934809934,98.86909999999966
1777.04,1876.15657,9824.094448564927,99.11657000000014
2420.67,1748.59313,451687.31918899703,672.0768700000001
3281.01,2203.87225,1160225.7324750633,1077.1377500000003
2489.52,3046.8618999999994,310629.9934956094,557.3418999999994
1520.94,1436.04504,7207.154233401614,84.89496000000008
1024.84,1457.34739,187062.6424046121,432.50739
2530.85,2286.7154299999997,59601.68826908498,244.13457000000017
2787.07,2077.8108199999997,503048.5844142731,709.2591800000005
922.16,1479.2449399999998,310343.63037480344,557.0849399999998
1306.56,2057.14659,563380.229087828,750.5865899999999
2679.3,2557.92434,14732.050840435637,121.37566000000015
3803.8,2515.52738,1659646.343441665,1288.2726200000002
2671.74,2426.36627,60208.2673741128,245.3737299999998
1587.25,2287.3428299999996,490129.97061740834,700.0928299999996
4241.98,2707.37148,2355023.3096565898,1534.6085199999998
836.36,1039.86468,41414.154781902354,203.5046799999999
2103.95,2501.54706,158083.42212064363,397.59706000000006
2090.95,2364.36286,74754.5920133798,273.41286000000036
1223.24,1540.81797,100855.76702932094,317.57797000000005
1327.61,1774.8363900000002,200011.44391243233,447.22639000000026
1301.39,1795.67616,244318.8079675455,494.2861599999999
1773.53,1690.29731,6927.680684636108,83.23269000000005
1382.0,1952.64235,325632.6916135226,570.6423500000001
1191.5,1446.64428,65098.60361671839,255.14427999999998
2645.26,3194.19348,301327.9654649101,548.9334799999997
1318.46,1197.9925199999998,14512.41373755046,120.46748000000025
2113.57,2200.4333500000002,7545.2415732225145,86.86335000000008
3591.81,3260.6357499999995,109676.38386306282,331.1742500000005
1697.89,1765.9801499999999,4636.268527022468,68.09014999999977
1976.19,1727.39465,61899.12618162255,248.7953500000001
1110.13,2467.09953,1841366.3053484205,1356.9695299999998
3278.89,2405.16779,763390.500247284,873.7222099999999
2321.82,2309.7029599999996,146.82265836161315,12.117040000000543
4834.34,3124.1367699999996,2924795.0879024346,1710.2032300000005
3474.46,2070.32397,1971597.9907441612,1404.1360300000001
2616.46,2243.52938,139077.24733358447,372.9306200000001
1281.72,1154.89649,16084.202688720085,126.82350999999994
1753.39,2295.4678000000004,293848.3412528403,542.0778000000003
552.95,1403.8169400000002,723974.5495849638,850.8669400000001
1550.06,1500.37175,2468.9221880624928,49.688249999999925
1889.79,1443.99447,198733.6545679808,445.79552999999987
2122.45,1772.08271,122757.23790194404,350.3672899999999
1539.33,1288.62031,62855.34865989605,250.7096899999999
2727.24,3182.0022099999996,206808.66764408397,454.76220999999987
4448.51,3771.56088,458260.1110687747,676.9491200000002
1898.49,2289.0387299999998,152528.31050461272,390.54872999999975
1269.86,1211.24157,3436.120335664899,58.61842999999999
805.58,156.33879000000002,421514.1487622641,649.24121
978.28,622.21715,126780.75315012252,356.06285
1953.16,2233.46439,78570.55105327211,280.30439
4799.64,2916.75252,3545265.2623407515,1882.8874800000003
587.9,1083.85367,245970.0427864689,495.95367
1859.94,1405.5845100000001,206438.91129314003,454.3554899999999
1379.76,1964.83362,342311.1408199045,585.0736200000001
2752.03,2433.9891900000002,101149.95682545607,318.04080999999996
538.32,530.89029,55.2005906841,7.42971
1537.04,1451.6173900000001,7297.022299212074,85.42260999999985
738.07,1534.89095,634923.6263589024,796.8209499999999
905.63,1517.32839,374174.920328592,611.6983899999999
2123.24,2105.7970800000003,304.2554581263827,17.442919999999503
1025.97,1385.44381,129221.42007591607,359.47380999999996
1104.41,1209.55639,11055.763330032076,105.14638999999988
3400.56,2457.7336099999998,888921.6016804324,942.8263900000002
1342.29,1624.4824399999998,79632.5731931535,282.1924399999998
2447.48,3033.6128499999995,343551.7178491219,586.1328499999995
1209.67,1235.44857,664.5346712448971,25.778569999999945
3690.36,2794.9329300000004,801789.6376887844,895.4270699999997
3950.91,3567.95589,146653.85036589185,382.9541099999997
1175.23,1652.5725699999998,227855.9291342047,477.3425699999998
2051.18,2925.0284599999995,763611.131044371,873.8484599999997
3685.1,3411.6749199999995,74761.27437300664,273.42508000000043
1178.34,1146.94706,985.5166818435971,31.392939999999953
515.19,705.41904,36187.08765932158,190.22903999999994
1057.89,2363.23341,1703921.4180304273,1305.3434099999997
1234.98,1934.34852,489116.32676699036,699.36852
1239.79,2079.65769,705377.7367059361,839.86769
749.09,775.04537,673.6812318369008,25.955370000000016
1278.36,1919.6113099999998,411203.24257671594,641.2513099999999
1555.88,2710.9281,1334136.11331361,1155.0481
411.66,1127.66712,512666.1958906944,716.00712
3421.02,2240.61088,1393365.6905791739,1180.4091199999998
1138.02,664.61411,224113.1366866921,473.40589
2435.39,2661.4424700000004,51099.71919310115,226.05247000000054
1616.87,1095.0803099999998,272264.48059029615,521.7896900000001
1088.36,2370.02119,1642655.4059522161,1281.66119
1446.33,1512.02877,4316.3283795128955,65.69876999999997
4599.41,2959.0456099999997,2690795.331980073,1640.3643900000002
1511.94,2348.39233,699652.5003624291,836.4523300000001
1962.07,2419.83333,209547.2662926889,457.76333
2537.08,2839.9797000000003,91748.22826009024,302.8997000000004
2677.55,3066.6438900000003,151394.05523533217,389.0938900000001
923.99,1377.85309,205991.70446434815,453.86309000000006
1102.13,1621.9043,270165.3229404898,519.7742999999998
1236.5,1525.2778199999998,83392.62932395228,288.7778199999998
2872.33,1646.84257,1501819.4410880047,1225.48743
2533.25,2118.71962,171835.43594294452,414.53038000000015
1625.17,908.16327,514098.650865293,717.0067300000001
1905.6,1636.24333,72553.01567348884,269.3566699999999
2714.56,3217.61139,253060.7009809322,503.0513900000001
1540.95,1975.32899,188685.10695342004,434.37898999999993
2465.61,1839.7444500000001,391707.68667680246,625.86555
2136.3,3003.4071599999997,751874.8269232649,867.1071599999996
2244.32,2368.10265,15322.144441022412,123.78264999999965
2590.8,1625.64409,931525.9306079284,965.1559100000002
2441.74,1321.0454300000001,1255956.319227484,1120.6945699999997
1576.97,2257.67139,463354.382347932,680.70139
2200.43,2237.53069,1376.461198476116,37.10069000000021
2078.24,2188.77633,12218.28024986898,110.53633000000036
1155.12,1422.54115,71514.07146732257,267.4211500000001
864.71,1215.91379,123344.10211036413,351.20379
3614.95,3196.4845800000003,175113.307735776,418.46541999999954
1655.37,1948.40051,85866.87979086013,293.03051000000005
1808.34,2317.6523899999997,259399.11060751192,509.3123899999998
2829.95,2890.15055,3624.1062203025026,60.20055000000002
1459.05,1774.7325199999998,99655.4534335503,315.68251999999984
2837.79,1823.48688,1028810.8192417345,1014.30312
709.21,826.80825,13829.348403062502,117.59825000000001
1725.31,2597.41665,760570.0089742228,872.1066500000002
1616.13,1415.7533700000001,40150.79385015689,200.37662999999998
4164.77,3106.39104,1120166.0229706825,1058.3789600000005
1556.87,1266.99145,84029.57375010244,289.8785499999999
2727.61,2645.0093599999996,6822.8657284096935,82.60064000000057
829.86,1212.8336,146668.77829695994,382.9735999999999
900.4,603.66848,88049.59496151036,296.73151999999993
2715.81,2485.75207,52926.65115588487,230.05792999999994
1089.66,1481.19568,153300.18871306238,391.53567999999996
1909.34,2857.72543,899434.923836285,948.38543
3151.68,2523.54848,394549.2064175103,628.1315199999999
1413.74,1942.04311,279104.17603567214,528.3031100000001
1306.43,1238.09838,4669.210291824422,68.33162000000016
1274.11,2417.28739,1306854.5450072123,1143.17739
1302.6,2174.62047,760419.7000990207,872.0204699999999
2354.67,2271.44397,6926.572069560944,83.22603000000026
3560.45,2051.4165900000003,2277181.8324962268,1509.0334099999995
1441.11,2021.89612,337312.51718465466,580.7861200000002
4322.95,3072.55706,1563482.5044018428,1250.3929399999997
2198.77,2506.8466799999997,94911.24075982219,308.07667999999967
1137.08,1332.07505,38023.0695245025,194.99505
2400.31,3164.61519,584162.4234609362,764.30519
825.38,1132.96674,94609.60262382765,307.5867400000001
2248.7,2166.77491,6711.720371508055,81.92508999999973
4164.78,3066.19966,1206878.7634345146,1098.5803399999995
3306.98,3130.23933,31237.26443204895,176.74067000000014
1322.17,1787.72673,216743.06884829293,465.55673
1309.56,2302.7181600000004,986363.1307745865,993.1581600000004
2195.53,2077.8108199999997,13857.805339872519,117.7191800000005
2336.78,2322.95201,191.2133074401063,13.827990000000227
2729.34,2068.37323,436877.0710442329,660.96677
2098.19,1965.78753,17530.4140621009,132.40247
1621.14,1175.1088599999998,198943.77784969984,446.0311400000003
1935.67,1973.4104499999999,1424.3415662024836,37.74044999999978
1456.94,1968.54121,261735.79807346413,511.60121000000004
964.79,1280.49534,99669.86170451558,315.70534
761.36,742.44471,357.78819578410105,18.915290000000027
1222.57,1801.8580200000001,335574.6101155206,579.2880200000002
2357.58,2276.84746,6517.743014851595,80.73253999999997
1104.92,616.9175299999999,238146.41072610102,488.00247000000013
2836.59,2118.02055,516342.05447330244,718.56945
2805.21,3004.09238,39554.20107446441,198.88238
1293.49,1152.24668,19949.67544462241,141.24332000000004
2604.93,2858.7832099999996,64441.45222730398,253.85320999999976
1651.31,1919.2525999999998,71793.23689475992,267.94259999999986
2061.04,1595.94045,216317.5914102024,465.0995499999999
3035.86,2650.6676899999998,148373.1156831364,385.19231000000036
593.02,272.50005,102733.03834800249,320.51995
1284.55,502.60314000000005,611440.8918638595,781.9468599999999
3474.96,2829.3804600000003,416772.9424666112,645.5795399999997
683.26,570.27873,12764.767370812899,112.98127
1392.79,2637.1638,1548466.1541264397,1244.3737999999998
1524.08,594.91611,863345.5344799319,929.1638899999999
922.06,1556.01776,401902.4414642176,633.95776
1906.63,2600.06646,480854.1240573315,693.4364599999999
3694.19,3681.46734,161.8660774755976,12.722659999999905
2843.57,2771.44335,5202.253640222522,72.12665000000015
2709.65,1813.42189,803224.8251541721,896.22811
1296.32,1132.6080299999999,26801.609121280922,163.71197000000006
2088.75,2436.5351299999998,120954.49664911673,347.78512999999975
2346.74,3006.05697,434698.86692998133,659.3169700000003
3022.28,2170.1237899999996,726170.206241565,852.1562100000006
1361.21,1836.30555,225715.7816298025,475.09555
1724.43,1374.40034,122520.76287971571,350.02966000000015
869.66,1020.6169399999999,22787.997734163575,150.95693999999992
1288.4,1776.5793899999999,238319.1168207719,488.1793899999998
1630.42,1990.90134,129946.79648819547,360.4813399999998
3799.39,2595.19722,1450080.251404128,1204.1927799999999
2080.99,2964.87948,781260.6128546708,883.8894800000003
1306.41,1872.44898,320400.1268794402,566.0389799999998
2303.31,3019.30602,512650.3006558405,715.99602
1357.11,1550.2877599999997,37317.64695861752,193.1777599999998
1693.07,2040.01441,120370.42363024814,346.94441000000006
3111.97,2644.57898,218454.3655766404,467.39102
2558.68,2036.30682,272873.7391833122,522.3731799999998
1742.67,2452.3623199999997,503663.1890669819,709.6923199999997
2502.46,2126.4935100000002,141350.80160291994,375.9664899999998
1671.8,2838.11898,1360299.9631082409,1166.3189800000002
1772.67,1495.67805,76724.54036480255,276.9919500000001
1210.88,2048.03551,700829.3479233602,837.15551
1890.57,2014.2153799999996,15288.179995344328,123.6453799999997
1694.77,2425.1329499999997,533430.0387327021,730.3629499999997
1828.1,1384.6408700000002,196655.99998035666,443.45912999999973
2422.14,1526.61501,801965.0077145,895.5249899999999
1749.63,1804.23914,2982.158171539578,54.6091399999998
1171.72,1099.32215,5241.448684622509,72.39785000000006
2354.18,2145.57643,43515.4494167448,208.60356999999976
976.72,717.17993,67361.0479356049,259.54007
2479.08,1290.30549,1413184.83562574,1188.77451
1035.9,2022.5235199999997,973425.9702171898,986.6235199999996
2364.72,2681.85186,100572.61662705986,317.1318600000004
982.33,1934.88277,907356.7796346727,952.5527699999999
721.27,668.3217,2803.522472890002,52.94830000000002
2893.91,2281.41581,375149.13278375595,612.4941899999999
2449.61,2615.05851,27373.209461220005,165.44850999999971
1487.02,2364.29119,769604.740804016,877.2711899999999
2254.41,2861.4330199999995,368476.94680991996,607.0230199999996
654.1,217.28441999999998,190807.85093073646,436.81558000000007
777.6,1003.1260500000001,50861.99922860252,225.52605000000005
670.41,703.1279400000001,1070.4635978436074,32.71794000000011
1538.23,1075.4738599999998,214143.24510769977,462.7561400000002
3216.91,2581.8442999999997,403308.44331649016,635.0657000000001
1956.67,3058.69446,1214457.9104382917,1102.02446
3937.98,3279.1844199999996,434011.616227537,658.7955800000004
983.35,2212.09037,1509802.896867737,1228.74037
1552.47,2255.54511,494314.6103015121,703.07511
675.94,253.95137999999997,178074.39540950448,421.9886200000001
1585.01,3141.19728,2421718.850433798,1556.1872799999999
3769.76,2514.4696,1575753.9883321607,1255.2904000000003
1386.32,1165.4957299999999,48763.35822103293,220.82427000000007
1754.71,1398.6928599999999,126748.20397377972,356.01714000000015
1892.21,1322.10321,325021.75200410414,570.10679
3721.12,2595.19722,1267702.1065229282,1125.9227799999999
2592.53,3123.7063899999994,282148.35729343124,531.1763899999992
3215.43,2004.0787200000002,1467371.9235576375,1211.3512799999996
1747.64,2081.35359,111364.76015068815,333.71359000000007
3502.14,2036.93422,2146827.9777454077,1465.2057799999998
1183.71,1117.8708199999999,4334.7976230724225,65.83918000000017
2660.36,2583.4363300000005,5917.25100626885,76.92366999999967
3749.62,3271.6653699999997,228440.62833843706,477.9546300000002
2435.58,2100.96004,111970.51763040159,334.61996
712.21,1055.0644699999998,117549.18759898074,342.85446999999976
3982.93,3338.64189,415107.16868737206,644.28811
1504.22,2468.26118,929375.3967357923,964.0411799999999
2736.09,2535.73975,40140.22267506248,200.35024999999996
846.82,259.25100000000003,345237.32976099994,587.569
1114.64,1054.63409,3600.70923492811,60.005910000000085
1958.4,1579.61121,143480.94742966414,378.78879000000006
835.56,1165.9261099999999,109141.76663653206,330.36610999999994
1518.32,2417.28739,808142.3682834122,898.96739
2724.66,2407.8498,100368.70282403994,316.8101999999999
863.82,1456.81314,351640.8640870595,592.9931399999999
2066.58,2482.9983899999997,173404.27553019195,416.4183899999998
1613.56,1931.2683299999999,100938.58295138886,317.70832999999993
1686.66,2428.51403,550347.4018272405,741.8540299999997
1882.39,2758.5208099999995,767605.1962312551,876.1308099999994
1670.55,1027.40472,413635.85118627833,643.14528
2463.01,1959.534,253488.0825760001,503.4760000000001
1465.99,1497.72194,1006.9160161635933,31.731939999999895
968.06,1127.23674,25337.234557027634,159.1767400000001
2060.7,2657.02509,355603.6129635084,596.3250900000003
2691.58,2755.97487,4146.69928231691,64.39487000000008
1020.21,2179.2348700000002,1343338.6492785173,1159.0248700000002
4150.29,2940.60081,1463347.9364028561,1209.68919
2387.63,2720.36569,110713.03939977608,332.73569
1699.9,3267.9577799999997,2458805.2014185274,1568.0577799999996
4306.93,2530.00975,3157445.574860063,1776.9202500000001
2196.39,2286.2850499999995,8081.120014502433,89.89504999999963
1000.61,840.12897,25754.16098986091,160.48103000000003
1258.47,1681.2579,178749.60838641002,422.78790000000004
2895.38,2034.28441,741485.6151174483,861.0955900000001
1563.75,1395.59882,28274.81933539242,168.15118000000007
2369.41,2094.76746,75428.5247776515,274.6425399999998
1406.97,760.6346699999999,417749.35880620906,646.3353300000001
1517.77,1679.07067,26017.906142448926,161.30067000000008
963.04,725.12936,56601.47262520957,237.91063999999994
1576.29,1488.18048,7763.287514630396,88.10951999999997
2149.74,2771.7698599999994,386921.14673161914,622.0298599999996
1287.52,950.56023,113541.88659845285,336.95976999999993
1554.97,1278.02107,76700.70982814491,276.94893
450.98,217.28441999999998,54613.62411153642,233.69558000000004
867.62,1447.80593,336615.71336996485,580.18593
1921.97,3138.54747,1480060.7405116009,1216.57747
924.71,1042.51449,13877.897864160097,117.80448999999999
974.3,478.32447,245991.72635878084,495.97552999999994
1559.89,2019.24631,211008.219536816,459.3563099999999
1147.34,2005.99726,737292.2901507079,858.6572600000002
3438.98,3185.88534,64056.90692051571,253.0946600000002
2042.6,2892.17296,721774.2143631616,849.57296
927.72,1210.5425,79988.56650624999,282.8225
1645.23,2600.06646,911712.6653453315,954.83646
3086.32,2080.92321,1010822.7053423045,1005.3967900000002
4564.16,2834.68008,2991100.7936832057,1729.4799199999998
730.81,1193.65753,214227.83602710092,462.84753
3604.57,2617.27794,974745.6117390441,987.2920600000002
2301.39,2856.1333999999997,307740.2398435598,554.7433999999998
1535.43,1647.9720199999997,12665.70626568032,112.54201999999964
2260.19,2447.66862,35148.23295710435,187.47861999999986
1154.16,2354.12233,1439909.5934190291,1199.96233
1630.11,2707.11664,1159943.3026040902,1077.0066400000003
1286.27,1430.41891,20778.908254188133,144.14891000000011
1336.07,1625.7157599999998,83894.66628597754,289.6457599999999
371.21,1077.3207300000001,498592.36302113306,706.1107300000001
3899.89,2555.2745299999997,1807990.7621633215,1344.6154700000002
1006.02,1486.4953,230856.51391009006,480.47530000000006
981.63,1092.78921,12356.369967824081,111.15920999999992
2480.6,2094.1722600000003,149326.39824150733,386.42773999999963
1041.8,877.15464,27108.094569529596,164.64535999999998
2079.94,2010.93817,4761.252543348921,69.00183000000015
2178.01,2354.8214,31262.271169959855,176.8113999999996
2160.92,2056.6123399999997,10880.087934675683,104.3076600000004
1137.35,1868.20714,534152.1590889797,730.8571400000001
4638.81,2899.2616300000004,3026028.531569657,1739.54837
1837.12,1348.60131,238650.51047931597,488.5186899999999
2548.61,2848.1839699999996,89744.56350156058,299.57396999999946
2278.41,2605.0073700000003,106665.84209091717,326.5973700000004
1569.5,2551.6386100000004,964596.249252733,982.1386100000004
1522.23,2439.11327,840674.9308058926,916.8832699999998
2565.8,2001.9309600000001,317948.29427052167,563.86904
1639.2,2348.2884599999998,502806.4441051712,709.0884599999997
1605.94,2408.90758,644756.9345310564,802.96758
1087.2,438.57732,420711.3810103825,648.6226800000001
3189.27,1711.1370799999997,2184876.929187727,1478.1329200000002
2144.84,2787.77259,413362.315284108,642.9325899999999
3299.32,2893.33461,164824.13689345232,405.9853900000003
2647.29,2779.82316,17565.038499585586,132.53315999999995
2930.37,2178.60747,565146.9015120008,751.76253
2902.18,1970.06157,868844.7675456645,932.1184299999998
2583.75,2914.53309,109417.45262994803,330.7830899999999
4106.33,3471.13239,403476.00374971173,635.1976099999997
4112.36,2051.4165900000003,4247487.739222426,2060.9434099999994
4486.71,3031.3934199999994,2117946.348022898,1455.3165800000006
1288.12,2004.15039,512699.5194035523,716.0303900000001
1214.53,1462.9157,61695.45596449002,248.38570000000004
4032.33,2413.8484900000003,2619482.3982118787,1618.4815099999996
1422.55,1949.817,278010.48928900005,527.267
1437.24,1847.00866,167910.35471819557,409.76865999999995
1719.98,1780.39085,3649.470797722498,60.41084999999998
726.75,1208.95047,232517.2932682209,482.20047
2671.46,2927.7821400000003,65701.03945417971,256.3221400000002
2467.84,2032.03278,189927.9330041285,435.80722000000014
1037.79,1907.9542900000001,757185.8915912043,870.1642900000002
1021.18,1467.05367,198803.32959926897,445.87367000000006
1534.79,2081.98099,299417.97953718016,547.19099
1673.26,1649.49238,564.8997604644038,23.76762000000008
2295.68,2288.6800200000002,48.99972000039434,6.999979999999596
2310.21,2684.50167,140094.25423138894,374.29167000000007
1266.33,1855.02976,346567.40742405754,588.69976
2177.35,2000.3389300000001,31332.918902544825,177.0110699999998
1188.67,2290.0965100000003,1213140.3569307807,1101.4265100000002
2143.24,2173.13231,893.5501971361107,29.89231000000018
2722.57,3120.25364,158152.2775236494,397.68363999999974
1546.88,1574.74197,776.289372280896,27.86196999999993
2199.87,2844.47638,415517.3851367046,644.6063800000002
958.37,1879.23676,847995.5896728976,920.86676
1065.81,1844.78923,606808.6407713931,778.9792300000001
3648.96,3813.95784,27224.287204665598,164.99784
1943.94,2340.3390299999996,157132.19098494056,396.3990299999996
3180.52,2072.61507,1227453.3339183053,1107.9049300000001
1286.55,2357.93379,1147863.2254747644,1071.38379
1616.58,1744.09645,16260.44502060252,127.51645000000008
1554.49,1246.22335,95028.32750222251,308.26665
1419.48,1928.16666,258762.11806195567,508.6866600000001
1276.31,1968.1108299999999,478588.3883886888,691.8008299999999
991.37,2324.61571,1777544.1232334045,1333.2457100000001
4200.93,2698.0055599999996,2258781.872349316,1502.9244400000007
4426.88,3129.80895,1682393.3087481025,1297.07105
1599.17,1181.3945899999999,174536.29320066827,417.7754100000002
551.39,614.2677199999999,3953.6076723983942,62.877719999999954
3443.82,2722.6567899999995,520076.375457505,721.1632100000006
4338.67,2982.46352,1839296.0163939912,1356.2064800000003
4374.84,2624.24126,3064595.9484895887,1750.5987400000004
1346.44,1544.98814,39421.36389745955,198.54813999999988
2750.2,2441.9386200000004,95025.07839950407,308.26137999999946
1520.45,1998.6752299999998,228699.37060855268,478.2252299999998
1367.55,985.36647,146064.25060326082,382.1835299999999
1230.33,1714.5759799999998,234494.16914616033,484.2459799999999
1229.46,1999.73301,593320.5099344599,770.2730099999999
1885.72,1627.8313199999998,66506.57127214252,257.88868000000025
769.87,1058.77206,83464.4002722436,288.90206
2417.09,1624.2276000000002,628630.78533376,792.8624
2321.22,2115.26687,42416.69175679685,205.95312999999987
1212.56,1904.7702299999999,479155.00251665275,692.2102299999999
2377.93,2546.6977,28482.536563290112,168.76770000000033
985.93,1518.92042,284078.7878117764,532.99042
1814.0,1943.99385,16898.401037822518,129.99385000000007
941.56,2266.6786,1755939.3040659607,1325.1186000000002
1779.06,1573.7773399999999,42140.97049667563,205.28266000000008
2356.42,2678.39911,103670.54727639195,321.97910999999976
977.21,1660.41813,466773.3488980969,683.20813
1111.58,1388.09362,76459.7820455045,276.5136200000002
2203.52,2490.94782,82614.75170995234,287.4278199999999
1226.38,2649.8785999999996,2026348.2642019584,1423.4985999999994
1960.94,1973.4104499999999,155.51212320249502,12.4704499999998
1253.31,859.83929,154819.19962790405,393.47070999999994
1546.76,2019.94538,223904.4038457443,473.1853799999999
2334.8,2113.24446,49086.85730469173,221.5555400000003
1639.94,2276.22006,404852.31475360366,636.28006
1402.43,1885.7697,233617.26559609,483.3397
1304.94,1483.48678,31878.952648368362,178.5467799999999
1130.03,686.87037,196390.4576617369,443.15963
1812.48,1550.4633,68652.75107889007,262.0167000000001
3618.36,3507.44064,12303.104422809673,110.91936000000032
1759.07,1617.76633,19966.727155468903,141.30367
1771.05,2253.0708400000003,232344.09019430596,482.02084000000036
1613.38,1530.3226,6898.531694760024,83.05740000000014
1246.99,781.8331499999999,216370.89510192256,465.1568500000001
2978.76,2448.55086,281121.73213954,530.2091400000004
841.43,951.7218799999999,12164.298793934398,110.29187999999999
2180.11,2356.3417600000002,31057.633232697644,176.23176000000012
3240.12,2855.70302,147776.41451232036,384.41697999999997
4771.51,3301.54455,2160798.424193703,1469.9654500000001
3076.51,2254.12862,676311.1341707049,822.3813800000003
1918.89,1592.86026,106295.39136446771,326.0297400000002
1494.68,1677.4786399999998,33415.342785849505,182.79863999999975
3641.83,2630.70253,1022378.7605886006,1011.1274699999999
3011.36,2806.3212599999997,42040.88490078777,205.03874000000042
1144.81,1596.82269,204315.4719210361,452.01269
3293.13,1829.3207499999999,2142737.5203855634,1463.8092500000002
2080.95,1965.7158599999998,13278.907021539606,115.23414000000002
2470.2,2477.3722599999996,51.44131350759747,7.172259999999824
2294.08,2543.6891800000003,62304.74274027259,249.60918000000038
2304.02,1954.75791,121984.00751116806,349.26208999999994
2939.79,2212.5207499999997,528920.5619955629,727.2692500000003
903.49,1075.90424,29726.67015477762,172.41424000000006
3265.14,2659.06135,367331.32998582243,606.0786499999999
1107.03,1047.91798,3494.2309084804033,59.11202000000003
1085.67,1768.7338300000001,466576.19585426897,683.06383
2052.57,2523.90719,222158.74667709586,471.33718999999974
2929.79,2526.19829,162886.2683807242,403.59171000000015
4241.28,2428.15532,3287421.105225102,1813.12468
2017.34,2363.86081,120076.67176305625,346.5208100000002
2224.94,3188.10477,927686.3741691526,963.1647699999999
1219.35,1127.23674,8484.852667827574,92.11325999999985
2208.59,2504.1968699999998,87383.42159119667,295.6068699999996
1574.78,1586.22345,130.95254790249965,11.443449999999984
1525.25,1668.1127199999999,20409.75676579836,142.86271999999985
643.96,1869.6952999999999,1502427.0256660895,1225.7352999999998
1649.83,1666.9510699999998,293.1310379448972,17.121069999999918
2200.21,2227.7205400000003,756.8298110916121,27.51054000000022
857.06,1456.81314,359703.82893985964,599.75314
2507.92,2758.0904299999997,62585.24404638474,250.17042999999967
996.39,1100.37993,10813.905541404914,103.98993000000007
2135.43,2641.92917,256541.40921068896,506.49917000000005
1360.9,1859.19993,248302.82023800482,498.2999299999999
3050.98,2264.8317300000003,618029.1024239924,786.1482699999997
1592.86,1652.2138599999998,3522.8806968995927,59.35385999999994
2350.67,2050.61365,90033.81317532268,300.0563500000003
1878.9,2148.29791,72575.23391236793,269.3979099999997
3729.24,3039.7015600000004,475463.2602376327,689.5384399999994
2454.61,1849.19589,366526.2445870923,605.4141100000002
1723.04,1467.1575400000002,65475.8333356515,255.8824599999998
750.9,1081.83126,109515.49884518757,330.93125999999995
1183.29,1030.0545299999999,23481.109266120922,153.23547000000008
1667.34,2646.9601,959655.5403240097,979.6200999999999
4062.38,2173.66656,3567238.4584366335,1888.71344
1414.25,915.0549199999999,249195.7278962065,499.1950800000001
666.68,1065.6637099999998,159188.00084536397,398.98370999999986
2359.86,2238.69234,14681.601829875617,121.16766000000007
1391.67,1171.22573,48595.67617583288,220.44426999999996
2969.84,2512.94924,208749.16657337782,456.8907600000002
1512.54,3099.8580999999995,2519578.750587608,1587.3180999999995
611.61,1140.91617,280165.02160006884,529.30617
889.72,771.59262,13954.077905664404,118.12738000000002
2702.86,2405.16779,88620.6518946842,297.69221000000016
2322.21,2851.00932,279628.7208324625,528.7993200000001
1699.12,1343.30169,126606.66973125601,355.8183099999999
1448.92,1301.2634400000002,21802.45971103357,147.6565599999999
2481.7,2172.51876,95593.03916793753,309.1812399999999
2180.6,2052.8008800000002,16332.615072774317,127.79911999999968
1073.72,1438.36834,132968.41186475556,364.64833999999996
2449.33,2411.55739,1426.770066212099,37.772609999999986
4655.67,3370.43961,1651817.1553795526,1285.2303900000002
1749.09,1901.23818,23149.068677312443,152.14818000000014
705.27,1375.9023499999998,449747.74886652234,670.6323499999999
1517.72,2114.20909,355799.2344890279,596.4890899999998
2935.07,2224.60815,504756.0403054227,710.4618500000001
2128.18,2417.91479,83946.24853634408,289.73479
4733.36,3321.5813799999996,1993118.8718891046,1411.77862
1253.28,1856.9805000000001,364454.29370025016,603.7005000000001
2820.78,2563.75821,66060.20053480421,257.02179000000024
2002.02,2009.7048499999999,59.05691952249799,7.684849999999869
1475.08,1216.97157,66619.9616370649,258.10843
1567.42,1752.37239,34207.38656671207,184.95238999999992
2832.59,2690.41484,20213.776121025665,142.17516000000023
1690.65,1867.5797400000001,31304.132896467614,176.92974000000004
1631.37,1944.58905,98106.1732829026,313.21905000000015
1300.27,870.43853,184755.09260236088,429.83146999999997
1085.59,755.26338,109115.67588062436,330.32661999999993
3523.6,3624.03228,10086.642865998398,100.43227999999999
895.17,731.91714,26651.49629817958,163.25285999999994
1255.03,973.35074,79343.2055141476,281.67926
2600.06,1961.6495599999998,407567.88990099373,638.4104400000001
1284.43,1925.3413099999998,410767.30728591577,640.9113099999997
1951.87,1869.87084,6723.862240705575,81.99915999999985
2344.09,2089.57171,64779.55994452409,254.51828999999998
1296.09,1376.4366,6455.576131560013,80.34660000000008
1663.41,2813.7364399999997,1323250.9185630726,1150.3264399999996
1594.49,847.64802,557772.9430903204,746.84198
2589.43,2192.9143,157224.70034648993,396.5156999999999
3094.92,2211.46297,780496.3238564209,883.45703
1233.23,1010.8206399999999,49465.92341560965,222.4093600000001
1747.13,2180.46819,187781.98691247604,433.33818999999994
1777.96,831.7491600000001,895314.9537335056,946.21084
1475.04,2270.3861899999997,632575.5619475157,795.3461899999998
3947.61,3180.1553400000003,588986.6551557154,767.4546599999999
583.08,1042.8732,211409.78676623997,459.79319999999996
545.8,689.4485099999999,20634.894425220096,143.64851
1653.36,1711.24095,3350.2043729025245,57.88095000000021
2241.68,2410.1409000000003,28379.074828810168,168.4609000000005
940.79,979.2777600000001,1481.3076698176071,38.487760000000094
1391.12,1752.0458800000001,130267.49085377457,360.92588000000023
2230.67,2067.13991,26742.090335408164,163.5300900000002
3179.69,2523.47681,430615.75072997605,656.2131899999999
1391.77,1892.1271,250357.22752040994,500.35709999999995
1845.58,1710.50968,18243.99134490241,135.07032000000004
2982.7,2483.80133,248899.88292776895,498.89867000000004
1265.97,1046.32595,48243.50870040255,219.6440500000001
1251.71,1439.42612,35237.341707854415,187.71612000000005
1220.23,1569.96588,122315.18575937436,349.73587999999995
1141.9,1464.50773,104075.74745575286,322.60772999999995
643.52,970.27055,106765.92192530248,326.75055
1658.56,2782.54464,1263341.47095593,1123.9846400000001
3263.4,2808.54069,206896.99189367634,454.8593100000003
1206.82,1594.7071300000002,150456.42561963713,387.8871300000003
4069.21,3256.99983,659685.3602514287,812.2101699999998
1639.33,1455.50052,33793.277717070356,183.82947999999988
2523.65,2461.90378,3812.5956842883993,61.746219999999994
1437.22,1941.34404,254141.04770592152,504.1240399999999
1401.35,1896.29727,244972.80008045302,494.9472700000001
1507.13,872.65796,402554.7695417617,634.4720400000001
1847.66,1741.77315,11212.02500292252,105.8868500000001
1703.19,2291.68854,346330.53158213163,588.49854
1142.24,1952.8971900000001,657165.0796986963,810.6571900000001
795.68,1451.68906,430347.8868020836,656.00906
1830.19,2283.6352399999996,205612.5856786572,453.44523999999956
1102.95,486.2739,380289.41231121,616.6761
1339.89,1846.90479,257063.99727874403,507.01478999999995
1120.06,850.22616,72810.30120914555,269.8338399999999
2188.95,1785.3317599999998,162907.6836606976,403.61824
928.71,1574.56643,417130.52817234496,645.85643
1861.85,475.67466,1921482.073224115,1386.1753399999998
2094.32,1545.1636799999999,301572.66379594273,549.1563200000003
3760.46,3264.87759,245601.9251014081,495.58241
3813.06,3051.35858,580189.0532300163,761.7014199999999
967.3,1438.26447,221807.53200238102,470.9644700000001
845.48,1470.23773,390322.22119475296,624.75773
3969.26,2555.3462,1999152.2338304408,1413.9138000000003
509.11,1351.35499,709376.6231801001,842.24499
1602.18,3106.74975,2263730.132615062,1504.5697499999999
1695.51,2000.59377,93076.10671741287,305.08376999999996
964.84,1848.1381099999999,780215.5511295719,883.2981099999998
1812.11,3276.9649899999995,2145800.1417278987,1464.8549899999996
3268.6,2523.90719,554567.3812656961,744.69281
1696.13,1923.74928,51810.53662771835,227.6192799999999
4076.77,2891.3838699999997,1405140.2771963777,1185.3861300000003
1452.26,1756.18385,92369.70659882243,303.9238499999999
1835.6,1535.62222,89986.66849372836,299.97777999999994
1625.05,1696.02731,5037.7785348360985,70.97730999999999
883.4,1506.1017499999998,387757.4694530623,622.7017499999998
1543.56,1939.3933,156684.00138889,395.8333
1909.16,3067.0026,1340599.4863747593,1157.8425999999997
1533.81,1912.09226,143097.46823070757,378.28225999999995
1381.06,915.0549199999999,217160.7345858064,466.00508
1579.7,2382.4094800000003,644342.5092818708,802.7094800000002
1107.14,1633.9200299999998,277497.2000068005,526.7800299999997
2732.83,3232.3485999999994,249518.8317459594,499.5185999999994
1818.62,1257.44999,314911.7801233999,561.1700099999998
1869.87,2185.21971,99445.43959708407,315.34970999999996
2752.19,2788.90204,1347.7738809615919,36.71203999999989
2453.17,1720.14429,537326.6915210043,733.0257100000001
1220.54,1520.5124500000002,89983.47075900262,299.9724500000002
1925.16,2575.05652,422365.48670811043,649.89652
3529.45,2128.78461,1961863.534743851,1400.6653899999997
2550.31,2327.89292,49469.35747572647,222.41708000000017
1709.4,1720.14429,115.43976760409709,10.744289999999864
2352.23,2433.9891900000002,6684.565149456135,81.75919000000022
2677.41,2527.71865,22407.500264822516,149.69135000000006
2193.99,3036.2626599999994,709423.233783475,842.2726599999996
922.06,903.65274,338.8272207075982,18.40725999999995
1766.22,2195.81895,184555.25784110234,429.59894999999983
1679.8,1917.49575,56499.26956806254,237.6957500000001
2045.0,1794.76935,62615.378199422485,250.23064999999997
3076.51,1402.13176,2803542.4905854985,1674.3782400000002
2331.89,2036.83035,87060.19705812246,295.0596499999999
2234.26,1158.77962,1156658.0477649448,1075.4803800000002
1019.05,2055.91327,1075085.440675093,1036.86327
1423.74,698.63126,525782.6848243877,725.10874
691.54,1897.78543,1455028.0373958847,1206.24543
1347.05,1933.29074,343678.20523574756,586.24074
1863.75,2586.0144699999996,521665.96462438034,722.2644699999996
2577.13,2556.93823,407.7075757328962,20.191769999999906
3070.19,3204.43401,18021.45422088007,134.2440099999999
784.09,597.56592,34791.23241984641,186.52408000000003
1704.24,2136.10664,186508.79474488957,431.86663999999996
1440.03,2018.81593,334993.1527659649,578.78593
2133.51,2213.6824,6427.613721759988,80.17239999999993
1136.84,1759.99531,388322.54038119625,623.1553100000001
2814.53,2133.4568299999996,463860.66289384966,681.0731700000006
918.46,988.46051,4900.071400260094,70.00050999999996
408.86,204.03537,41953.129054636905,204.82463
2043.45,1569.01197,225091.44431028093,474.43803
1253.75,1763.43421,259777.993923324,509.6842099999999
1129.79,2132.75776,1005944.3275994177,1002.96776
2675.79,3132.88914,208939.62378873985,457.09914000000026
1999.71,2451.2006699999997,203843.82509704863,451.4906699999997
2189.32,2438.12716,61905.00286726552,248.80715999999984
2990.3,3207.01215,46964.15595762243,216.71214999999984
1816.37,1269.10701,299496.78022374003,547.26299
1742.8,1329.35357,170937.95047974488,413.44642999999996
4807.96,2531.49791,5182279.647207168,2276.46209
1558.44,2002.91707,197559.86575578482,444.4770699999999
1671.21,1794.69768,15249.207111782389,123.48767999999995
975.82,417.80922,311376.03059620847,558.0107800000001
1939.12,2252.37177,98126.67140813309,313.2517700000003
1553.16,1466.09976,7579.4853888576035,87.06024000000002
2630.52,2827.08936,38639.513290809584,196.56935999999996
1325.13,1460.69627,18378.213561712848,135.5662699999998
2581.42,2923.5403,117046.29967209003,342.12030000000004
2114.1,2323.12755,43692.516659002606,209.02755000000025
1005.4,1030.7858,644.4388416400067,25.38580000000013
2886.71,2023.65297,744867.4370324208,863.0570299999999
1839.5,2493.27112,427416.67734605423,653.7711199999999
1600.97,1947.27106,119924.4241571236,346.30106
3264.95,2711.2546099999995,306578.58490725246,553.6953900000003
2006.07,1989.3093099999999,280.9207292761023,16.760690000000068
1666.22,1351.60983,98979.55906742885,314.6101699999999
1928.38,2337.43438,167325.48579718443,409.05438000000004
2178.97,2086.22283,8602.037543008833,92.74716999999964
3380.89,2993.4931399999996,150076.32713785983,387.3968600000003
651.05,597.13554,2906.768997091596,53.91445999999996
1547.43,2849.776,1696105.1037159995,1302.3459999999998
657.66,994.11884,113204.5510141456,336.45884
1572.05,1733.8237199999999,26170.73648263837,161.7737199999999
1350.79,642.98525,500987.56412256253,707.80475
1238.07,1803.45005,319654.60093800246,565.38005
2033.16,2018.78373,206.67713911289934,14.376269999999977
931.42,848.0067300000001,6957.773612092883,83.4132699999999
1009.14,1385.44381,141604.5574205161,376.30381
2616.14,1417.4963699999998,1436746.551739577,1198.64363
927.62,665.6718900000001,68616.81233257207,261.94810999999993
1736.13,1601.7636,18054.32944896003,134.3664000000001
1570.6,1299.04401,73742.65570488002,271.55598999999984
1001.22,1442.07593,194353.95101616485,440.85592999999994
1061.11,1139.42801,6133.710690360129,78.31801000000019
1955.63,2913.9988399999997,918470.8334829449,958.3688399999996
2593.13,2551.46307,1736.1330556249268,41.66693000000032
1124.2,1197.29345,5342.652432902478,73.09344999999985
745.48,964.97093,48176.26835226487,219.49092999999993
946.85,1494.4447300000002,299859.9883237731,547.5947300000001
1733.84,2697.57518,928785.4971696322,963.7351799999999
1313.41,2639.2793599999995,1757929.5597868082,1325.8693599999995
1362.71,438.57732,854021.2102439825,924.13268
2043.49,2352.20379,95304.20413616412,308.71379
1760.11,1943.10089,33485.665822992116,182.99089000000004
3333.79,2906.15328,182873.1642923584,427.63671999999997
1255.36,1926.14425,449951.5100480627,670.7842500000002
1160.45,1626.07447,216806.1470627809,465.62447
2632.8,2616.29183,272.5196767489021,16.508170000000064
1372.7,1890.99765,268632.45399552246,518.29765
1285.8,1713.5182,182942.85861124002,427.7182
1429.4,2950.0384000000004,2312341.143554561,1520.6384000000003
2324.26,3146.4969,676073.5197216098,822.2368999999999
1186.32,706.15031,230562.93119469605,480.16968999999995
1913.16,2504.92814,350189.5315190595,591.7681399999999
2059.67,2293.1767,54525.378944889955,233.5066999999999
590.52,583.88649,44.00345492010001,6.633510000000001
1935.01,2152.0054999999998,47087.0470202499,216.99549999999977
923.15,515.8521900000001,165891.50603079604,407.2978099999999
2608.98,2554.6471300000003,2952.060762436871,54.33286999999973
1215.97,478.32447,544120.9279289809,737.64553
963.99,794.65182,28675.419205712387,169.33817999999997
634.09,209.33499,180416.81852010012,424.75501
2321.07,1855.2846,216956.0388531602,465.7854000000002
1747.36,2465.71524,516034.25083545776,718.3552400000001
1477.42,2151.6789900000003,454625.1855958205,674.2589900000003
1790.81,1319.4533999999999,222177.04436356007,471.35660000000007
1514.93,1288.01439,51490.694061672104,226.91561000000002
1291.1,1517.32839,51179.284441992095,226.22839
2005.94,1981.79026,583.2099420676032,24.149740000000065
1373.26,2011.29688,407091.06024013454,638.0368800000001
1202.68,1153.3044599999998,2437.9439502916225,49.37554000000023
1546.58,1243.398,91919.32512400001,303.182
3822.53,3083.1562999999996,546673.4682516909,739.3737000000006
1293.35,1133.3393,25603.424114489942,160.01069999999982
2902.58,2693.43721,43740.70660898405,209.14278999999988
1262.14,1376.2610599999998,13023.616335523535,114.12105999999972
4775.48,3069.2937,2911071.690307688,1706.1862999999994
2809.72,2158.46677,424130.76958543266,651.2532299999998
919.77,755.69376,26921.012532537596,164.07623999999998
665.23,909.3249199999999,59582.32996980634,244.0949199999999
1682.53,1385.69865,88108.85034282246,296.83134999999993
2404.1,2039.4801599999998,132947.62772162564,364.61984000000007
1592.22,2040.01441,200519.83362724807,447.79440999999997
1090.6,960.90463,16820.888999436876,129.6953699999999
1848.65,2706.05886,735149.9532064996,857.40886
2147.29,2440.34659,85882.16494242818,293.05659000000014
2128.07,2665.88133,289241.0266763689,537.81133
1730.45,1929.1527700000001,39482.79080567294,198.7027700000001
1719.3,1891.95156,29808.561170433608,172.65156000000002
1456.42,1179.9781,76420.12407561002,276.44190000000003
1367.8,1368.7420100000002,0.8873828401003945,0.9420100000002094
1034.85,1465.99589,185886.77846389211,431.14589
2880.18,2782.47297,9546.663711420906,97.70703000000003
1863.97,2309.07556,198118.95954291377,445.1055600000002
1691.41,2528.0451599999997,699958.3909482249,836.6351599999996
1190.38,1277.84553,7650.21893818089,87.46552999999994
1253.82,1371.13698,13763.273796320413,117.31698000000006
3145.68,3465.0436799999998,101993.16010314235,319.36367999999993
589.91,227.45328,131374.87387315836,362.45671999999996
1737.98,2549.34751,658317.2362836002,811.36751
2424.64,2950.0384000000004,276043.4787225605,525.3984000000005
1449.63,1032.4495,174039.56958025013,417.18050000000017
1278.89,1954.16271,455993.2328707441,675.27271
1121.49,1960.84662,704519.5355378244,839.35662
1177.7,967.62074,44133.29548214764,210.0792600000001
4494.31,3391.63809,1215885.3411030492,1102.6719100000005
1885.48,1289.24771,355492.943638644,596.2322899999999
2768.58,3173.6223999999997,164059.34579775986,405.0423999999998
1375.11,1188.98531,34642.40022759605,186.12468999999987
2054.39,2473.5607999999997,175704.15957263988,419.1707999999999
1771.8,473.02485,1686816.8902575222,1298.77515
1330.24,2857.72543,2333211.738862285,1527.48543
3180.14,3198.70401,344.62246728010194,18.564010000000053
1046.03,1390.56789,118706.35764565214,344.53789000000006
1324.97,1601.24007,76325.15157780492,276.27007000000003
945.14,2321.26683,1893725.0522458493,1376.1268300000002
1426.87,2217.3899899999997,624921.8545895998,790.5199899999998
3708.89,2952.25783,572492.2406789087,756.6321699999999
895.07,975.21146,6422.65361093159,80.14145999999994
860.15,1844.78923,969514.4132549932,984.6392300000001
3564.07,2840.41008,523683.6798144065,723.65992
3585.24,3041.29359,295877.6969518876,543.9464099999996
2105.68,2521.79163,173148.88862125718,416.11163000000033
2746.23,3062.7607599999997,100191.72202617738,316.53075999999965
1618.88,2794.56037,1382224.332403337,1175.68037
1263.98,1173.44516,8196.557253825606,90.53484000000003
3563.86,2295.72264,1608172.36382777,1268.1373600000002
1276.79,2687.51019,1990131.454473636,1410.72019
2169.37,2070.32397,9810.116058760896,99.04602999999997
3356.86,3033.34416,104662.49873090562,323.51584
1685.91,1516.01577,28864.049387292936,169.8942300000001
2472.43,2739.1692000000003,71149.80081664023,266.73920000000044
742.84,710.71866,1031.780483395602,32.12134000000003
2607.14,2138.32607,219786.50096204472,468.8139299999998
2345.4,2395.03113,2463.249065076876,49.63112999999976
3149.09,2221.00443,861342.8252422252,928.0855700000002
1724.79,2414.5337099999997,475746.3854845637,689.7437099999997
1760.11,1741.0740799999999,362.36625024640125,19.035920000000033
1425.95,718.16604,500958.1340332817,707.7839600000001
1695.75,1645.25054,2550.1954602916,50.49946
1598.47,2262.4367599999996,440851.858384897,663.9667599999996
2403.88,1934.02201,220766.5307668403,469.8579900000002
3495.48,3193.40439,91249.67415687202,302.07560999999987
2857.06,2861.96727,24.081298852901504,4.907270000000153
750.17,605.08497,21049.665930100888,145.08502999999996
1197.92,991.89941,42444.48350394813,206.02059000000008
1756.04,2683.26835,859752.4130437223,927.2283499999999
1888.26,1612.39504,76101.47615580153,275.8649599999999
2367.48,2433.18625,4317.311289062524,65.70625000000018
1475.32,515.8521900000001,920578.4784261958,959.4678099999999
1629.32,1423.7028,42278.43293583996,205.6171999999999
3309.11,2248.56031,1124765.6449590968,1060.5496900000003
919.76,1020.18656,10085.493953433599,100.42656
1647.25,2763.56559,1246160.4964770484,1116.3155900000002
2794.77,1728.5240999999999,1136880.3192668103,1066.2459000000001
2812.46,2883.79315,5088.41828892249,71.33314999999993
987.56,1044.10652,3197.5089241104115,56.5465200000001
1308.78,1455.9309,21653.387370810025,147.1509000000001
1621.38,1788.08544,27790.703725593583,166.70543999999995
4474.82,3431.38524,1088756.0983762569,1043.4347599999996
1597.08,1976.38677,143873.625767833,379.30677000000014
1279.81,1297.98623,330.3753370129012,18.176230000000032
3644.75,2266.57473,1899367.0748395734,1378.1752700000002
1254.82,1218.5636,1314.526540959999,36.256399999999985
1972.39,1768.62996,41518.15390080165,203.76004000000012
811.11,1872.34511,1126219.9586967123,1061.23511
1769.63,1737.7390500000001,1017.0326919024984,31.890949999999975
1457.63,2274.2693200000003,666899.7789700627,816.6393200000002
2423.96,2305.00926,14149.278546547654,118.95074000000022
995.68,2675.31892,2821186.9015787677,1679.6389200000003
3186.93,3333.77265,21562.763859022514,146.84265000000005
2814.32,2977.69815,26692.4198974225,163.37815
4385.07,2101.76298,5213490.947581279,2283.3070199999997
2363.76,3208.5003099999994,713586.1913388948,844.7403099999992
1248.24,748.97765,249262.89412752248,499.26234999999997
4450.74,3320.16489,1278200.0793515116,1130.5751099999998
1727.2,1523.16226,41631.399344307596,204.03773999999999
1009.08,1524.29171,265443.106121124,515.2117099999999
1933.3,2036.47164,10644.387300289605,103.17164000000002
797.36,269.85024000000004,278266.5468952575,527.5097599999999
2184.36,2097.9515199999996,7466.425415910488,86.40848000000051
1522.3,2059.69253,288790.73129980074,537.3925299999999
1342.97,2104.23725,579527.8259225626,761.2672500000001
3197.64,3362.56185,27199.216607422557,164.92185000000018
1620.5,1114.1632299999999,256376.924654033,506.3367700000001
774.99,1605.9337699999999,690467.5489018126,830.9437699999999
2157.22,2557.29694,160061.5579197639,400.0769400000004
1150.48,627.08639,273940.8709888321,523.39361
868.81,1201.43142,110637.00904281637,332.62141999999994
3237.16,2616.3957,385348.31615448976,620.7642999999998
1196.4,1069.11646,16201.099554931634,127.28354000000013
1520.46,2173.5626899999997,426543.12368523574,653.1026899999997
4248.89,3713.26506,286894.0763500038,535.6249400000002
1471.0,1638.53443,28067.785235424875,167.53442999999993
3533.01,2887.67628,416455.6101690385,645.3337200000001
1595.61,2500.59315,818994.5017839229,904.9831500000003
1542.2,1915.90372,139654.47034183837,373.70372
2366.93,2166.24066,40276.211189635564,200.6893399999999
1238.39,1340.75575,10478.746773062487,102.36574999999993
3207.38,2316.92112,792917.0169708546,890.4588800000001
951.28,1324.85689,139559.69274207213,373.57689000000005
1114.49,1528.53355,171432.06129660257,414.0435500000001
1559.53,2270.9204400000003,506076.3581233941,711.3904400000004
1365.29,1922.79537,310812.23757883697,557.5053700000001
1759.64,2628.3075599999997,754583.329796353,868.6675599999996
1481.68,1587.9910200000002,11302.03297344042,106.3110200000001
3742.07,2970.87817,594736.8386587492,771.1918300000002
2310.2,2788.83037,229087.0310863372,478.6303700000003
1577.56,2004.93948,182653.21992507044,427.37948000000006
4354.64,2528.8481,3333516.0621056105,1825.7919000000002
1080.62,2364.29119,1647811.7240360163,1283.67119
717.59,219.50385,248089.81282182253,498.08615000000003
2326.69,2625.22737,89124.56128651691,298.53737
1797.92,2290.16818,242308.27071331243,492.24818000000005
958.31,1079.97054,14801.28699309162,121.66054000000008
3722.93,1712.19486,4043055.803230819,2010.7351399999998
1716.43,949.50245,588177.8669490027,766.9275500000001
1373.56,739.36452,402203.9068524304,634.19548
1229.2,1546.90668,100937.5345166224,317.70668
906.72,1475.89606,323961.38727712363,569.17606
4220.07,2864.25837,1838225.1760432562,1355.8116299999997
1169.97,816.28068,125096.13508206245,353.68932000000007
2417.15,1800.17284,380660.81596166576,616.9771600000001
3946.65,2531.42624,2002858.2908685384,1415.2237600000003
3291.69,2774.16483,267832.3015835288,517.5251699999999
1511.17,1675.88661,27131.561609892084,164.71660999999995
987.58,821.50863,27579.6999336769,166.07137
3417.44,3376.16961,1703.245090752111,41.270390000000134
2517.67,838.21043,2820584.4472645847,1679.45957
1760.31,2740.50639,960784.9629690322,980.1963900000001
1519.16,1387.64939,17295.04054257211,131.51061000000004
1055.14,1885.7697,689945.69852209,830.6297
2571.54,2493.7015,6058.832082249975,77.83849999999984
2232.83,2827.41587,353532.3568036568,594.5858699999999
2966.87,2635.30308,109936.62243828624,331.56691999999975
2921.42,3189.5212599999995,71878.28561358732,268.10125999999946
3084.9,2732.8256499999998,123956.34792792273,352.0743500000003
2165.01,2695.02924,280920.3947701772,530.0192399999996
1714.97,1993.98153,77847.43387294089,279.01153
2588.74,1930.3860900000002,433429.87081228755,658.3539099999996
1778.68,1342.2439100000001,190476.46065448804,436.4360899999999
1369.25,1170.43664,39526.75211448964,198.8133600000001
1215.25,1332.44761,13735.279789712085,117.19760999999994
1999.03,2201.22244,40881.782793153616,202.19244000000003
1566.8,2271.44397,496523.1244573607,704.6439699999999
2568.27,2240.43534,107475.56429731559,327.83466
1083.82,1370.6027299999998,82244.33422625285,286.7827299999999
2117.78,2162.6047399999998,2009.257316067561,44.824739999999565
2694.61,2073.40416,385896.6956501057,621.2058400000001
2172.33,2002.45449,28857.68889776005,169.87550999999985
1673.55,2329.9153300000003,430815.4464260093,656.3653300000003
3490.84,2118.02055,1884633.2422983025,1372.81945
1569.68,2017.6542799999997,200680.9555415181,447.9742799999997
3558.43,2811.1905,558366.8703602495,747.2394999999997
2741.04,2371.8102400000002,136330.6156696574,369.2297599999997
1562.79,2708.27829,1312143.4225271246,1145.4882900000002
1578.65,1803.18136,50414.33162344958,224.53135999999995
2287.87,3085.55127,636295.408508813,797.68127
1766.28,1558.8431100000003,43030.063332871985,207.43688999999972
1943.21,2009.2744699999998,4364.514196380874,66.0644699999998
2331.61,2228.77832,10574.354411622448,102.83168000000023
1555.41,2386.5474499999996,690789.4607925017,831.1374499999995
1228.3,1774.47768,298310.0581301824,546.17768
806.13,1082.26164,76248.68260908958,276.13163999999995
2601.17,2041.17606,313593.21283672366,559.9939400000001
4648.73,2221.52796,5891309.74298016,2427.2020399999997
3094.44,2435.30181,434463.1535164763,659.1381900000001
1407.13,2284.79689,770299.169802272,877.66689
3138.95,2478.6055800000004,436054.75302513567,660.3444199999994
2291.01,2515.95776,50601.4947290174,224.94775999999956
1779.94,2275.3271,245408.3788464099,495.3870999999999
2321.56,1347.90224,948009.4336082177,973.65776
2176.79,1346.48575,689405.1475680623,830.3042499999999
1018.58,658.88411,129381.13328289216,359.6958900000001
1777.9,2263.22585,235541.18067822224,485.3258499999997
1287.06,755.26338,282807.64504342433,531.79662
1836.79,2116.8589,78438.58874721012,280.0689000000002
2451.68,1755.0221999999999,485332.0903008399,696.6578
1184.72,1456.45443,73839.60044742489,271.73443
1251.12,1078.55405,29779.007099402475,172.56594999999993
2141.79,1894.34653,61228.270845640865,247.44346999999993
793.48,204.03537,347444.9718358368,589.44463
3622.65,3507.44064,13273.196631609666,115.20936000000029
1905.03,2296.52558,153268.78915953642,391.49558
1917.81,2340.5145700000003,178679.1534988852,422.70457000000033
4246.76,3107.00459,1299042.3946242686,1139.7554100000002
2662.4,1715.27505,897045.6709125027,947.1249500000001
1015.53,1401.70138,149128.3347311044,386.17138
1361.31,1522.80355,26080.166691602546,161.49355000000014
3681.85,2657.20063,1049906.331441397,1024.64937
929.34,977.86127,2354.313642412896,48.52126999999996
704.65,190.78632000000002,264055.88162314234,513.8636799999999
794.17,108.64220999999999,469948.3508622841,685.52779
1407.23,1665.28737,66593.6062113169,258.05737
3065.64,2543.51364,272615.93580684933,522.1263599999997
1326.34,1480.40659,23736.51415422814,154.06659000000013
1681.81,2236.04253,307173.6973102011,554.2325300000002
3217.09,2248.02606,939084.9198083236,969.06394
1349.91,2096.82207,557877.640311685,746.9120700000001
3107.77,2785.12278,104101.2285737283,322.64721999999983
2229.17,2091.5941199999997,18927.12275777449,137.57588000000032
3644.4,2932.72305,506484.0811613026,711.67695
1388.76,1162.91759,51004.79415460809,225.84240999999997
2102.78,2382.48115,78232.73331132243,279.70114999999987
4366.83,3681.89772,469132.2281859984,684.93228
2949.6,3157.7235399999995,43315.40790213143,208.1235399999996
2814.42,2526.73254,82764.07464125166,287.6874600000001
1255.77,1232.79876,527.6778671376037,22.97124000000008
769.85,939.53061,28791.5094099721,169.68061
1198.2,2041.60644,711334.4230334735,843.40644
1734.74,1490.3784300000002,59712.5768928648,244.3615699999998
771.81,1924.9825999999998,1329807.0453907598,1153.1725999999999
1884.65,2360.65527,226581.017067773,476.0052700000001
2606.17,3132.81747,277357.5576574008,526.6474699999999
1187.43,1794.87322,368987.26552396826,607.4432199999999
1544.24,1936.9983300000001,154259.105784389,392.7583300000001
610.1,132.4905,228110.83449025,477.6095
877.93,910.55824,1064.6020454976003,32.628240000000005
3726.04,2420.7401400000003,1703807.7245160185,1305.2998599999996
1287.64,1644.62314,127436.96224425947,356.9831399999998
1166.4,296.34834,756989.8910687558,870.0516600000001
1782.91,948.3408000000001,696505.74958864,834.5692
2609.65,2825.9993799999997,46807.05422638425,216.34937999999966
1795.68,2622.32272,683338.1865289985,826.64272
2584.76,1682.9538,813254.4223584404,901.8062000000002
1061.44,1016.3751000000001,2030.8452120099969,45.064899999999966
3416.85,2731.59233,469578.07429382886,685.25767
2309.9,2889.52315,335962.9960159224,579.6231499999999
965.95,1463.70479,247759.83096794406,497.75478999999996
1365.33,1872.0902700000001,256805.9712504731,506.7602700000002
3312.02,2478.50171,694752.739764524,833.51829
3650.32,3154.0876200000002,246246.57496046432,496.2323799999999
667.44,627.51677,1593.8642936329084,39.9232300000001
2243.0,2644.75452,161406.69434043037,401.75451999999996
697.95,1170.7953499999999,223582.72501662234,472.8453499999998
892.87,1841.78071,900431.5355527041,948.91071
1663.83,1894.24266,53089.99388827558,230.41265999999996
1932.27,2105.47057,29998.43744832489,173.20056999999997
1132.0,1154.53778,507.951527328405,22.53778000000011
1309.43,1936.9983300000001,393842.008818989,627.5683300000001
2289.5,2448.7264000000005,25353.04645696015,159.22640000000047
2378.94,2519.8408900000004,19853.0608027922,140.90089000000035
932.61,994.11884,3783.3373981455957,61.508839999999964
1139.02,804.19328,112108.93242595841,334.82672
2155.33,2087.28061,4630.719479372117,68.04939000000013
1274.41,1142.88076,17299.94097497762,131.52924000000007
945.67,805.68144,19596.796930873603,139.98856
1216.56,1385.69865,28607.882923822533,169.1386500000001
2645.43,3308.7627099999995,440010.28415594366,663.3327099999997
851.67,963.55444,12518.12791411361,111.88444000000004
1586.36,2132.75776,298550.51213301765,546.3977600000001
2474.58,2414.2072000000003,3644.8749798399567,60.37279999999964
1281.64,1554.95998,74703.81146720039,273.31998
1891.61,2641.92917,562978.8568694888,750.31917
1285.31,1205.94195,6299.287360802507,79.36805000000004
934.13,1329.7978,156553.00795684004,395.66780000000006
1230.63,1539.68852,95517.16878459029,309.0585199999998
4444.37,3074.59332,1876288.1530718221,1369.77668
3744.19,3349.67151,155644.83895188005,394.51848999999993
1074.69,2333.9816299999998,1585815.4093880563,1259.2916299999997
1689.75,2230.28033,292173.037649909,540.53033
1385.51,1755.12607,136616.03920224492,369.61607000000004
1165.38,1120.52063,2012.3630767969114,44.859370000000126
884.41,1531.00782,418088.7408287525,646.5978200000001
905.13,1278.02107,139047.75008574492,372.89107
1648.98,2794.56037,1312354.3841293373,1145.5803700000001
3181.29,1733.92759,2094857.945881008,1447.36241
1447.39,1557.17941,12053.71454814807,109.78940999999986
1075.3,940.39137,18200.338448476872,134.9086299999999
1650.7,1826.4954,30904.02266115999,175.79539999999997
1034.71,680.08259,125760.59992330814,354.62741000000005
879.57,779.54205,10005.590781202507,100.02795000000003
1476.8,2213.6824,542995.6714297603,736.8824000000002
1890.25,1762.97163,16199.783469856899,127.27837
1738.92,1789.39806,2548.0345413635914,50.478059999999914
1122.58,1753.2792,397781.48088064004,630.6992
781.46,1072.1966499999999,84527.7996532224,290.7366499999998
3754.03,3111.69066,412599.8277116356,642.33934
2124.34,3178.2946199999997,1110820.3410193434,1053.9546199999995
1709.07,2642.46342,871223.2764992967,933.3934200000001
1143.2,518.0716199999999,390785.49148142454,625.1283800000001
2492.43,1428.0956099999999,1132807.6937366722,1064.33439
3415.68,2362.3404499999997,1109524.2075942028,1053.3395500000001
3101.03,2170.55417,865785.2702141895,930.4758300000003
3679.66,2956.93005,522338.5806270024,722.7299499999999
1964.07,1641.54295,104023.69798170244,322.5270499999999
1091.05,1673.30847,339024.9258867409,582.25847
704.15,261.90081,195584.3460556561,442.24919
2682.67,2940.0665599999998,66252.98909983343,257.3965599999997
1519.92,862.05872,432781.4637232385,657.8612800000001
1363.66,2336.3766,946177.5839155599,972.7166
2362.27,2123.32017,57097.02125702891,238.94983000000002
963.74,1042.44282,6194.133875952396,78.70281999999997
1395.52,1665.35904,72813.10750812164,269.83904000000007
3326.61,2932.9778899999997,154946.23802305246,393.63211000000047
2224.68,1670.33215,307301.5387996224,554.3478499999999
2632.73,2330.97311,91057.22066247217,301.7568900000001
1224.69,2598.47443,1887283.6601104254,1373.7844300000002
1368.59,1836.30555,218757.83571180262,467.7155500000001
1079.86,1544.98814,216344.18661985963,465.12814000000003
1191.94,1419.81967,51929.143999308915,227.87967000000003
2389.62,1824.7523999999999,319075.40552976006,564.8676
1683.7,2286.38892,363233.9342907662,602.6889199999998
2405.5,2002.28967,162578.57021870898,403.2103300000001
2525.91,2578.13671,2727.6292374241384,52.22671000000037
1199.45,1966.14624,587823.1244301376,766.69624
1442.43,786.70239,429978.6985163121,655.72761
2929.77,2721.8538499999995,43229.12543082269,207.91615000000047
1701.42,1694.0049,54.98370801000246,7.415100000000166
1549.1,1553.11311,16.105051872100777,4.013110000000097
1365.57,858.17559,257449.08729924797,507.3944099999999
1227.97,1625.5402199999999,158062.07983084826,397.57021999999984
854.44,571.87076,79845.37539417762,282.56924000000004
1428.26,2042.66422,377492.5455538083,614.4042199999999
852.32,1359.6309299999998,257364.37969746467,507.31092999999976
1353.63,1185.17385,28377.47447282257,168.4561500000002
1688.92,2395.65853,499479.34978656104,706.7385300000001
1265.3,707.63847,310986.3820419409,557.66153
2436.73,3443.8451999999997,1014281.0260710395,1007.1151999999997
718.92,689.4485099999999,868.568722820101,29.471490000000017
895.48,1517.32839,386695.42014559195,621.8483899999999
1746.38,1904.31837,24944.528718256854,157.93836999999985
2619.26,2165.88195,205551.65622180272,453.37805000000026
1177.32,1865.45346,473527.65877157165,688.13346
2540.59,1732.7659399999998,652579.7119148842,807.8240600000004
1156.47,1914.7420699999998,574976.5321420846,758.2720699999998
1569.3,2506.8466799999997,878993.7771790219,937.5466799999997
2222.85,2088.4100599999997,18074.097467203654,134.4399400000002
2514.92,2947.38859,187029.08133658805,432.46858999999995
4195.53,2392.6500100000003,3250376.2583423983,1802.8799899999995
2690.33,2579.65707,12248.497434784838,110.67292999999972
824.55,1076.2629499999998,63359.40919770243,251.71294999999986
2934.74,2221.00443,509418.46388322464,713.7355699999998
354.84,681.49908,106706.15454644644,326.6590800000001
3983.54,2637.0599299999994,1813008.5789072064,1346.4800700000005
1578.46,1598.5902600000002,405.22736766760545,20.130260000000135
2831.46,3090.04795,66867.72788520255,258.5879500000001
911.27,1356.98112,198658.40249165436,445.71111999999994
1602.44,1899.0187500000002,87958.95495156257,296.5787500000001
1022.24,1356.2959,111593.34432481004,334.05590000000007
1560.77,1363.4423900000002,38938.18566831203,197.32760999999982
1531.29,2598.10187,1138087.565972897,1066.81187
1275.98,657.72246,382242.38576685166,618.2575400000001
1611.13,1678.7119599999999,4567.321317441567,67.58195999999975
2352.56,2027.99868,105340.05044014241,324.56132
1144.76,1877.2143499999997,536489.3748339221,732.4543499999997
930.93,1646.1113,511484.2918696901,715.1813000000001
1899.12,1870.85695,798.7999953024884,28.263049999999794
1038.33,1527.0453900000002,238842.7324228524,488.7153900000003
876.59,1627.20392,563421.2568977663,750.6139199999999
1274.16,1111.9438,26314.095542440024,162.21620000000007
1992.07,1479.7791900000002,262441.87401045585,512.2908099999997
3596.02,3382.52701,45579.25677914018,213.4929900000002
2266.47,2067.2115799999997,39703.91794089645,199.25842000000011
1383.78,2112.6170599999996,531203.460029443,728.8370599999996
2803.03,2014.2153799999996,622228.5047257453,788.8146200000006
3009.28,2208.27891,641602.7461811884,801.0010900000002
3256.52,2537.3317800000004,517231.69578676776,719.1882199999995
1324.17,2090.25693,586889.1843168248,766.0869299999999
1619.69,2684.3261299999995,1133450.0893013757,1064.6361299999994
1896.35,1422.79599,224253.40038707995,473.55400999999983
1638.33,1231.3105999999998,165664.7919763601,407.01940000000013
1238.66,1804.50783,320183.7667157088,565.8478299999999
1515.52,1212.76193,91662.44895012495,302.7580700000001
2016.66,2277.97691,68286.52745194799,261.3169099999998
2424.35,2072.9737800000003,123465.24798148815,351.37621999999965
4033.23,3209.73363,678146.2714031766,823.4963699999998
1064.93,1842.8384899999999,605141.6188140798,777.9084899999998
2782.55,2454.0260200000002,107928.00543504037,328.52397999999994
1079.89,1401.16713,103218.99426103686,321.27712999999994
791.62,1037.31874,60367.870837587565,245.69873999999993
1667.01,1401.59751,70443.78984800006,265.41248999999993
1761.31,1716.79541,1981.5487228681,44.51459
4030.86,3096.40535,873205.4929066227,934.4546500000001
2401.96,2108.47909,86131.04453442823,293.4809100000002
3080.89,1970.06157,1233939.8008962644,1110.8284299999998
825.15,558.62171,71037.32937032408,266.52828999999997
2491.74,2190.26449,90887.48312975996,301.47550999999976
3025.7,2305.2641,519027.8860088099,720.4359
1572.59,1433.0687200000002,19466.187572838317,139.5212799999997
2277.8,1506.83302,594390.0842503207,770.9669800000001
2777.04,2844.0460000000003,4489.804036000042,67.00600000000031
4127.16,3578.98551,300495.27148675994,548.1744899999999
1324.61,1705.94133,145413.58323956907,381.3313300000002
3398.49,2881.14334,267647.5666131553,517.3466599999997
1140.05,1432.71001,85649.88145320013,292.66001000000006
668.39,975.57017,94359.65684122889,307.18017
2147.95,2375.9482099999996,51983.18376320398,227.99820999999974
1963.54,2378.3431800000003,172061.67813811268,414.80318000000034
2360.93,2100.42579,67862.44342772412,260.50421000000006
1728.78,1688.77695,1600.2440093025025,40.00305000000003
3958.15,3346.59132,374004.0190833425,611.5586800000001
2686.26,2428.5857,66396.04488049007,257.67430000000013
1948.04,2376.48246,183562.9415308518,428.4424600000002
1318.24,1486.13659,28189.26493362812,167.89659000000006
2793.78,2412.79071,145152.83909470408,380.98929
741.69,956.66279,46213.30044038407,214.97278999999992
4201.18,3138.18876,1129950.3763167383,1062.9912400000003
1003.25,1035.09931,1014.3785474761038,31.84931000000006
4646.55,3028.7436099999995,2617297.5155248344,1617.8063900000006
1089.62,1514.6785799999998,180674.7964316163,425.0585799999999
1923.09,1386.2329,288215.54582040996,536.8571
1790.36,1374.40034,173022.43874731558,415.95966
2227.31,2399.3661199999997,29603.308429454308,172.05611999999974
1868.07,1621.8326299999999,60632.84238451693,246.23737000000006
1263.73,340.96473000000003,851495.7435181729,922.76527
4052.55,3391.63809,436804.55277984845,660.9119100000003
1322.76,1934.4523900000002,374167.5799839123,611.6923900000002
2510.72,2212.87946,88708.98726749142,297.8405399999997
441.65,514.99143,5378.965354444908,73.34143000000006
931.46,670.54113,68078.65672207695,260.9188700000001
998.84,1082.18997,6947.217499000879,83.34996999999987
1163.99,1080.7734799999998,6924.989200910429,83.21652000000017
1602.6,915.85786,471614.76685177954,686.74214
3327.58,2943.2506200000003,147709.07233118414,384.3293799999997
1166.7,2021.36187,730446.9120318968,854.6618699999999
4326.73,3072.55706,1572949.7634282422,1254.1729399999995
1877.43,2023.1294400000002,21228.326816313627,145.6994400000001
3331.7,2861.1781800000003,221390.7830961119,470.5218199999995
4387.54,2637.0599299999994,3064180.475467207,1750.4800700000005
2719.47,1643.20665,1158342.7985532219,1076.2633499999997
1958.58,1437.63707,271381.53631698486,520.9429299999999
4314.51,2926.99305,1925203.286537303,1387.5169500000002
1691.35,1675.45623,252.61192481289694,15.893769999999904
3315.47,2783.17204,283341.1182201615,532.2979599999999
1465.42,1906.79264,194809.80734056944,441.3726399999998
2712.31,2187.43914,275489.4196771396,524.87086
2201.47,1161.42943,1081684.3872459247,1040.04057
1879.52,1473.14238,165142.7700368644,406.37762
2354.01,1784.27398,324599.1324854407,569.7360200000003
2232.14,1720.57467,261699.0868580088,511.5653299999999
965.57,1213.26398,61352.30772824035,247.6939799999999
1241.04,1266.8875799999998,668.0973918563938,25.84757999999988
850.19,1923.3188999999998,1151605.6360152094,1073.1288999999997
1113.95,1131.11987,294.80443581689815,17.169869999999946
791.21,853.30635,3855.9566833224894,62.096349999999916
1359.23,1866.24255,257061.72585750243,507.0125499999999
3224.77,3192.6014499999997,1034.8156091025207,32.16855000000032
1095.77,1128.4700599999999,1069.293924003593,32.700059999999894
2982.04,2913.9988399999997,4629.599454145629,68.04116000000022
1339.56,1366.45091,723.1210406281041,26.890910000000076
2812.15,1714.32114,1205228.2058488997,1097.82886
1423.7,2279.92765,733125.7886245226,856.22765
1442.1,1830.1236900000001,150562.38400121627,388.0236900000002
1087.76,1079.7157,64.71076249000033,8.044300000000021
2191.88,1502.76672,474877.11267235846,689.11328
581.26,367.46283,45709.2299000089,213.79717
3717.35,2234.77701,2198022.6706775404,1482.5729900000001
1542.89,1494.71342,2320.9828604964055,48.17658000000006
3538.55,2573.9987400000005,930359.1331675871,964.5512599999997
3925.43,2770.35337,1334202.021172157,1155.07663
1113.72,1153.3761299999999,1572.6086465768878,39.65612999999985
1040.53,1238.09838,39033.26477582438,197.56837999999993
4441.11,3312.14379,1274564.703321763,1128.9662099999996
922.31,647.05155,75767.21429640245,275.2584499999999
4085.06,2679.4568899999995,1975720.1028416734,1405.6031100000005
1456.75,1161.42943,87214.23906512496,295.3205700000001
916.53,1239.76208,104478.9775411264,323.23208
2295.21,1694.0049,361447.57226601016,601.2051000000001
3291.98,3006.84606,81301.36373992369,285.13394000000017
1026.59,1443.56409,173867.39173132824,416.97409000000016
1638.09,1527.0453900000002,12330.905410052032,111.0446099999997
2415.27,2198.11005,47158.44388400259,217.1599500000002
1302.01,1533.22725,53461.41669756246,231.21724999999992
2535.56,3188.8938599999997,426845.13262249925,653.3338599999997
1762.46,941.55302,673888.2698127206,820.9069800000001
785.8,795.44091,92.94714562810147,9.640910000000076
4767.21,3739.76316,1055647.0090259858,1027.44684
1747.91,2696.5174,899855.9993347602,948.6074000000001
2326.49,2104.23725,49396.284882562344,222.25274999999965
3453.43,3409.0251099999996,1971.7942559121223,44.40489000000025
959.1,981.56886,504.8496696995977,22.46885999999995
1461.28,837.40749,389216.9087337,623.8725099999999
795.28,1891.42803,1201540.503672881,1096.14803
3431.37,2568.69912,744201.0471999738,862.6708799999997
2119.84,2262.6123000000002,20383.929647290024,142.7723000000001
1018.01,2035.14517,1034563.9540509289,1017.13517
3561.5,2866.4061300000003,483155.4881115765,695.0938699999997
1608.42,1553.54349,3011.431349780106,54.87651000000005
1072.63,1830.1236900000001,573796.6903898161,757.49369
711.64,499.52295,44993.6429007025,212.11705
4694.81,2536.9014,4656569.525953961,2157.9086
1375.07,843.9404300000001,282098.62012838473,531.1295699999998
1901.15,2431.6658899999998,281447.10954249173,530.5158899999997
968.48,1657.87219,475261.59163299616,689.39219
1180.86,1495.67805,99110.40460580256,314.8180500000001
1928.73,2031.6024,10582.730681759995,102.87239999999997
2121.25,1822.4290999999998,89293.9302768101,298.82090000000017
2333.07,1398.24863,873890.9938086771,934.8213700000001
2048.55,1248.4427799999999,640171.5634961289,800.1072200000003
1162.39,1333.49154,29275.736990371563,171.1015399999999
1281.12,1058.41335,49598.25195422243,222.70664999999985
1329.06,1045.1643,80596.76847849002,283.89570000000003
1140.49,1012.23713,16448.798663236907,128.25287000000003
1753.7,1785.69047,1023.3901708208974,31.99046999999996
1968.05,2394.67242,182006.68924665634,426.6224199999999
1371.27,3036.2626599999994,2772200.557853874,1664.9926599999994
804.42,1105.05215,90379.68961362251,300.63215
1447.33,1769.17806,103586.17372576363,321.84806000000003
1087.96,1385.44381,88496.61721211606,297.48380999999995
2506.95,2802.5098,87355.59537604,295.5598
962.71,703.1279400000001,67382.84587384357,259.58205999999996
2529.92,2624.6138199999996,8966.919546192306,94.6938199999995
1861.56,1789.5736,5182.041784960001,71.9864
1232.42,1382.6184600000001,22559.57738637162,150.19846000000007
2766.72,2402.62185,132567.46283342235,364.0981499999998
1290.04,1463.88033,30220.460334508898,173.84033
3224.03,2716.22772,257863.15557319875,507.80228000000034
2614.64,2874.68207,67621.87816988488,260.04206999999997
1312.02,1788.08544,226638.30316239368,476.0654400000001
1325.63,1333.06116,55.22213894559797,7.431159999999863
2014.48,2166.77491,23193.73961190812,152.29491000000007
1050.87,2347.2306799999997,1680551.0126500619,1296.3606799999998
774.84,1108.75974,111502.39276166755,333.91973999999993
2186.71,3105.1577199999997,843546.2143731978,918.4477199999997
1066.17,1815.64132,561707.2595025422,749.4713199999999
2280.3,2460.38342,32430.038158896376,180.08341999999993
1128.77,1870.75308,550538.8910062864,741.98308
521.84,1453.10555,867255.5246168025,931.26555
1340.87,1349.9385000000002,82.23769225000568,9.068500000000313
4333.6,2507.75349,3333715.478079181,1825.8465100000003
2349.47,2443.35511,8814.413879712132,93.88511000000017
1606.46,1039.96855,320912.56292310246,566.49145
1617.46,2075.51972,209818.70708647816,458.05971999999974
1027.56,1275.26739,61358.95106061212,247.70739000000003
933.21,269.85024000000004,440046.1711872577,663.35976
2117.57,2170.55417,2807.3222705888707,52.98416999999972
764.78,1277.84553,263236.23807418096,513.0655300000001
2643.52,2580.71485,3944.4868665225176,62.80515000000014
1355.36,2038.4223799999997,466574.2149712642,683.0623799999998
1666.48,953.2100399999999,508754.0358384017,713.2699600000001
640.09,1407.001,588152.4819209999,766.911
3608.59,3006.84606,362095.76932672394,601.7439400000003
1121.29,1087.13088,1166.845479174402,34.15912000000003
4369.86,2613.2116399999995,3085813.46069069,1756.6483600000001
3216.78,3283.42626,4441.723971987598,66.64625999999998
1774.06,1141.28873,400399.48013741284,632.77127
1324.79,1210.18379,13134.583370564082,114.60620999999992
2293.34,2486.91372,37470.78507463835,193.57371999999987
3550.31,2526.30216,1048592.0563814652,1024.0078399999998
1969.49,1227.14043,551082.8840791851,742.3495700000001
2920.31,2505.53406,172039.08040288358,414.77594
1688.4,2029.38297,116269.38583002076,340.9829699999998
2138.39,2497.5846300000003,129020.7822208372,359.1946300000004
940.39,1662.27885,521123.5117543224,721.8888499999999
1265.66,1815.28261,302085.013423212,549.6226099999999
965.66,1496.73583,282041.53721018904,531.0758300000001
1879.56,2820.62809,885609.1500162485,941.0680900000002
1531.73,1729.78962,39227.613074544395,198.05962
4211.53,3275.11812,876867.2090051337,936.4118799999997
1276.98,2016.06225,546242.5722650624,739.0822499999999
1204.25,563.11839,411049.74134119216,641.13161
3110.62,3090.04795,423.20924120249026,20.572049999999763
753.72,1509.80934,571671.0900616356,756.08934
1131.55,1780.8350799999998,421571.11511060625,649.2850799999999
4244.47,3288.72588,913446.822914575,955.7441200000003
4213.1,3536.15817,458250.2412037492,676.9418300000002
2991.85,3681.89772,476165.85587719845,690.04772
1424.58,1423.1547,2.031480089999656,1.4252999999998792
3590.02,2628.3075599999997,924890.8172507541,961.7124400000002
3306.14,2470.6561500000003,698033.2636108219,835.4838499999996
2690.94,2260.21733,185522.018451929,430.7226700000001
3639.55,3597.5341799999997,1765.3291302724447,42.01582000000053
677.49,681.9294600000001,19.708805091600478,4.439460000000054
2323.99,2932.11713,369818.60624203726,608.1271300000003
1482.61,555.16896,860146.8826762815,927.4410399999999
1561.3,1801.5893299999998,57738.96211184882,240.28932999999984
1694.68,1534.9948200000001,25499.356711632383,159.68517999999995
2526.06,2794.2016599999997,71899.94982755548,268.1416599999998
2209.13,2687.51019,228847.60618443595,478.38018999999986
2528.14,1408.48916,1253618.0035127052,1119.6508399999998
630.51,795.44091,27202.205073428115,164.93091000000004
3006.47,2175.95766,689750.7468922752,830.5123399999998
1001.31,2307.4835299999995,1706089.2904726597,1306.1735299999996
2920.52,3472.99311,305226.537273072,552.4731099999999
1507.52,2315.53683,652891.1975632489,808.01683
1295.07,1157.18759,19011.558987408083,137.88240999999994
650.97,1085.27016,188616.62897602562,434.30016
1636.02,2329.21626,480521.05487798783,693.1962600000002
1262.42,1493.4800999999998,53388.76981200986,231.0600999999997
1031.63,1922.6915,793990.5967822496,891.0614999999998
1835.6,1330.58689,255038.24127187196,505.01310999999987
3483.61,2696.1586899999998,620079.5656207167,787.4513100000004
2254.29,2689.80129,189670.08371746403,435.5112899999999
1424.08,1803.9843,144327.27715849012,379.90430000000015
1917.83,1889.40562,807.9453783843959,28.42437999999993
1058.82,1079.18145,414.58864610250424,20.361450000000104
2124.13,1695.6685999999997,183579.1712899603,428.46140000000037
2111.75,1937.80127,30258.160668612923,173.94873000000007
1316.75,1441.4485300000001,15549.72338416093,124.69853000000012
542.71,803.03163,67767.35104585685,260.3216299999999
1114.94,2520.1996,1974754.5433921595,1405.2595999999999
3029.85,2489.99391,291444.59791008785,539.8560899999998
3436.6,2474.61858,925408.2524252165,961.9814200000001
827.27,1067.95481,57929.17776473609,240.68480999999997
796.15,1128.82877,110675.16400871296,332.6787700000001
1273.61,2333.9816299999998,1124387.9937088566,1060.3716299999999
687.18,612.67569,5550.892208576088,74.50430999999992
2410.28,2623.11181,45297.37934787596,212.83180999999968
3588.95,2446.70399,1304725.9473609198,1142.2460099999998
1598.23,2281.5196800000003,466884.7867945028,683.2896800000003
846.91,868.7748300000001,478.0707909289043,21.864830000000097
1004.56,1889.836,783713.5961760001,885.2760000000001
3479.44,1719.62076,3096963.7574741775,1759.81924
1769.84,1913.95298,20768.551004480432,144.1129800000001
2221.46,1586.3273199999999,403393.5212039826,635.1326800000002
1705.72,2033.1227599999997,107192.56725561741,327.4027599999997
3149.49,2459.1501,476569.1775320099,690.3399
1677.05,2614.37329,878574.9499764242,937.32329
1481.88,512.7719999999999,939170.3156640003,969.1080000000002
2602.78,2631.06124,799.8285359375885,28.281239999999798
612.67,1853.7964399999998,1540394.8400670737,1241.12644
1360.28,1280.2404999999999,6406.321560250014,80.03950000000009
841.13,723.8960400000001,13743.80137728158,117.23395999999991
3444.97,2997.73498,200019.16311440006,447.2350199999996
727.31,1184.47478,208999.63607244845,457.16478000000006
1223.79,1877.7486,427661.8505139599,653.9585999999999
1237.48,1882.5139699999997,416068.82245396054,645.0339699999997
937.42,695.98145,58292.573426102485,241.43854999999996
1653.0,1512.13264,19843.61311336959,140.86735999999996
1586.35,2006.69633,176691.03714446898,420.3463300000001
713.0,1181.8249700000001,219796.85249550102,468.8249700000001
1828.65,1391.53252,191071.6913215505,437.1174800000001
997.06,1616.96339,384280.21293349203,619.90339
2751.67,2501.11668,62776.96616302239,250.55331999999999
1181.23,1109.84972,5095.1443728784125,71.38028000000008
2555.79,2531.42624,593.592801337609,24.363760000000184
1079.31,1939.82368,740483.7934671424,860.51368
4101.5,3403.2951099999996,487490.0684199127,698.2048900000004
1947.41,1492.06361,207340.33488603224,455.34639000000016
828.72,1013.36658,34094.35950569639,184.64657999999997
1795.15,1140.2309500000001,428918.96205290244,654.91905
976.74,1014.9586099999999,1460.6621503320923,38.2186099999999
2208.39,2714.0082899999998,255649.85518252398,505.6182899999999
1590.19,840.86024,561495.0892216577,749.3297600000001
2301.87,2012.09982,83966.75721723239,289.77018
1578.17,1318.826,67259.31033600002,259.34400000000005
1680.15,491.57352000000003,1412714.0488091907,1188.5764800000002
2163.17,1239.26003,853609.6326654012,923.9099700000002
4301.96,3308.7627099999995,986440.8568633451,993.1972900000005
577.21,1459.9972,779313.24048384,882.7872
2963.03,2577.0072600000003,149013.55579710752,386.0227399999999
1315.02,1700.64171,148704.1032233242,385.6217100000001
1933.18,2336.2727299999997,162483.74897885259,403.0927299999996
1513.45,1723.5831899999998,44155.95753957601,210.1331899999998
1082.78,1264.23777,32926.922293372896,181.45776999999998
547.78,1491.2606700000001,890155.7746636492,943.4806700000001
989.51,695.98145,86159.0096651025,293.52855
2228.76,2088.94431,19548.4271701762,139.81569000000036
2668.04,2848.7182199999997,32644.619182368322,180.67821999999978
1889.29,1867.7445599999999,464.2059847936043,21.5454400000001
2189.73,1889.04691,90410.32061194809,300.68309
2259.75,2763.9243,254191.72478049013,504.17430000000013
1708.12,1526.61501,32944.06139490007,181.5049899999999
2138.03,1975.95639,26267.855058432146,162.07361000000014
857.52,1619.8818899999999,581195.6513243719,762.3618899999999
1860.34,2418.8794199999998,311966.28369393625,558.5394199999998
1190.03,874.14612,99782.62564385438,315.88388
2153.54,2340.0841900000005,34798.7348227563,186.54419000000053
2927.9,2475.8519,204347.48471360997,452.0481
850.61,259.25100000000003,349705.4668809999,591.3589999999999
1934.77,2256.3342000000002,103403.53472164017,321.56420000000026
2234.78,3152.4239199999997,842070.3639129655,917.6439199999995
2814.9,2907.6414400000003,8600.974693273643,92.74144000000024
1379.05,1968.97159,348007.4823481283,589.9215900000002
3286.5,3045.00118,58321.680061392304,241.4988199999998
1541.25,1511.67006,874.9728504036046,29.57994000000008
3722.11,2646.42585,1157096.3905612226,1075.68415
3761.42,3272.82702,238723.1001052803,488.5929799999999
1401.04,1498.32786,9464.927703379626,97.28786000000014
588.7,607.37607,348.79559064489933,18.67606999999998
2552.93,2763.49392,44337.16440576642,210.56392000000005
2643.25,1830.73724,660176.9851628178,812.5127600000001
1160.63,981.30017,32159.187927828945,179.32983000000013
1560.1,2640.8713900000002,1168066.7974425328,1080.7713900000003
1923.02,2090.9882,28213.316211239933,167.9681999999998
1596.73,1877.2143499999997,78671.47059492234,280.4843499999997
488.37,665.6718900000001,31435.960197572127,177.30189000000007
1779.36,2254.5912,225844.69345343995,475.23119999999994
1378.81,709.2305,448336.7068202499,669.5794999999999
1552.41,948.3408000000001,364899.59838864004,604.0692
1494.17,597.56592,803898.8762726465,896.6040800000001
917.73,540.07304,142624.77943644163,377.65696
3008.31,3068.84947,3665.02742788092,60.539470000000165
1652.39,2653.06266,1001345.7724714755,1000.67266
3235.39,2903.1447599999997,110386.89950265773,332.2452400000002
1377.38,1101.34456,76195.56413599366,276.0354400000001
870.41,1043.30358,29892.190005216416,172.89358000000004
1719.62,2137.52313,174643.02606379704,417.90313000000015
2603.9,2535.56421,4669.780194924112,68.33579000000009
2258.13,1429.68764,686316.7438423696,828.44236
4159.2,3338.64189,673315.611886772,820.5581099999999
2383.15,2562.9691199999997,32334.915917574275,179.81911999999966
1031.23,1030.7858,0.19731363999991985,0.4441999999999098
1565.08,2571.6037699999997,1013090.0995750125,1006.5237699999998
1676.73,2200.0746400000003,273889.61221672985,523.3446400000003
1089.86,1567.4199399999998,228063.49629280347,477.55993999999987
1472.34,2620.4619999999995,1318184.1268839992,1148.1219999999996
1381.82,1485.5306699999999,10755.903071848887,103.71066999999994
2853.92,2181.6159900000002,451992.6818620799,672.3040099999998
2127.46,2533.4486500000003,164826.7839288227,405.98865000000023
4471.94,2613.2116399999995,3454871.1162682897,1858.72836
1367.58,1707.8598699999998,115790.38992721679,340.27986999999985
2373.71,1414.1474899999998,920760.2105975004,959.5625100000002
1715.48,2600.06646,782493.2052153316,884.58646
967.97,1506.1017499999998,289585.78035806224,538.1317499999998
925.1,1229.16284,92454.21066886556,304.06283999999994
1479.28,1317.1623,26282.148653290005,162.1177
2445.7,2506.52017,3699.093078828895,60.82016999999996
3750.48,2056.71621,2868835.776315164,1693.76379
1768.11,2345.3838100000003,333245.0517119165,577.2738100000004
528.77,1320.24249,626428.7024268003,791.4724900000001
1259.64,1111.51342,21941.48370249643,148.1265800000001
2659.53,2858.35283,39530.51772920875,198.8228299999996
1121.22,1036.0854199999999,7247.896711776424,85.13458000000014
836.97,1620.3122700000001,613625.111968753,783.3422700000001
904.13,476.10504000000003,183205.36638300156,428.02495999999996
2311.17,3064.35279,567284.3151521839,753.1827899999998
2437.03,2816.56179,144044.3796206041,379.53179
1114.42,1086.0731,803.5467396100003,28.346900000000005
3031.1,1630.585,1961442.2652249997,1400.5149999999999
1892.61,1866.7906500000001,666.6388344224875,25.81934999999976
1969.89,2047.53346,6028.506880771601,77.64346
2331.87,2142.5679099999998,35835.28127836815,189.30209000000013
2979.22,2819.57031,25488.023517096015,159.64968999999974
1787.44,1892.1271,10959.388906409973,104.68709999999987
1355.12,826.37787,279568.24003693677,528.7421299999999
1403.04,1369.79979,1104.9115608440957,33.240209999999934
3190.07,2543.2588,418364.7284454401,646.8112000000001
3248.93,2539.44734,503365.6448406751,709.4826599999997
2509.32,3196.41291,472096.6669722679,687.0929099999998
4069.81,2509.1699799999997,2435597.2720256015,1560.6400200000003
3105.58,2202.2802199999996,815950.492548049,903.2997800000003
3007.87,2843.05989,27162.372358212066,164.8101099999999
2480.38,1622.99428,735110.2728599188,857.3857200000002
1622.56,2749.5136,1270024.4165529606,1126.9536000000003
3578.37,2530.2645899999998,1098524.9504712683,1048.1054100000001
1722.24,2627.62234,819717.1815838754,905.3823399999999
3006.93,2767.2731799999997,57435.39137251247,239.65682000000015
2937.65,2941.03119,11.43244581610041,3.3811900000000605
1097.72,2054.3212399999998,915085.9323695371,956.6012399999997
3756.45,3127.58952,395465.5033058302,628.8604799999998
3102.56,2865.2444800000003,56318.65603287023,237.31551999999965
2641.75,2598.2057400000003,1896.102578947571,43.54425999999967
1422.46,2331.50736,826367.1027229696,909.04736
2518.65,2795.79369,76808.62490681604,277.1436899999999
807.19,1541.35222,538994.1652753283,734.1622199999999
4270.91,3067.25744,1448779.4851945536,1203.65256
1962.32,1825.3476,18761.438361759967,136.97239999999988
1555.62,2088.7687699999997,284247.61095251265,533.1487699999998
1857.31,2159.95493,91593.95365470486,302.64492999999993
1427.95,1554.1708899999999,15931.713072392056,126.22088999999983
1331.83,1222.19952,12018.842145030407,109.63048000000003
2360.55,2330.9014399999996,879.0371100736322,29.648560000000543
1515.53,1873.57843,128198.67822546494,358.04843000000005
1692.56,1908.6533599999998,46696.340236089534,216.09335999999985
2087.43,1365.03442,521855.37400353624,722.3955799999999
1242.17,2291.68854,1101489.1658037317,1049.51854
3310.06,3183.16386,16102.630346899557,126.89613999999983
861.68,1293.91993,186831.35708640495,432.2399300000001
1648.52,3214.96158,2453739.223552897,1566.4415800000002
3833.3,2584.95669,1558361.0196217566,1248.3433100000002
4361.69,2672.92395,2851930.7716326015,1688.7660499999997
1960.08,2803.56758,711471.2976142564,843.48758
855.68,712.93809,20375.25287044809,142.74190999999996
960.95,590.4194299999999,137292.90330452498,370.5305700000001
906.95,1229.16284,103821.11426086555,322.2128399999999
1847.66,1686.6613899999998,25920.552421932203,160.99861000000033
3639.93,1735.51962,3626778.8954517436,1904.4103799999998
3111.54,2465.71524,417089.6206290576,645.82476
3625.29,3009.49587,379202.4105424566,615.7941299999998
2140.78,1840.97777,89881.37711297304,299.80223000000024
1652.97,2268.79416,379239.3960397055,615.8241599999999
1837.78,1457.24352,144808.01261079038,380.53648
1656.33,2011.99595,126498.26798940255,355.66595000000007
1368.76,2215.52927,717018.1966163329,846.76927
2355.1,2058.0288299999997,88251.280045169,297.07117000000017
1392.02,1872.34511,230712.2112965121,480.32511
2576.07,2126.92389,201732.22812813224,449.14611000000014
2272.37,1910.14152,131209.4717231104,362.22848
2153.46,2373.7287799999995,48518.33544268815,220.26877999999942
1950.51,1972.35267,477.10223272889993,21.84267
2296.73,2684.3261299999995,150230.75999097648,387.59612999999945
740.92,691.11221,2480.8159446840955,49.807789999999954
3922.93,3202.7703099999994,518629.9791008967,720.1596900000004
3731.68,3174.0527799999995,310948.11648492876,557.6272200000003
2053.79,1838.3279599999998,46423.89068096165,215.46204000000012
1181.58,2006.2659499999997,680106.9161274022,824.6859499999998
2558.14,1864.8260599999999,480684.2193983236,693.31394
1617.18,2139.11516,272416.31124422536,521.9351599999998
2497.28,2650.05414,23339.937852739597,152.77414
2779.31,2370.39375,167212.4995140623,408.91624999999976
1577.68,1353.20186,50390.43533785967,224.47814000000017
2640.27,3205.8504999999996,319881.3019802495,565.5804999999996
3551.87,2412.79071,1297501.6289069033,1139.0792899999997
1306.29,1177.22442,16657.92394073639,129.06557999999995
1844.63,1768.7338300000001,5760.228620668898,75.89616999999998
1000.81,1169.70537,28525.646007436884,168.89536999999996
977.15,974.15368,8.977933542399812,2.996319999999969
2363.53,2439.28881,5739.397292616071,75.75880999999981
717.05,1166.98389,202440.5053705321,449.93389
4413.96,3813.5274600000002,360519.2350908514,600.4325399999998
946.53,1623.42466,458186.3807365155,676.8946599999999
1303.66,1557.25108,64308.43585556636,253.59107999999992
913.18,1935.5101699999998,1045158.9764922286,1022.3301699999998
4033.3,1658.67513,5638843.273222517,2374.62487
2035.65,2135.78013,10026.042933816901,100.13013000000001
1368.45,2459.32564,1190009.6619454096,1090.87564
1329.72,2102.08949,596554.6290828598,772.3694899999998
1006.6,1153.3044599999998,21522.198583891546,146.7044599999998
1474.56,1318.826,24253.078755999977,155.73399999999992
1420.3,2088.33839,446275.290513792,668.0383899999999
1950.79,1440.03204,260873.6937033615,510.7579599999999
995.28,1214.3217599999998,47979.29262389753,219.04175999999984
1746.7,2390.78929,414851.01349270425,644.0892900000001
1112.05,2020.3040899999996,824925.4920017276,908.2540899999997
2155.04,2631.32993,226852.0974194048,476.2899299999999
2108.0,1948.40051,25471.99720826012,159.59949000000006
2070.69,1882.5856399999998,35383.250251009704,188.10436000000027
4130.72,2951.20005,1391267.3124480033,1179.5199500000003
1980.88,2448.65473,218813.198026573,467.7747300000001
2515.07,1397.88992,1248091.3311488065,1117.18008
1870.7,2157.2334499999997,82101.41796890231,286.5334499999997
584.68,945.00577,129834.66052609292,360.32577000000003
2592.53,3076.0098099999996,233752.72667763548,483.47980999999936
1559.25,2214.74018,429667.3760764321,655.4901799999998
1873.9,2280.73059,165511.12895974814,406.83059000000003
3385.88,2481.5819,817755.05366361,904.2981
2595.52,2554.2884200000003,1700.0431892963725,41.23157999999967
555.44,994.11884,192439.12466374552,438.6788399999999
922.23,208.90461,508833.1120186521,713.32539
1931.18,1360.79258,325341.8088942564,570.38742
1636.59,945.00577,478288.7471846928,691.5842299999999
1316.83,1648.33073,109892.73399053288,331.50073
1378.45,1375.45812,8.951345934400225,2.9918800000000374
1915.82,1437.63707,228658.91454338483,478.18292999999994
1140.36,2347.40622,1456960.5772162883,1207.04622
1501.0,1817.93242,100446.15884705646,316.9324200000001
1172.58,1868.20714,483897.1179045797,695.62714
1792.52,1532.86854,67418.88068013162,259.65146000000004
892.05,327.71568,318473.2247298623,564.3343199999999
1559.26,1769.00252,43991.92469595041,209.74252
692.88,950.12985,66177.48532502251,257.24985000000004
1013.26,1445.1561199999999,186534.2584710543,431.8961199999999
1231.95,1659.98775,183216.31542506246,428.03774999999996
806.43,1451.25868,415804.02655054233,644.82868
1362.38,629.7362,536766.9376784401,732.6438
1337.09,1265.75813,5088.235677696897,71.33186999999998
2797.13,2827.08936,897.56325160959,29.959359999999833
2999.95,2510.2277599999998,239827.87235061766,489.72224000000006
1938.81,2308.7168500000002,136831.07767692272,369.9068500000003
899.43,2026.66149,1270650.8320476203,1127.2314900000001
4246.86,3093.93108,1329245.094572366,1152.9289199999998
1445.92,1827.2983399999998,145449.4382211554,381.37833999999975
1481.56,3127.94823,2710594.203882533,1646.38823
2818.86,2707.91958,12307.776789776379,110.9404199999999
3237.79,2530.00975,500952.8822900622,707.7802499999998
1225.32,1884.00213,433862.1483813371,658.6821300000001
2772.16,2576.4730099999997,38293.39805526016,195.68699000000015
3619.35,2977.69815,411717.0966084222,641.6518499999997
1374.94,939.96099,189206.73914058012,434.97901
2701.49,2857.36672,24297.551837958465,155.8767200000002
3159.49,2616.29183,295064.2518913485,543.1981699999997
3296.18,1737.6351799999998,2429061.9559488324,1558.54482
2081.55,2453.85048,138607.64740823032,372.3004799999999
990.77,786.70239,41643.58945111208,204.06760999999995
2132.52,2007.75411,15566.527307492075,124.7658899999999
1113.71,1620.3122700000001,256645.85996915298,506.6022700000001
2836.6,1690.47285,1313607.4439671221,1146.1271499999998
1163.28,1995.0393100000001,691823.5497716763,831.7593100000001
2610.75,1308.8541599999999,1694932.778209306,1301.8958400000001
1580.11,1708.5911400000002,16507.403335699684,128.48114000000032
1612.74,2850.83378,1532876.2080746882,1238.09378
1805.41,2460.9176700000003,429690.30542882916,655.5076700000002
1957.62,1743.4690500000002,45860.629385902386,214.15094999999974
1588.17,2374.46005,618252.0427290027,786.2900500000001
997.68,1543.19909,297591.07755442825,545.5190900000001
1004.57,947.65558,3239.2512039364074,56.914420000000064
2644.57,2080.5645,318102.20403025026,564.0055000000002
4017.21,2035.51773,3927104.252977753,1981.69227
1097.47,2003.24358,820425.7782260164,905.77358
4439.81,3056.83374,1912623.3357235887,1382.9762600000004
1448.09,2695.4596199999996,1555930.9688989436,1247.3696199999997
3633.19,3084.7483300000004,300788.26539238857,548.4416699999997
1793.88,1668.1127199999999,15817.408718598464,125.76728000000026
1156.06,1340.39704,33980.14431596164,184.33704000000012
2661.55,1932.96423,530837.2242464931,728.5857700000001
1572.68,2263.59841,477368.2492769281,690.91841
1255.22,1940.8097899999998,470033.36015224375,685.5897899999998
3584.12,2822.8475200000003,579535.7888053498,761.2724799999996
1191.73,1151.1567,1646.1926728900014,40.57330000000002
1633.74,2042.12997,166782.36759660084,408.38996999999995
3528.74,2845.7097000000003,466530.39071808924,683.0302999999994
1121.47,2410.92999,1662707.0658108003,1289.45999
863.5,2029.84555,1360361.9420048024,1166.34555
4060.48,3280.84812,607825.8683123343,779.6318799999999
2605.81,2227.25796,143301.64698816164,378.55204000000003
1609.9,2066.51251,208494.98428850004,456.61250999999993
1980.16,2695.4596199999996,511653.5463721438,715.2996199999995
3044.62,3169.9148099999998,15698.789412936068,125.29480999999987
1541.16,1590.6408300000003,2448.3525374889196,49.480830000000196
1898.27,2323.12755,180503.93779200266,424.8575500000002
3105.8,2718.77366,149789.38785379587,387.02634000000035
1420.51,1001.2653300000001,175766.09332340883,419.2446699999999
1395.54,2538.74827,1306925.1485963932,1143.20827
739.85,1119.28731,143972.67222003604,379.4373099999999
1281.4,1443.66796,26330.89084256157,162.2679599999999
1696.57,2155.7130899999997,210812.3770947479,459.1430899999998
2369.36,2192.73876,31195.06241913758,176.62123999999994
2143.96,2592.8022499999997,201459.36538506224,448.8422499999997
3664.3,2522.06032,1304711.4865665026,1142.2396800000001
1400.77,1894.34653,243617.79096684096,493.57653000000005
1709.62,2806.21739,1202525.835754812,1096.59739
2126.62,3141.19728,1029367.0570921984,1014.57728
2854.48,2840.41008,197.96264880639748,14.069919999999911
1263.21,2578.86798,1730955.9203376803,1315.65798
3536.61,3494.19159,1799.3215069281189,42.41841000000022
1248.21,2459.1501,1466375.9257880095,1210.9400999999998
755.63,611.6179099999999,20739.482066168115,144.01209000000006
1233.26,1399.7506399999997,27719.13320760952,166.49063999999976
2976.67,2226.82758,562263.6548314564,749.84242
1077.95,590.4194299999999,237686.056684525,487.5305700000001
923.86,431.05827,242853.5450909929,492.80173
2244.86,2089.8265499999998,24035.370618902612,155.03345000000036
2891.4,2614.62813,76602.66802329692,276.77187000000004
3085.95,2896.61182,35848.946405712304,189.33817999999974
3041.43,2527.09125,264544.3497515624,514.3387499999999
3652.48,2624.34513,1057061.3109099166,1028.1348699999999
1846.91,1707.8598699999998,19334.938653016987,139.0501300000003
900.98,1533.6576300000002,400280.98350241705,632.6776300000001
1395.69,2192.48392,634880.5509489665,796.7939200000001
2942.95,2905.0633,1435.4020368900015,37.88670000000002
1388.56,1299.59211,7915.285451052082,88.9678899999999
1018.65,1187.82366,28619.727237795614,169.17366000000004
2723.44,2054.42511,447580.92304171197,669.0148899999999
1757.36,1702.48858,3010.8727328163936,54.871419999999944
1428.64,1943.99385,265589.5907098225,515.35385
977.53,182.83689,631537.139081472,794.6931099999999
3133.1,2441.40437,478442.8445610965,691.6956299999997
813.55,1230.57933,173913.46208024895,417.0293300000001
2281.6,1314.68803,934918.7577292806,966.9119699999999
1509.72,1759.6366,62458.30695556001,249.91660000000002
3681.12,3219.83082,212787.70758507217,461.28917999999976
672.99,1903.0850500000001,1513133.8320345029,1230.0950500000001
1887.97,2549.34751,437420.21073380014,661.37751
3719.02,3378.81942,115736.43463233652,340.2005800000002
2372.2,1958.99975,170734.4466000624,413.20024999999987
2177.01,2284.8685600000003,11633.468965273627,107.85856000000013
895.55,1068.31352,29847.23384279039,172.76351999999997
1372.2,902.23625,220865.9263140625,469.96375
1999.32,1587.9910200000002,169191.5297878402,411.3289799999998
1340.73,1758.9375300000002,174897.53814870102,418.20753000000013
828.49,1459.46295,398126.8636317026,630.9729500000001
2675.84,2468.33285,43059.217301122655,207.50715000000037
2451.69,1849.98498,362048.9310932005,601.7050200000001
2537.53,2466.04175,5110.569888062548,71.48825000000033
3635.91,2997.73498,407267.35615199996,638.1750199999997
833.98,987.40273,23538.534080652902,153.42273
2070.49,2623.55604,305882.04460128176,553.0660400000002
788.32,581.23668,42883.50142222243,207.08332000000007
2354.07,2497.1542500000005,20473.102598062596,143.08425000000034
1969.36,2184.53449,46300.06114676015,215.1744900000001
1754.6,1269.4657200000001,235355.26963111816,485.13427999999976
2186.07,2394.9272599999995,43621.35505470731,208.85725999999931
2513.17,1754.95053,574896.7646870809,758.21947
2382.27,2224.71202,24824.517061680413,157.55798000000004
916.86,1023.26675,11322.396445562497,106.40674999999999
1997.81,2845.5341599999997,718636.2514477052,847.7241599999998
1630.34,1515.2845,13237.768080249985,115.05549999999994
2738.45,2977.59428,57189.98665671839,239.14427999999998
861.92,1833.8312799999999,944611.5361912382,971.9112799999999
1499.26,417.80922,1169535.7895626086,1081.4507800000001
2431.03,3006.74219,331444.5257145958,575.7121899999997
1985.16,2139.9181,23950.069515609935,154.75809999999979
937.43,2205.37426,1607682.646466948,1267.9442600000002
3824.08,3236.7874599999996,344912.527539652,587.2925400000004
2299.29,2269.58325,882.4909955624898,29.70674999999983
2126.48,2199.01686,5261.596058659623,72.53686000000016
3713.82,2891.3838699999997,676401.1879293778,822.4361300000005
981.19,1229.09117,61454.99008736883,247.90116999999987
2311.11,2373.40227,3880.3269017528896,62.29226999999992
1559.65,2233.28885,453789.3002293223,673.6388499999998
1906.69,2084.52693,31625.97367182488,177.83692999999994
1900.29,2105.7970800000003,42233.15993012653,205.50708000000031
1673.73,1972.71138,89389.86558670437,298.98137999999994
927.75,1385.44381,209483.6237123161,457.69381
3334.47,2301.0222599999997,1068014.2313111078,1033.44774
3728.6,2268.16676,2132865.248496897,1460.4332399999998
1247.93,1479.7791900000002,53754.04690365616,231.84919000000014
1016.78,1611.30506,353460.0469680035,594.5250599999999
1159.39,1351.78537,37015.978397436884,192.39536999999996
664.87,1140.91617,226619.95597166885,476.04616999999996
2217.11,1663.79921,306152.83033042436,553.3107900000002
802.06,1404.35119,362754.6775516163,602.2911900000001
634.66,1414.05747,607460.4162424009,779.39747
934.55,1168.57592,54768.13123184642,234.02592000000004
2789.49,2539.37567,62557.17807134884,250.11432999999988
1564.41,2018.8876,206549.88890175996,454.47759999999994
2199.82,2794.2016599999997,353289.55774435506,594.3816599999996
1597.14,1527.0453900000002,4913.254351052083,70.09460999999988
3361.23,3095.3475700000004,70693.46658270471,265.88242999999966
1354.62,826.4495400000001,278964.0348166114,528.1704599999998
2198.23,1473.14238,525752.0566772644,725.08762
2629.05,2572.8370900000004,3159.8912506680704,56.21290999999974
2378.53,2227.36183,22851.815621149013,151.16817000000037
1513.35,966.8178,298697.44563683984,546.5321999999999
1686.48,608.16516,1162762.8941642256,1078.31484
1257.71,512.7719999999999,554932.6238440002,744.9380000000001
2125.33,2763.8204299999998,407670.0292015847,638.4904299999998
4112.19,3387.8266299999996,524702.2917977569,724.36337
2395.34,2685.5594499999997,84227.32915830227,290.2194499999996
2867.36,1767.31734,1210093.8538198757,1100.04266
3953.82,3080.5064899999998,762676.4867485209,873.3135100000004
1360.35,1327.93708,1050.597382926399,32.412919999999986
4047.62,2452.46619,2544515.6775575154,1595.1538099999998
1198.18,830.69138,135047.88582950446,367.4886200000001
2088.15,2386.2926100000004,88889.01589761229,298.14261000000033
2420.98,2770.35337,122061.75166515676,349.3733699999998
1942.28,1743.29351,39595.6232025201,198.98649
2573.94,2436.639,18851.56460099998,137.30099999999993
922.42,1176.52535,64569.52889862246,254.10534999999993
2499.52,1440.28688,1121974.8025049341,1059.2331199999999
3276.19,2946.9582100000002,108393.57154660398,329.2317899999998
2143.2,3196.84329,1110164.182562024,1053.64329
1892.48,2243.52938,123235.66719838436,351.0493799999999
1743.69,2410.03703,444018.3643898208,666.3470299999999
3728.84,2574.88098,1331621.419839361,1153.9590200000002
3009.83,2777.8724199999997,53804.318919456506,231.95758000000023
702.67,665.60022,1374.1685892483943,37.06977999999992
1360.76,1780.0321399999998,175789.12738017945,419.2721399999998
2260.6,1926.14425,111860.6487080624,334.45574999999985
2449.5,2252.2679,38900.501270410066,197.23210000000017
4466.93,3455.23353,1023529.7474104615,1011.6964700000003
1012.6,1066.36278,2890.43651332839,53.76277999999991
2151.65,2269.58325,13908.251455562511,117.93325000000004
986.62,1025.91656,1544.219627833591,39.296559999999886
1828.37,2746.86379,843630.842268564,918.49379
4546.57,2965.5068800000004,2499760.5894241324,1581.0631199999993
1662.14,1787.72673,15772.026752092897,125.58672999999999
1331.44,2869.9166999999998,2366910.556442889,1538.4766999999997
887.67,1970.0293699999997,1171501.8058267962,1082.3593699999997
1148.43,1017.60842,17114.28579369641,130.82158000000004
2499.5,3177.86424,460178.04211077746,678.3642399999999
2727.06,2133.5607,352241.41910048993,593.4993
2987.6,1640.55684,1814525.2749027854,1347.04316
1696.23,2772.93151,1159286.1416362799,1076.7015099999999
1731.38,1251.52297,230262.769240421,479.8570300000001
3801.46,3068.84947,536718.1886668808,732.6105299999999
1633.54,2144.41478,260993.0408400485,510.8747800000001
2366.26,1910.14152,208044.06779751068,456.1184800000003
1702.56,2401.28466,488216.1504921154,698.7246599999999
809.82,739.4361899999999,4953.880710116122,70.38381000000015
1862.26,1740.6436999999999,14790.524425690033,121.61630000000014
2604.03,2506.52017,9508.166946628982,97.50983000000042
2127.83,2288.57615,25839.32473982248,160.74614999999994
1816.86,1875.69399,3461.43837932011,58.833990000000085
573.15,1819.34891,1553011.7232851882,1246.19891
1408.88,1641.86946,54284.0884710915,232.98945999999978
988.44,1079.97054,8377.839752691596,91.53053999999997
2409.37,1654.32942,570086.2774467362,755.0405799999999
4638.29,3222.48063,2004516.1721797967,1415.80937
2560.02,1865.88384,481825.0086195456,694.13616
1372.86,2032.0649799999999,434551.20565680036,659.20498
982.54,823.79973,25198.473319672903,158.74027
1388.2,1475.7921900000001,7672.391748996113,87.59219000000007
1131.32,1716.5405700000001,342483.1155511251,585.2205700000002
922.24,1472.712,303019.422784,550.472
4445.51,2945.9721,2248613.913536411,1499.5379000000003
1144.23,1976.8493500000002,693254.9819944227,832.6193500000002
1908.87,2009.80872,10188.625195238421,100.9387200000001
2675.48,2866.4061300000003,36452.787116777006,190.92613000000028
2051.51,2405.19999,125096.60902619999,353.68998999999985
1526.12,1094.45291,186336.476589068,431.6670899999999
1619.06,1138.63892,230804.41410836624,480.42107999999985
1610.33,2682.2105699999997,1148927.9563435244,1071.8805699999998
1282.47,1423.5989299999999,19917.37488294486,141.12892999999985
581.11,1363.01201,611370.7532420399,781.9020099999999
1570.99,2550.4052899999997,959254.3102857835,979.4152899999997
2599.68,2997.73498,158447.76710280066,398.05498000000034
4753.57,3420.786,1776313.1906559991,1332.7839999999997
2130.15,2165.6132599999996,1257.6428098275671,35.463259999999536
2856.92,2745.01692,12522.29931348641,111.90308000000005
1220.42,1472.35329,63470.38261022407,251.93328999999994
2116.18,958.86837,1339370.208933256,1157.3116299999997
1207.77,1971.44586,583200.8191467397,763.6758600000001
1100.65,1660.41813,313340.3593636968,559.7681299999999
3040.78,2622.0540300000002,175331.43795244087,418.72596999999996
1380.63,1545.41852,27155.256323790345,164.78851999999983
1165.37,1419.81967,64744.634563109,254.4496700000002
1590.63,2031.6346,194485.05722115998,441.0046
3686.8,2953.8498600000003,537215.9077260195,732.9501399999999
1113.05,968.31981,20946.8278974361,144.73019
1626.54,732.64841,799042.174672728,893.89159
1111.18,759.57689,123624.7469616721,351.60311
1684.91,1848.2419800000002,26677.33569072045,163.33198000000016
2587.8,2392.6500100000003,38083.51859700005,195.1499899999999
2289.78,1656.4557,401099.6689704903,633.3243000000002
4504.45,3326.4506199999996,1387682.5392803848,1177.9993800000002
2360.34,2660.65338,90188.12620702443,300.31338000000005
1925.36,1534.56444,152721.16971571345,390.7955599999998
2097.12,2008.64707,7827.459342784883,88.4729299999999
2271.02,1702.12987,323635.9800114169,568.89013
2098.84,1797.34749,90897.73358610012,301.49251000000004
2734.17,2437.69678,87896.37017716831,296.47321999999986
654.66,844.99821,36228.6341860041,190.33821
1370.21,2684.86038,1728305.6216341446,1314.65038
4012.72,2727.1534699999997,1652681.303056241,1285.56653
1487.16,1800.80024,98370.20014725756,313.64023999999995
1409.33,2191.42614,611674.3722028998,782.0961400000001
4330.32,3196.0542,1286558.9050496393,1134.2657999999997
2846.14,2424.70257,177609.50740500487,421.43742999999995
1067.36,1610.0717399999999,294536.03273382754,542.71174
2382.64,2550.5808300000003,28204.122381089055,167.94083000000046
2246.1,2510.83368,70083.92132634255,264.7336800000003
1074.73,261.90081,660691.2921160562,812.82919
3342.11,2599.9625899999996,550782.7781697088,742.1474100000005
1390.74,1151.26057,57350.39739312494,239.4794300000001
2338.25,2504.1968699999998,27538.363662796823,165.94686999999976
1397.34,2214.47149,667703.8719496201,817.13149
2049.07,2089.57171,1640.3885129241003,40.50171
1501.81,1613.5244899999998,12480.127275960065,111.71448999999984
1126.53,2336.8069800000003,1464770.3683179212,1210.2769800000003
1567.91,1962.0799399999999,155369.94159960342,394.16993999999977
3499.99,2464.01934,1073235.2083808356,1035.97066
1564.86,1665.46291,10120.945500468113,100.60291000000007
1487.63,2667.36949,1391785.26426546,1179.73949
2356.62,2198.21392,25092.48618096632,158.40607999999975
1282.62,1528.46188,60438.229961934485,245.84188000000017
1543.55,2460.31175,840452.1062630623,916.7617499999999
2106.53,1564.7701299999999,293503.75674241723,541.7598700000003
1394.65,1400.10935,29.804502422498455,5.4593499999998585
1127.14,1604.5172799999998,227889.0674601981,477.3772799999997
3186.51,3015.85327,29123.719494292953,170.65673000000015
518.11,198.73575,101999.91156306252,319.37425
1464.19,2154.3288000000002,476291.5632654402,690.1388000000002
3451.69,1706.89524,3044308.7545234575,1744.79476
3693.77,2943.681,562633.5079209999,750.0889999999999
2041.25,2753.32506,507050.89107400377,712.0750600000001
1272.24,1878.1789800000001,367162.04748344055,605.9389800000001
2503.83,2372.1367499999997,17343.11209556257,131.69325000000026
462.19,663.3807899999999,40477.73398082407,201.19078999999994
977.17,742.01433,55298.189133148895,235.15567
1240.41,833.3411900000001,165705.01607481609,407.06881
1390.99,555.16896,698596.8109066817,835.82104
1253.89,1745.32977,241513.04753765286,491.43976999999995
3265.88,2107.49298,1341860.4881044808,1158.3870200000001
2662.01,2788.90204,16101.58981536153,126.89203999999972
735.0,1172.28351,191216.8681179201,437.28351
1369.38,2015.80741,417868.3963993078,646.4274099999998
1561.91,1917.13704,126186.24994716159,355.22704
2324.67,1715.8093,370711.3520044902,608.8607000000002
1605.89,2323.48626,514944.39236598765,717.59626
1424.69,1590.46529,27481.446774584114,165.77529000000004
3517.57,3036.6930399999997,231242.6506588421,480.8769600000005
674.83,1483.8454900000002,654506.0630599402,809.0154900000001
2202.11,2289.99264,7723.358413369567,87.88263999999981
2063.44,1967.4834300000002,9207.663326164868,95.95656999999983
3173.07,2895.98442,76776.41864393662,277.0855800000004
838.06,1239.3317,161018.97722089,401.2717
1580.08,1980.1265599999997,160037.2501678334,400.0465599999998
1217.96,1040.65377,31437.49919681295,177.30623000000014
1763.68,1626.7735399999997,18743.378789731705,136.90646000000038
1765.61,2813.9119800000003,1098937.0412719212,1048.3019800000004
1076.5,1025.55785,2595.1026466225085,50.94215000000008
1029.49,1178.74478,22276.989352848395,149.25477999999998
3257.35,2274.52416,965946.6317717056,982.82584
1117.77,789.3522,107858.25135683996,328.41779999999994
771.52,269.85024000000004,251672.54809845754,501.66975999999994
1885.31,1681.2579,41637.259514409954,204.05209999999988
2392.11,2898.20385,256130.98500782225,506.09384999999975
1957.04,2001.9309600000001,2015.198289721616,44.89096000000018
2565.27,2583.0059499999998,314.56392240249204,17.735949999999775
1615.11,1439.60166,30803.177409555552,175.50833999999986
1249.9,1564.0388599999999,98683.22336209947,314.1388599999998
4225.49,2932.29267,1672359.334319129,1293.19733
1694.14,1746.0149899999997,2691.0145875000553,51.87498999999957
1075.93,1061.5974099999999,205.423136108106,14.33259000000021
4571.21,3186.8714499999996,1916393.2210161036,1384.3385500000004
1855.29,2729.4767699999998,764202.5088430325,874.1867699999998
3032.69,2792.64183,57623.12392034892,240.04817000000003
1854.68,1745.5846099999999,11901.80411925214,109.09539000000018
904.55,407.64036,246919.19032492957,496.90963999999997
1770.93,1753.9644199999998,287.83090473640925,16.965580000000273
2127.46,1207.46231,846395.7496053363,919.9976900000001
1388.44,1746.0149899999997,127859.87347349983,357.5749899999996
1586.06,2315.6085000000003,532241.0138522505,729.5485000000003
1266.83,1343.6604,5902.910364160009,76.83040000000005
2407.4,2461.36953,2912.7101684208837,53.96952999999985
629.32,677.86316,2356.4383827855945,48.54315999999994
1288.29,1250.9887199999998,1391.38548963841,37.30128000000013
3435.47,2542.6314,797160.7656499592,892.8385999999996
4456.88,2618.8699699999997,3378280.8703806023,1838.0100300000004
2594.3,2472.07264,14939.527532569677,122.22736000000032
2537.35,1646.9142399999998,792875.8426867777,890.4357600000001
1985.63,1244.55965,549185.2636491228,741.0703500000002
3060.13,2141.4062599999997,844053.3104395883,918.7237400000004
1594.83,2600.06646,1010500.3405133318,1005.2364600000001
3678.66,2633.1768,1093035.1214822393,1045.4831999999997
1539.91,1720.5030000000002,32613.831649000025,180.59300000000007
1962.55,1656.97923,93373.49547839293,305.57077000000004
908.19,1129.52784,48990.43941586556,221.33783999999991
1379.92,860.8254000000001,269459.20374916,519.0946
1519.13,1477.65291,1720.3489948681074,41.47709000000009
4306.51,3043.40915,1595423.757270723,1263.1008500000003
1539.39,2328.6820099999995,622981.8770498392,789.2920099999994
2565.42,2735.90584,29065.42164050554,170.48583999999983
1851.07,2113.67484,68961.3019914257,262.6048400000002
921.37,1830.73724,826948.7771852175,909.3672399999999
1621.45,2426.2945999999997,647774.8301491594,804.8445999999997
924.42,1253.99724,108621.15712601757,329.57723999999996
1475.9,2036.47164,314240.5635722895,560.5716399999999
3192.05,2581.8442999999997,372350.99631249055,610.2057000000004
3391.82,2797.9414500000003,352691.7321501024,593.8785499999999
1594.52,2615.96532,1043350.5417499021,1021.4453199999998
3396.06,3152.4239199999997,59358.539477766506,243.63608000000022
1779.17,2142.99829,132371.02460432405,363.8282899999999
3823.67,3101.70497,521233.50454290136,721.9650300000003
940.66,697.46961,59141.56578835209,243.19038999999998
2164.41,2240.96959,5861.370820968145,76.5595900000003
1536.53,2194.40246,432796.17362645135,657.8724599999998
2571.87,2287.5183700000002,80855.84948365671,284.35162999999966
2137.61,2025.2772,12618.65795584003,112.33280000000013
1247.62,1599.04212,123497.50642529453,351.4221200000002
3740.26,2912.5823499999997,685050.2923095234,827.6776500000005
1935.17,2811.5170099999996,767984.0819359393,876.3470099999995
1282.04,2291.5846699999997,1019180.4407254084,1009.5446699999998
1115.18,1150.8301900000001,1270.9360470361048,35.650190000000066
1847.85,2325.6734899999997,228315.28759577987,477.82348999999977
2818.35,2033.8218299999999,615484.449523549,784.52817
1255.64,857.18948,158762.81688827046,398.4505200000001
1447.54,1535.8770599999998,7803.436169443571,88.33705999999984
931.55,1522.00061,348631.9228493722,590.4506100000001
1613.47,787.0611,682951.66999921,826.4089
1241.28,1553.0092399999999,97175.11907097753,311.7292399999999
2188.51,1333.2367,731492.4176928905,855.2733000000003
2053.66,2315.9672100000003,68805.07241798431,262.3072100000004
1539.07,1735.4157499999997,38551.65354306239,196.34574999999973
3179.9,1928.25981,1566603.1652232362,1251.64019
1241.22,1521.2115199999998,78395.2512719103,279.9915199999998
376.72,700.47813,104819.32674109685,323.75812999999994
2836.88,2075.26488,580057.5910126143,761.6151199999999
570.97,595.7190499999999,612.5154759024949,24.749049999999897
2096.91,2017.7581500000001,6265.015358422459,79.15184999999974
1713.47,1328.99486,147821.1332780196,384.47514
1917.79,2359.0632400000004,194722.07234009798,441.27324000000044
2323.26,2027.4644299999998,87495.01923162516,295.79557000000045
1354.78,1766.35271,169392.09561674402,411.5727099999999
1774.7,1920.74076,21327.90358137756,146.04075999999986
688.17,1398.51732,504593.31503118237,710.34732
1428.02,960.90463,218196.76889023688,467.11537
1847.65,1282.7864399999999,319070.84141587385,564.8635600000002
1261.7,1504.6135900000002,59007.01220668815,242.9135900000001
741.38,1370.96144,396372.78959247365,629.58144
1536.93,1740.03015,41249.6709300225,203.10014999999999
937.21,1195.7014199999999,66817.81421361631,258.49141999999983
4831.96,3006.48735,3332350.395898023,1825.4726500000002
2803.18,2996.14295,37234.70007270254,192.9629500000001
1619.71,1616.60468,9.643012302400743,3.1053200000001198
2098.0,2556.33231,210068.5063899359,458.3323099999998
3166.37,2864.08283,91377.53314660894,302.28717000000006
1123.8,1871.9863999999998,559782.8891449597,748.1863999999998
3151.78,2903.8299799999995,61479.21241800074,247.95002000000068
1173.39,2798.37183,2640565.9478301485,1624.98183
3274.5,2808.97107,216717.18466694484,465.52892999999995
1694.89,1725.97816,966.4736921855869,31.08815999999979
1739.68,1810.77208,5054.083838726386,71.0920799999999
3035.26,2604.02889,185960.27023183226,431.23111000000017
1097.17,568.41801,279578.6669289602,528.7519900000001
4594.03,3586.50456,1015107.5122471934,1007.5254399999999
2618.94,1629.52722,978937.6492273286,989.4127800000001
1793.72,2131.2696,113939.73246016004,337.54960000000005
1528.78,1621.9043,8672.13525048999,93.12429999999995
1923.7,2620.90623,486096.5271508129,697.20623
1455.83,1900.70393,197912.81359364488,444.87393
2964.97,3478.2927299999997,263500.22513465275,513.3227299999999
1207.52,2203.08316,991146.0055491859,995.5631600000002
2248.75,2199.70208,2405.6984563263977,49.047919999999976
1941.84,1306.7386,403353.78828196,635.1014
2418.0,2425.9358899999997,62.97835009209595,7.935889999999745
3140.95,2571.70764,324036.8644183693,569.2423599999997
686.11,1148.50689,213810.8838816722,462.3968900000001
1872.56,2230.6390399999996,128220.59888732134,358.0790399999996
1087.74,1269.96777,33206.960159172886,182.22776999999996
1121.7,1024.06969,9531.677430696102,97.63031000000001
3875.08,3570.6057,92704.59936048991,304.47429999999986
939.43,494.65371000000005,197825.948146164,444.7762899999999
2089.9,2890.7564700000003,641371.0855408611,800.8564700000002
874.34,696.41183,31658.433679548907,177.92817000000002
2559.0,2872.13613,98054.23591137682,313.13612999999987
2259.69,2741.13379,231788.12292956392,481.4437899999998
1063.58,1168.21721,10948.94571658412,104.6372100000001
902.12,1939.82368,1076828.9274855426,1037.70368
1794.17,1803.18136,81.20460904959943,9.011359999999968
1578.82,1989.63582,168769.63796227242,410.81582000000003
2217.61,2134.94499,6833.503878300127,82.66501000000017
3859.84,2349.0914,2282361.332401961,1510.7486000000004
1553.98,2663.1276499999994,1230208.5095005212,1109.1476499999994
1233.71,1242.4118899999999,75.72288957209689,8.701889999999821
1284.36,1898.84321,377589.6153719042,614.4832100000001
1519.29,1746.0149899999997,51404.22109049997,226.7249899999997
1937.71,2100.42579,26476.428315324018,162.71578999999974
2853.63,2571.70764,79480.21706796961,281.92236
2948.28,2416.9286800000004,282334.22526574216,531.3513199999998
2608.38,3040.75934,186951.89365883556,432.37933999999996
838.52,1053.47244,46204.55146195361,214.95244000000002
2799.75,2296.52558,253234.8168843364,503.22442
1353.93,1636.1394599999999,79642.17931349149,282.2094599999998
2715.2,2359.79451,126313.06232213984,355.40548999999965
2036.02,2357.4712099999997,103330.88041046391,321.4512099999997
1648.14,2178.17709,280939.3167756681,530.03709
1602.32,2149.02918,298890.9274962725,546.7091800000001
571.41,819.2892,61444.09779264004,247.87920000000008
1641.16,1979.0687799999998,114182.34360108823,337.90877999999975
1227.51,1490.8302899999999,69337.57512568404,263.3202899999999
2869.56,2177.01544,479617.96758559335,692.5445599999998
1420.57,1227.67468,37208.60447790234,192.89531999999986
3558.3,3315.22398,59085.951499040384,243.07601999999997
3408.32,2638.65196,592388.8917974416,769.66804
660.52,705.77775,2048.263935062499,45.25774999999999
2503.42,2690.8590699999995,35133.404962464694,187.43906999999945
3751.1,3254.27835,246831.75190872236,496.82164999999986
1303.36,2182.67377,773192.7061116128,879.31377
1477.92,1138.63892,115111.65124596638,339.28108
2641.73,2562.2378500000004,6319.001911622434,79.49214999999958
2254.74,1521.7457700000002,537280.5412132923,732.9942299999996
4381.44,3048.7087699999997,1776172.5314173126,1332.7312299999999
1195.28,1613.95487,175288.64676951696,418.67487000000006
2500.77,2054.39291,199252.50647686806,446.37708999999995
1317.39,763.28448,307032.9272944705,554.1055200000001
1471.08,1959.89271,238937.86545754425,488.81271000000015
2053.53,2074.03156,420.3139624335877,20.5015599999997
1202.86,2434.77828,1517622.6485981587,1231.91828
569.4,386.0115,33631.34193224999,183.38849999999996
1181.92,1689.13566,257267.72574923545,507.21565999999984
3511.43,2309.3304,1445043.44832016,1202.0996
2420.7,2035.94811,148034.01685857194,384.7518899999998
1134.65,1937.53258,644620.4372674563,802.88258
1922.57,1887.9891300000002,1195.8365699568847,34.58086999999978
2246.77,1311.86268,874051.6969895825,934.90732
1507.93,1372.8083100000001,18257.871108456085,135.12168999999994
3116.32,2483.1739300000004,400873.9459564446,633.1460699999998
995.95,1603.35563,368941.5993556969,607.40563
2953.07,2461.9754500000004,241173.8570397023,491.0945499999998
1988.8,2318.0827699999995,108427.14261887262,329.2827699999996
1630.53,1153.48,227576.70249999996,477.04999999999995
2081.36,2623.91475,294365.6567475623,542.5547499999998
900.23,997.8264300000001,9525.06314874491,97.59643000000005
2815.63,2223.1199899999997,351068.1119502006,592.5100100000004
1505.81,1885.69803,144314.91533728095,379.8880300000001
1252.13,1622.2630100000001,136998.4450916601,370.13301
4179.72,3098.44161,1169162.9566809929,1081.2783900000004
1171.13,846.59024,105326.05582085767,324.5397600000001
3481.23,2033.2266300000001,2096713.7595313566,1448.00337
1973.81,2475.15283,251344.63319240895,501.34283000000005
3572.77,3376.79701,38405.41280954018,195.9729900000002
929.79,1176.79404,61010.995776321615,247.00404000000003
2748.86,2340.0841900000005,167097.6628411558,408.77580999999964
1088.88,1197.9925199999998,11905.54202075033,109.11251999999968
1730.12,1332.70245,157940.7090480024,397.4175499999999
980.81,1427.66523,199679.596578353,446.8552300000001
3363.72,3074.59332,83594.23708782232,289.12667999999985
597.5,675.21335,6039.364768222498,77.71334999999999
1380.44,1977.4767499999998,356452.8808505622,597.0367499999998
2760.14,2510.72981,62205.44287583613,249.41019000000006
3232.52,2908.69922,104859.8975598084,323.82078
3232.81,3198.70401,1163.2185538801014,34.10599000000002
1889.98,1705.94133,33870.23205536887,184.0386699999999
1080.29,1226.51303,21381.17450238093,146.2230300000001
1078.83,2232.23107,1330334.0282771445,1153.40107
1240.02,1249.1280000000002,82.95566400000318,9.108000000000175
1456.63,425.75865,1062695.7402508229,1030.8713500000001
1342.25,2470.91099,1273875.6303477797,1128.6609899999999
1541.85,2290.0965100000003,559872.8397271807,748.2465100000004
1165.44,644.83212,271032.5647180944,520.60788
579.69,1137.90765,311606.94477152254,558.21765
1477.4,846.15986,398464.11434721976,631.2401400000001
1260.55,1272.54591,143.90185672810227,11.995910000000094
1989.8,1630.94371,128777.83687256406,358.85628999999994
1042.44,2598.47443,2421243.1473454256,1556.0344300000002
2068.24,2297.6872300000005,52646.03135467321,229.44723000000067
1823.71,1795.9309999999998,771.6728410000125,27.779000000000224
1602.42,2287.4467,469261.57971288986,685.0266999999999
2834.77,2751.73303,6895.138386780918,83.03697000000011
1535.39,1957.8381,178462.39719360985,422.44809999999984
1430.17,2078.2412,419996.2802694398,648.0711999999999
1517.66,1951.4806999999998,188200.39974848978,433.82069999999976
3849.33,2615.8614499999994,1521444.6638391037,1233.4685500000005
3174.41,2633.71105,292355.35453110246,540.69895
1531.43,1489.9480500000002,1720.752175802489,41.48194999999987
2703.24,2057.04272,417570.92467939825,646.1972799999999
990.24,1576.0545900000002,343178.7338568683,585.8145900000002
1540.66,1187.75199,124544.06352216017,352.9080100000001
989.5,1502.39416,263060.41936210566,512.89416
2566.79,2147.86753,175496.03587090087,418.92247
3605.23,2483.9052,1257369.3070950396,1121.3247999999999
2064.61,1411.49768,426555.70253578265,653.1123200000002
1710.62,2097.25245,149484.65139300254,386.63245000000006
2735.23,2457.83748,76946.61015195033,277.3925199999999
1122.74,2311.72537,1413686.210074037,1188.98537
1160.18,1442.50631,79708.14531821606,282.3263099999999
1947.86,459.7758,2214394.5862896396,1488.0841999999998
1222.4,1547.6379499999998,105779.72412020233,325.2379499999997
1335.46,1332.07505,11.457886502500793,3.384950000000117
1970.58,1193.65753,603608.5243909009,776.92247
1589.41,2516.1333000000004,858816.0747628906,926.7233000000003
950.82,982.10311,978.6329712720978,31.283109999999965
1033.71,1443.73963,168124.2974779369,410.02963
1580.47,2782.54464,1444983.4401311297,1202.07464
4342.35,2562.86525,3166565.9754825644,1779.4847500000005
783.22,1046.68466,69413.62706891554,263.46465999999987
1536.96,1768.2712499999998,53504.894376562384,231.31124999999975
991.72,924.06213,4577.5873729369005,67.65787
1181.72,842.3484000000001,115173.08288655996,339.37159999999994
3517.02,2963.91485,305925.30695652234,553.1051499999999
2677.87,2548.81326,16655.642139427597,129.05674
987.48,803.03163,34021.201195656926,184.44837000000007
1451.79,2037.3645999999999,342897.6121651599,585.5745999999999
2431.88,2034.71479,157740.2040343442,397.1652100000001
954.01,795.0822,25258.045612840015,158.92780000000005
1122.99,1571.91662,201535.11014462437,448.92661999999996
1266.72,706.15031,314238.37734669616,560.56969
2777.63,1539.8640599999999,1532064.5222240842,1237.7659400000002
2457.24,1841.2464599999998,379448.0413217315,615.9935399999999
1876.96,2617.0231,547693.3919816097,740.0630999999998
3184.52,2996.2468200000003,35446.79030731228,188.27317999999968
1322.76,888.9872,188158.84201983997,433.77279999999996
1005.73,1522.00061,266535.3427497721,516.27061
1372.3,1469.80735,9507.683304022517,97.50735000000009
4147.8,2965.5785499999997,1397647.5568401036,1182.2214500000005
1291.79,1994.93544,494413.5097927936,703.14544
1953.57,2050.50978,9397.320946448386,96.93977999999993
2603.86,2174.26176,184554.64781109782,429.59824000000026
2961.14,1836.73593,1264284.5126325644,1124.4040699999998
4379.09,2141.51013,5006763.674629217,2237.57987
1106.4,1617.66246,261389.3030052515,511.2624599999999
758.7,381.14226,142549.84703390763,377.55774
2789.69,2703.66389,7400.491601732142,86.02611000000024
1996.19,2415.8709,176132.05782480986,419.68089999999984
3032.6,2642.10471,152486.571512184,390.49528999999984
693.06,1649.81889,915387.5735940322,956.7588900000001
1599.97,1409.2921,36358.06154841005,190.67790000000014
1187.59,1904.31837,513699.55636285694,716.72837
1443.08,1406.19806,1360.277498163599,36.881939999999986
2050.83,1697.18896,125061.98517228158,353.64104
2751.07,3209.73363,210372.3254847769,458.66363
1506.43,1113.73285,154211.05161812247,392.69714999999997
1735.06,2952.6882100000003,1482618.4577878048,1217.6282100000003
2354.62,3167.69538,661091.5735621448,813.0753800000002
1953.31,2317.02499,132288.59395070007,363.71498999999994
1558.21,2350.9382699999996,628418.1100571923,792.7282699999996
1262.48,1569.4423500000003,94225.88431752265,306.96235000000024
774.76,718.16604,3202.876308481604,56.59396000000004
1269.38,1058.51722,44463.11198932846,210.86278000000016
1301.87,1268.8383199999998,1091.0918836224034,33.03168000000005
2164.52,1887.08232,76971.6662837824,277.43768
1089.24,1879.4916,624497.5913025601,790.2516
2215.76,2181.08174,1202.5817166276095,34.67826000000014
3183.53,2312.52831,758643.9439828562,871.00169
2515.57,1277.05644,1533915.8383038738,1238.51356
3225.05,3755.6620199999998,281549.11576847994,530.6120199999996
1519.99,1560.15573,1613.285866432895,40.16572999999994
2877.0,2734.41768,20329.717976582393,142.58231999999998
1907.84,1653.80589,64533.32904349201,254.03410999999983
2487.09,2484.1600399999998,8.584665601602298,2.929960000000392
1115.49,1269.8961,23841.243717209978,154.40609999999992
4241.3,3016.9110499999997,1499128.3008821036,1224.3889500000005
993.8,1399.7506399999997,164795.92211640943,405.9506399999998
918.72,1490.8302899999999,327310.18392388395,572.1102899999998
3158.58,2804.37052,125464.3557218704,354.20948
2039.19,1145.53057,798627.1768279251,893.6594300000002
1564.26,2224.53648,435965.0300411907,660.2764800000002
4239.89,3222.12192,1035851.864666887,1017.7680800000003
1843.16,2307.0531499999997,215196.85461692218,463.89314999999965
3540.14,3032.19636,258006.74141644957,507.94363999999996
2538.5,2150.51734,150530.5444606757,387.9826600000001
3321.8,2608.4462700000004,508873.5441049126,713.3537299999998
4135.77,2992.07665,1308034.4788342235,1143.6933500000005
978.76,2382.83986,1971440.2532576197,1404.07986
865.87,1028.20766,26353.51585427561,162.33766000000003
1264.65,2704.46683,2073072.5039512482,1439.8168299999998
1036.19,1288.44477,63632.4689877529,252.25477
1714.92,1599.2176599999998,13387.031481475664,115.70234000000028
1215.34,805.60977,167878.8613758528,409.7302299999999
920.08,1812.99151,797290.9646904801,892.91151
1142.96,1643.03111,250071.11505663197,500.07110999999986
1784.03,2381.78208,357307.54914432636,597.75208
2683.2,2951.09618,71768.3632585925,267.8961800000002
1526.33,1097.1027199999999,184236.05789619844,429.22728000000006
2355.55,2518.67924,26611.14894297752,163.12923999999975
2478.72,2942.0889700000002,214710.8023588613,463.36897000000044
1705.68,2389.30113,467337.8493824766,683.6211299999998
2053.33,1400.2848900000001,426467.91569491185,653.0451099999998
1827.34,2334.7845700000003,257499.99162248525,507.44457000000034
1074.19,809.4929,70064.55474841005,264.6971000000001
2865.98,2973.8866900000003,11643.853746756155,107.90669000000025
2033.43,2384.0731800000003,122950.63968051258,350.64318000000026
1792.09,2150.87605,128727.42967460245,358.78604999999993
1739.27,2381.24783,412135.53421150864,641.9778299999998
1535.55,1395.59882,19586.332783392405,139.95118000000002
766.97,887.75388,14588.74566785439,120.78387999999995
1969.11,2238.69234,72674.63803987569,269.58234000000016
1656.86,876.36555,609171.5864808024,780.4944499999999
662.72,1094.38124,186331.42611833752,431.6612399999999
2229.29,2444.05418,46123.653011072456,214.76418000000012
3764.52,2608.3424,1336746.64274176,1156.1776
1492.01,1564.7701299999999,5294.036517616884,72.76012999999989
2412.36,1889.7321299999999,273139.8905007372,522.6278700000003
2602.59,2174.36563,183376.11106189722,428.22437000000036
764.47,1148.50689,147484.33288087216,384.0368900000001
1761.63,1358.1427700000002,162801.94477307287,403.48722999999995
2534.46,1569.01197,932089.898630881,965.44803
878.79,1005.41715,16034.435117122508,126.62715000000003
1504.43,1918.1948200000002,171201.3262696325,413.7648200000001
1982.54,3142.2550599999995,1344939.0203908025,1159.7150599999995
1910.72,2489.99391,335558.26280668826,579.2739100000001
1885.09,2878.92391,987705.8406658883,993.8339100000001
2926.14,2200.68819,526280.3286322762,725.45181
2352.81,2737.49787,147984.75732513706,384.6878700000002
1654.64,1413.78878,58009.310175488405,240.85122
2111.1,3014.0063999999998,815239.9671609597,902.9063999999998
630.67,1103.46012,223530.4975696144,472.79012
1531.81,1869.79917,114236.67903728894,337.98917000000006
1820.12,2317.02499,246914.5690869001,496.90499
1717.29,2824.86993,1226733.3013388047,1107.5799299999999
1239.76,2189.83411,902640.8144922917,950.0741099999998
1603.76,1548.7674000000002,3024.186054759979,54.99259999999981
573.43,534.77342,1494.331177296397,38.65657999999996
1449.27,1973.7691599999998,275099.3688407054,524.4991599999998
3407.93,2705.70015,493126.7622310221,702.2298499999997
1357.24,1902.02727,296793.16955405293,544.78727
3166.61,2428.68957,544526.561011385,737.9204300000001
2070.04,2795.61815,526463.6517574223,725.5781499999998
2616.83,1566.36216,1103482.6828742656,1050.46784
3581.4,2628.0527199999997,908871.0362833992,953.3472800000004
1212.39,1525.7082,98168.29445123996,313.31819999999993
1690.85,2651.47063,922791.9947815967,960.6206299999999
2857.09,2522.4190299999996,112004.65816074128,334.6709700000006
1810.68,1353.90093,208647.11879006494,456.77907000000005
2318.83,1781.08992,289164.3936384064,537.74008
1382.0,2133.13032,564196.7576233028,751.1303200000002
2849.93,2807.4507099999996,1804.4900789041187,42.47929000000022
996.27,1361.5955199999999,133462.7355632703,365.32551999999987
1009.83,1875.7978600000001,749900.3345529798,865.9678600000001
1402.01,1624.91282,49685.66716395241,222.90282000000002
2303.15,2227.7205400000003,5689.603435891575,75.42945999999984
1746.11,1962.1838100000002,46687.891367916236,216.07381000000032
2624.49,2328.3233,87714.71418888986,296.16669999999976
2210.47,2313.84093,10685.549169064909,103.37093000000004
702.51,310.02777,154042.3008657729,392.48223
1546.07,1609.8168999999998,4063.6672596099834,63.74689999999987
2191.57,2145.57643,2115.4084813449085,45.99357000000009
1664.83,1336.68945,107676.2205543024,328.14054999999985
1725.55,1256.39221,220109.03191768407,469.15779
2437.28,2364.36286,5316.909305779603,72.91714000000002
1394.3,1856.6217900000001,213741.4375088043,462.3217900000002
1006.07,1165.9261099999999,25553.975904332045,159.85610999999983
1678.03,2138.42994,211968.10475200362,460.39994
1846.92,1347.5435300000001,249376.85878966082,499.3764699999999
1492.9,1548.8712699999999,3132.783065412875,55.97126999999978
4355.15,2597.3127799999997,3089991.692017328,1757.83722
2333.19,2739.97214,165471.70942297945,406.7821399999998
1955.88,2302.9868500000002,120483.16531692259,347.1068500000001
419.41,224.80347,37871.70151864091,194.60653000000002
2990.19,2427.35238,316786.1864872647,562.8376200000002
1819.05,2111.1289,85310.08382521012,292.0789000000002
2653.21,2181.2572800000003,222739.3699153982,471.9527199999998
1788.81,1972.71138,33819.71756590441,183.90138000000002
2931.71,3006.3118099999997,5565.430055276049,74.60180999999966
2627.84,2107.42131,270835.6129013161,520.41869
1824.64,2057.40143,54177.8832956448,232.7614299999998
3035.17,2589.3633499999996,198743.5691842229,445.80665000000045
3653.91,3114.34047,291135.2777044206,539.5695299999998
2670.47,3130.16766,211321.93860947585,459.69766000000027
3531.78,2857.29505,454929.9477765025,674.48495
2732.85,2431.3393800000003,90908.65397278413,301.51061999999956
1503.56,2224.28164,519439.6823642899,720.7216400000002
1715.84,2276.4749,314311.4910980103,560.6349000000002
845.86,1116.81304,73415.54988524159,270.95304
1290.46,1296.9423000000002,42.02021329000159,6.482300000000123
1306.79,2053.1595899999998,557067.5648767678,746.3695899999998
4357.24,3286.07607,1147392.1649330442,1071.1639299999997
1905.26,1616.1742999999997,83570.54194449018,289.0857000000003
2115.71,2620.90623,255223.2308062129,505.19623
1081.19,1085.01532,14.633073102399386,3.8253199999999197
2854.77,1901.16651,909359.61614018,953.60349
3724.57,2136.73404,2521223.0358691225,1587.8359600000003
3101.86,2173.30785,862209.0952696225,928.55215
2851.04,2522.4907000000003,107944.64253048979,328.5492999999997
1225.35,1956.7086499999998,534885.4749298224,731.3586499999999
1680.17,1790.6313799999998,12201.716471504342,110.46137999999974
1915.14,2446.07659,281893.6626008281,530.93659
1147.52,1403.8169400000002,65688.1214533637,256.2969400000002
1399.47,787.0611,375044.66079921,612.4089
730.31,1047.81411,100808.85986689215,317.5041100000001
4758.83,3035.63526,2969400.1119636674,1723.19474
1333.69,2029.84555,484632.54979580245,696.15555
867.32,1431.90707,318758.5596111848,564.5870699999999
1883.12,2288.57615,164394.68957282248,405.45615
2048.07,2520.09573,222808.28978203275,472.02572999999984
959.24,1883.11989,853554.0511464119,923.8798899999999
1629.8,987.65757,412346.90040630486,642.14243
1637.39,2298.04594,436466.27105728345,660.6559399999999
1403.33,828.04157,330956.7776918648,575.28843
1279.11,1756.2877200000003,227698.57646439873,477.17772000000036
2335.12,2768.79354,188072.7392961318,433.67354000000023
999.95,642.98525,127423.83274256256,356.9647500000001
2605.45,2550.50916,3018.495899905573,54.94083999999975
611.06,517.64124,8727.064719937582,93.4187599999999
2376.5,2503.24296,16063.77790956161,126.74296000000004
1097.24,1184.47478,7609.9068416484,87.23478
2567.02,1760.7844,650015.8427073599,806.2356
1982.78,2031.70627,2393.7798961128933,48.92626999999993
1542.52,1350.19334,36989.54414675558,192.32665999999995
2070.16,1617.69466,204724.88390131536,452.46533999999974
1705.35,2274.0937799999997,323469.48728868813,568.7437799999998
814.51,1544.2568700000002,532530.4942747972,729.7468700000002
2269.77,2246.71344,531.6049590335996,23.05655999999999
1834.59,1287.38699,299431.13415306003,547.20301
983.95,1811.3994799999998,684672.6419522701,827.4494799999998
2923.67,2790.06369,17850.646071816132,133.60631000000012
4462.33,3224.7717300000004,1531550.4716453918,1237.5582699999995
1882.97,2732.19825,721188.6205980623,849.2282499999999
1575.43,2024.11555,201318.72277880242,448.6855499999999
2832.28,2441.9386200000004,152366.39294030427,390.34137999999984
2116.8,2870.97448,568779.1462832699,754.1744799999997
1234.07,1267.3179599999999,1105.4268441615948,33.24795999999992
1446.51,1939.7520100000002,243287.68042884025,493.24201000000016
913.2,1401.95622,238882.64258868838,488.75622
3724.2,3378.81942,119287.74504113641,345.38058
3226.39,2868.32467,128210.78054800883,358.0653299999999
1723.52,1358.1427700000002,133500.52020247278,365.3772299999998
1071.48,1748.3382900000001,458137.14474172425,676.8582900000001
3129.4,2728.56996,160664.72096640183,400.8300400000003
2404.97,2054.49678,122831.4779371683,350.47321999999986
1956.77,1270.69904,470693.36215532164,686.07096
1084.43,761.79632,104092.49147034241,322.63368
3380.07,2796.34942,340729.7155155366,583.7205800000002
1023.73,895.3446,16482.810933160003,128.3854
1358.97,2381.6782099999996,1045932.0828014031,1022.7082099999996
828.59,1487.55308,434232.34080308623,658.9630799999999
2787.23,2864.25837,5933.369784856899,77.02837
2764.58,2464.01934,90336.71033963565,300.5606600000001
2010.95,491.57352000000003,2308504.8879771903,1519.37648
2586.27,2059.72473,277249.92135937297,526.5452700000001
1829.26,1379.3412500000002,202426.88160156235,449.9187499999998
1879.38,2375.9482099999996,246579.98718260357,496.56820999999945
1912.7,2366.51062,205944.07882478437,453.81062
707.32,1422.89986,512054.5360376195,715.5798599999999
2130.54,2513.30795,146511.30354720243,382.7679499999999
665.87,737.21676,5090.360162497603,71.34676000000002
1462.93,1556.8206999999998,8815.463546489944,93.8906999999997
3140.06,2620.10329,270354.980274024,519.9567099999999
1757.1,907.1054899999999,722490.6670301401,849.99451
1607.21,2020.93149,171165.47128782002,413.7214899999999
3654.78,2635.2130599999996,1039516.7451409649,1019.5669400000006
1462.14,2301.12613,703897.726332377,838.98613
3289.91,3123.7063899999994,27623.63997703226,166.20361000000048
1292.49,1570.85884,77489.21108294565,278.3688400000001
2008.01,2493.7015,235896.23317225013,485.69150000000013
1276.33,1084.91145,36641.06128410245,191.41854999999987
2504.23,2640.51268,18572.968867982345,136.2826799999998
1602.11,2286.2850499999995,468095.49904250196,684.1750499999996
2444.19,3112.0493699999997,446036.13809679647,667.8593699999997
1460.59,1639.32352,31945.6711715904,178.73352
1316.82,1346.38188,873.9047491343985,29.561879999999974
2262.42,2204.67519,3334.4630819361164,57.74481000000014
1994.72,2223.4786999999997,52330.54282568983,228.75869999999964
900.95,1396.6566,245725.03328355998,495.7066
2308.06,3077.60184,592194.6435105854,769.5418399999999
1075.54,1809.80745,539148.6881295026,734.26745
1328.95,1042.51449,82045.30138896011,286.43551
2758.48,2466.6691499999997,85153.57217772267,291.8108500000003
1321.54,926.71194,155889.19696336356,394.82805999999994
1309.29,913.8216,156395.25539855997,395.4684
4404.93,3185.45496,1487119.3731830022,1219.4750400000003
3193.18,2262.18192,866757.4249636861,930.9980799999998
2300.31,2607.2129499999996,94189.42071870231,306.9029499999997
1787.65,1395.5088,153774.72073744002,392.1412
3112.09,2446.70399,442738.5423037203,665.3860100000002
1681.59,1599.57637,6726.235505776887,82.01362999999992
1157.13,1479.2449399999998,103758.03457120342,322.1149399999997
3084.28,2952.6882100000003,17316.399195404087,131.59178999999995
1421.48,1581.09937,25478.343279196866,159.6193699999999
1757.56,2005.5668799999999,61507.41252733435,248.0068799999999
2919.89,2822.22012,9539.405459214384,97.66987999999992
3470.59,2234.77701,1527233.746252741,1235.8129900000004
2581.55,1682.52342,808248.7915464968,899.0265800000002
1065.4,704.3612599999999,130348.97178078773,361.0387400000002
2708.25,2498.4668699999997,44008.961632597006,209.78313000000026
2736.31,1728.98668,1014700.2710158223,1007.32332
932.68,706.15031,51315.70045149608,226.52968999999996
3486.3,2939.00878,299527.6794890885,547.2912200000001
4437.53,3085.80611,1827157.4747967315,1351.7238899999998
1026.05,952.77966,5368.542723715588,73.27033999999992
865.14,1143.56598,77521.02633896045,278.4259800000001
1561.82,1245.61743,99984.06527460486,316.2025699999999
1907.97,2033.6570100000001,15797.224482740125,125.6870100000001
1488.82,1758.9375300000002,72963.48001330101,270.1175300000002
1543.31,1195.07402,121268.29776656035,348.2359799999999
4036.59,2536.3671499999996,2250668.599662124,1500.2228500000006
3486.54,3416.9745399999997,4839.353225011636,69.56546000000026
1723.82,2659.42006,875347.4722720035,935.60006
2404.87,2022.62739,146109.41289961193,382.2426099999998
2983.71,3296.67531,97947.28526339613,312.96531000000004
2276.86,2802.07942,275855.4391451363,525.2194199999999
816.63,709.2305,11534.652600249998,107.39949999999999
1636.87,1737.3803400000002,10102.328446915653,100.51034000000027
3475.97,2640.51268,697988.9335415823,835.45732
1655.97,1688.8808199999999,1083.122073072389,32.91081999999983
1380.42,1603.35563,49700.29512349688,222.93562999999995
852.87,1351.35499,248487.28525530014,498.48499000000004
1259.45,1909.0837399999998,422023.9961463873,649.6337399999998
1434.09,1660.16329,51109.13245142412,226.07329000000004
2844.41,2098.57892,556263.9998939662,745.8310799999999
4357.63,2489.10095,3491400.810693903,1868.52905
2196.88,2771.9454,330700.21427715995,575.0654
3694.81,2946.9582100000002,559282.2998062037,747.8517899999997
986.47,415.58979000000005,325904.2141696441,570.88021
4209.55,2625.22737,2510078.1959301173,1584.3226300000001
1938.69,1752.30072,34740.96369891844,186.3892800000001
1537.37,1387.64939,22416.261058772056,149.72060999999985
1066.68,739.00581,107370.37479215614,327.67419000000007
1359.58,1119.46285,57656.24572412252,240.11715000000004
1396.78,1659.00164,68760.1884842896,262.22164
951.85,906.30255,2074.570201502502,45.547450000000026
1449.82,1665.35904,46457.07776412165,215.5390400000001
2366.15,2361.5375099999997,21.27506400010401,4.6124900000004345
918.41,1467.58792,301596.3878155264,549.17792
2747.1,2491.8546300000003,65150.198906436715,255.24536999999964
4061.45,3138.1170899999997,852543.6626890682,923.3329100000001
1303.54,1776.95195,224118.87440280244,473.41194999999993
1834.06,2278.7659999999996,197763.42643599972,444.7059999999997
3127.88,2452.46619,456183.8147387161,675.41381
1340.72,1920.6690899999999,336340.9469918279,579.9490899999998
4080.94,2151.57512,3722448.840177415,1929.36488
1582.63,2303.41723,519534.2309310728,720.7872299999999
2826.21,3024.86048,39462.013204230316,198.6504799999998
797.85,164.28822000000002,401400.5290767684,633.56178
1096.91,1430.84929,111515.44940570412,333.93929
1384.55,1333.2367,2633.054756890003,51.31330000000003
2601.73,2341.14197,67906.12137928084,260.5880299999999
1203.38,1857.50403,427878.2466234408,654.12403
2334.58,2803.67145,220046.7884631024,469.0914499999999
2610.23,3168.7531599999993,311948.1202563848,558.5231599999993
1171.56,1525.45336,125240.51025208962,353.89336000000003
1363.75,1107.63029,65597.30585048407,256.11970999999994
3578.11,2866.4061300000003,506522.39857297664,711.7038699999998
1532.91,1517.50393,237.3469928449,15.40607
1596.43,1290.6642000000002,93492.72444963994,305.7657999999999
1107.72,1357.88793,62583.99320048493,250.16793000000007
3005.79,2140.3484799999997,748989.024539911,865.4415200000003
1387.62,1983.2784199999999,354808.9533168964,595.65842
1841.36,2654.12044,660579.532828994,812.7604400000002
1785.73,2043.7219999999998,66559.87206399986,257.99199999999973
872.61,2397.57707,2325524.5645843837,1524.9670699999997
1577.94,1814.22483,55830.52088812893,236.28483000000006
1211.97,1484.11418,74062.4547078724,272.14418
2703.68,2101.6591099999996,362429.1519963924,602.0208900000002
710.07,623.27493,7533.384176304901,86.79507000000001
1232.49,219.50385,1026140.9400918224,1012.98615
1567.86,1120.44896,200176.63871388155,447.41103999999996
1920.59,2193.71724,74598.48923001761,273.12724000000003
2524.25,2684.86038,25795.694163744425,160.61038000000008
1182.65,1343.04685,25727.149489922456,160.39684999999986
3311.88,3160.37335,22954.26499422258,151.50665000000026
1791.55,1852.37995,3700.2828170025064,60.82995000000005
2850.04,1716.9709500000001,1283845.472067902,1133.0690499999998
2223.46,1739.05167,234651.4301733889,484.40833
998.69,1213.19231,46011.24099533603,214.50230999999985
678.64,1426.7829900000002,559717.9334861403,748.1429900000002
2871.01,2166.84658,495846.12206609687,704.1634200000003
1242.68,940.3197,91421.75101609003,302.36030000000005
726.95,412.93998000000005,98602.2926604004,314.01002
1557.32,454.47618,1216264.4913121925,1102.84382
2461.68,1371.39182,1188728.3154477119,1090.2881799999998
1256.6,1785.4356300000002,279667.12355749717,528.8356300000003
911.6,497.30351999999993,171641.57334039046,414.2964800000001
3289.23,2761.97356,277999.3535214737,527.2564400000001
679.67,1489.14511,655249.953709512,809.47511
1676.89,1175.1088599999998,251784.31245969987,501.7811400000003
584.64,534.77342,2486.6758008964,49.86658
2652.02,2760.7402399999996,11820.090585657523,108.72023999999965
4064.62,3281.8342299999995,612753.5617144936,782.7857700000004
2243.56,2431.23551,35222.09705376011,187.67551000000003
4217.73,3531.2889299999997,471201.3425827447,686.4410699999999
648.56,1108.0606699999998,211140.8657304488,459.5006699999999
949.46,2255.54511,1705858.314563712,1306.08511
1561.62,1345.25243,46814.92534770485,216.3675699999999
1637.89,912.83549,525704.0424713402,725.05451
3534.24,2832.03027,493098.5049066723,702.2097299999996
2287.59,1583.67751,495492.79357800033,703.9124900000002
1588.3,1239.26003,121828.90065760093,349.03997000000004
594.7,549.43896,2048.5617418816087,45.261040000000094
1482.31,2362.07176,773980.7543582973,879.7617599999999
2768.17,2042.30551,526879.2578429603,725.8644900000002
2117.69,1565.2005100000001,305244.63656046,552.4894899999999
2193.99,2115.8942700000002,6098.943044232829,78.09572999999955
1332.98,809.4929,274038.74386641005,523.4871
2254.58,2172.1462,6795.331382439966,82.43379999999979
1475.75,1797.79172,103710.86942055836,322.04171999999994
1364.11,1426.3526100000001,3874.14249961213,62.24261000000024
1156.47,1527.9993,138034.02075848993,371.5292999999999
805.23,597.13554,43303.30428269161,208.09446000000003
857.89,1126.8780299999999,72354.56028328082,268.98802999999987
1276.81,1477.65291,40337.87449726813,200.84291000000007
1021.27,1973.14176,906059.8474854976,951.87176
2088.23,1666.0903099999998,178201.91787329628,422.1396900000002
1118.57,1356.2959,56513.60353081007,237.72590000000014
2025.38,2352.63417,107095.29178238871,327.2541699999997
846.36,1364.24533,268205.21502920886,517.88533
1911.64,2196.9806,81419.25800835987,285.34059999999977
2464.84,1933.98981,281801.9242230362,530.8501900000001
1715.82,2019.94538,92492.24676014436,304.12537999999995
1146.45,1507.2634,130186.30961956001,360.8134
1331.74,2748.4558199999997,2007083.7146382714,1416.7158199999997
2812.74,2556.93823,65434.54553513268,255.80176999999958
967.3,516.22475,203468.8811625625,451.07525
1133.22,1044.03485,7953.990980522503,89.18515000000002
2280.4,1748.2344199999998,283200.2045367367,532.1655800000003
2239.18,2603.14665,132471.72231222273,363.9666500000003
1452.04,2245.12141,628978.1228875885,793.0814100000002
2293.83,1938.85905,126004.37534390243,354.9709499999999
1244.53,1904.7702299999999,435917.16131045274,660.2402299999999
823.77,1489.4137999999998,443081.6684784398,665.6437999999998
3389.44,3280.77645,11807.767098602546,108.66355000000021
911.01,1061.4218700000001,22623.73063689694,150.41187000000014
2498.0,2699.42205,40570.84222620255,201.42205000000013
3416.96,3518.03988,10217.142140814354,101.07987999999978
890.96,1018.7700699999999,16335.41399340487,127.81006999999988
3036.96,2592.37187,197658.605336897,444.5881300000001
995.83,633.8025,131063.91075625003,362.02750000000003
944.66,731.48676,45442.830252097585,213.17323999999996
3603.62,2895.55404,501357.40371072147,708.0659599999999
1137.27,1404.35119,71332.36205181616,267.0811900000001
874.04,1119.28731,60146.243062236084,245.24730999999997
732.44,135.14031,356766.91967409616,597.29969
1895.44,2318.8857100000005,179306.26931740445,423.4457100000004
2064.55,1577.91531,236813.32151139618,486.6346900000001
1129.4,960.90463,28390.68971143693,168.4953700000001
2615.16,2938.38138,104472.06048910438,323.22137999999995
597.29,549.43896,2289.7220290816012,47.85104000000001
1812.08,2190.51933,143216.32649084902,378.43933000000015
1192.76,804.19328,150984.09589155842,388.56672000000003
3571.86,3029.54655,294103.8780509026,542.3134500000001
2765.67,2449.88805,99718.23994580253,315.78195000000005
1818.11,2159.95493,116857.95616670488,341.84493
640.8,946.4222599999999,93404.96580750759,305.62226
1869.49,2175.8537899999997,93858.77182316389,306.36378999999965
4423.31,2565.94544,3449803.1087439954,1857.3645600000004
1927.45,2208.70929,79106.78821130395,281.25928999999974
3912.86,2444.51676,2156031.870453698,1468.3432400000002
580.02,1190.4018,372565.94177124015,610.3818000000001
1354.1,1330.48302,557.7617443204006,23.616980000000012
2205.4,930.95378,1624213.1676722886,1274.44622
3502.82,3270.17721,54122.66773898425,232.64279000000033
3687.9,3029.10232,434014.38317338255,658.7976800000001
3662.38,2107.94484,2416268.6666442254,1554.43516
2258.08,2417.98646,25570.07594973165,159.90646000000015
1037.39,1543.82649,256477.91840351993,506.4364899999998
3059.52,2413.14942,417794.92668953614,646.3705799999998
1524.16,2211.03259,471793.9548933077,686.8725899999997
1278.99,1964.76195,470283.1674068026,685.7719500000001
919.74,1007.00918,7615.909777872401,87.26918
1161.36,1518.92042,127849.45395057641,357.56042
763.39,1235.87895,223245.80787210254,472.48895000000005
1858.16,2266.1443499999996,166451.22984492208,407.9843499999995
1110.64,1501.0708200000001,152436.22520587244,390.43082000000004
1013.42,1075.4738599999998,3850.681540899584,62.05385999999987
1382.29,1735.7744599999999,124951.26346149153,353.4844599999999
810.19,1039.86468,52750.45863310233,229.67467999999985
2225.78,2181.6159900000002,1950.4597792800967,44.16400999999996
2830.04,2462.9615599999997,134746.58111283378,367.0784400000002
1442.32,2153.42199,505666.0401819599,711.1019899999999
2306.92,2763.8204299999998,208758.00293418462,456.9004299999997
1161.4,815.8503000000001,119404.59517009002,345.54970000000003
1600.11,2243.99196,414583.9784134415,643.8819599999999
2228.31,2634.15528,164710.3912982784,405.84528
833.35,1465.99589,400240.822133892,632.6458899999999
4512.6,3502.5714000000003,1020157.7728179602,1010.0286000000001
998.06,1494.0143500000001,245970.7172839227,495.9543500000002
1777.74,2193.16914,172581.37036113956,415.42913999999996
1373.49,1554.42573,32737.738390632872,180.93572999999992
3169.83,2293.07283,768703.1351464087,876.7571699999999
1185.36,946.06355,57262.79098260247,239.29644999999994
1809.15,1775.09123,1159.9998139129066,34.058770000000095
1426.75,2193.5416999999998,587969.5111888896,766.7916999999998
2823.43,3014.6916199999996,36581.00728502431,191.26161999999977
1216.1,1249.85927,1139.688310932901,33.759270000000015
1520.77,1836.03686,99393.19301425957,315.26685999999995
2150.36,2010.8664999999999,19458.436542250074,139.49350000000027
596.88,1137.83598,292633.37229776045,540.9559800000001
721.85,1014.88694,85870.64820456358,293.03693999999996
1746.85,1376.69144,137017.3595412735,370.15855999999985
1013.06,1731.53262,516202.9056896644,718.47262
2068.36,843.51005,1500257.400015003,1224.8499500000003
1981.52,1810.59654,29214.829178371594,170.92345999999998
2736.02,3486.24216,562833.2893550653,750.2221599999998
1952.34,1870.39437,6715.086276096889,81.94562999999994
1939.2,2319.1405499999996,144354.82153430217,379.9405499999996
2642.94,2080.92321,315862.87224190426,562.0167900000001
3029.45,2872.13613,24747.653694376884,157.31386999999995
2881.49,2518.24886,131944.12578849934,363.24113999999963
2292.48,2358.45732,4353.006754382395,65.97731999999996
1027.1,799.32404,51881.88795392157,227.77595999999994
2522.44,2725.23493,41125.78363370491,202.79493000000002
3355.51,3018.94731,113274.44430003624,336.5626900000002
3574.26,1621.57779,3812967.813250485,1952.6822100000002
3375.83,3263.7159399999996,12569.562449683675,112.11406000000034
1239.14,813.2004900000001,181424.46617904014,425.93951000000004
2415.32,2593.42965,31723.047423122454,178.10964999999987
4515.54,3026.89674,2216058.755543427,1488.6432599999998
1278.01,1419.0884,19903.11494656003,141.0784000000001
1177.01,1103.02974,5473.078869667606,73.98026000000004
2025.11,2153.42199,16463.96677776008,128.31198999999992
1240.71,831.67749,167307.5942369001,409.03251
3198.4,2938.0226700000003,67796.3539779288,260.3773299999998
940.01,1044.03485,10821.169417522504,104.02485000000001
1300.44,1297.55585,8.318321222500522,2.8841500000000906
4458.63,3457.5246300000003,1002211.9618428365,1001.1053699999998
2098.76,2333.72679,55209.39240290407,234.96678999999995
1241.55,1726.233,234917.61048899998,484.683
2663.7,2307.0531499999997,127196.97561492256,356.6468500000001
1961.24,2008.18449,2203.7851413601084,46.94449000000009
1124.35,1301.69382,31450.830492192417,177.34382000000005
2016.76,1918.01928,9749.729786118402,98.74072000000001
3668.46,1762.01772,3634522.1669715983,1906.44228
1833.72,2750.1409999999996,839827.4492409993,916.4209999999996
1289.42,1451.6173900000001,26307.99332281211,162.19739000000004
2205.37,2492.64372,82526.19020263848,287.27372000000014
2695.37,2097.9515199999996,356908.84024551074,597.4184800000003
1930.69,2063.43232,17620.523518982358,132.74231999999984
1044.23,1450.4557399999999,165019.35183854747,406.22573999999986
3063.2,2267.48154,633167.867584771,795.7184599999996
3300.59,2976.5365,105010.67086224999,324.0535
1694.04,2064.66564,137363.36502540976,370.6256400000002
1005.53,1369.54495,132506.8838235025,364.01495
1061.05,1502.0354499999999,194468.1671117024,440.9854499999999
2380.45,1571.1275299999998,655002.8604469011,809.3224700000001
1116.06,1831.00593,511147.68282356503,714.9459300000001
2998.45,2916.8241900000003,6662.772858156026,81.62580999999955
1262.06,1299.84695,1427.8535903025122,37.78695000000016
927.8,1079.54016,23025.076156825617,151.74016000000006
1024.8,1108.75974,7049.2379408676015,83.95974000000001
1618.9,2327.19385,501680.17794782255,708.29385
1580.97,2069.96526,239116.36430246753,488.9952599999999
1627.92,1733.1246499999997,11068.01838162243,105.20464999999967
1835.42,2341.6762200000003,256295.36028868862,506.2562200000002
1722.63,2496.24744,598483.9434721536,773.61744
2471.97,2195.46024,76457.64737525755,276.5097599999999
599.28,1159.1061300000001,313405.2958307771,559.8261300000001
1424.14,1278.02107,21350.741704344928,146.1189300000001
820.06,757.55448,3906.940030470392,62.50551999999993
771.77,870.43853,9735.478812360907,98.66853000000003
1007.41,1554.95998,299810.9805980005,547.5499800000001
1521.85,496.87314000000003,1050577.563535459,1024.9768599999998
2797.87,2259.15955,290208.9489392025,538.71045
2482.89,2511.8197899999996,836.9327494440818,28.929789999999684
1993.31,2467.09953,224476.5187376209,473.78953
1867.76,2783.17204,837979.2029769615,915.4120399999999
1513.3,1748.3382900000001,55242.99776612419,235.0382900000002
1613.02,2438.05549,680683.5597595405,825.0354900000002
2521.23,2466.6691499999997,2976.8863527225326,54.5608500000003
4701.1,2905.79457,3223121.586987486,1795.3054300000003
1683.37,1350.9962799999998,110472.28974663843,332.37372000000005
2620.23,2950.0384000000004,108773.58071056023,329.80840000000035
2370.27,1612.46671,574265.8263348242,757.8032900000001
1522.75,1203.29214,102053.3243157796,319.45786
913.56,2123.2163,1463268.3641296902,1209.6563
991.25,2238.69234,1556112.3916246758,1247.44234
1471.22,937.7415599999999,284599.2459448337,533.4784400000001
1537.33,1656.97923,14315.938239592897,119.64922999999999
1828.12,2789.26075,923791.5413105625,961.14075
1874.27,2172.8774700000004,89166.42113980112,298.6074700000004
1699.51,1722.1666999999998,513.3260548899897,22.656699999999773
994.1,789.3522,41921.661604839996,204.74779999999998
768.61,925.2237799999999,24527.87608588837,156.6137799999999
2078.34,1318.826,576861.5161960002,759.5140000000001
1389.26,2333.62292,891821.3246709261,944.3629199999998
1155.03,864.70853,84286.55594296088,290.32147
1758.61,1987.01821,52170.31039540412,228.40821000000005
1863.16,1893.2887500000002,907.741576562505,30.128750000000082
959.76,1103.38845,20629.13164940248,143.62844999999993
2033.5,1309.38841,524337.594772328,724.11159
1022.36,1113.00158,8215.896024896416,90.64158000000009
1419.23,2010.76263,349910.8523547168,591.5326299999999
1854.24,2089.8265499999998,55501.022540902384,235.58654999999976
1790.02,2397.9496300000005,369578.43503193755,607.9296300000005
4537.37,2767.2731799999997,3133242.752174113,1770.0968200000002
2201.26,2129.67757,5124.044284704955,71.58243000000039
2964.84,2779.46445,34364.09453780257,185.3755500000002
1393.59,1509.5545,13447.76526025001,115.96450000000004
1013.68,1456.5583000000001,196141.18861089018,442.8783000000002
1322.27,1194.28493,16380.178142904888,127.98506999999995
3819.68,2583.3646599999997,1528475.619919316,1236.31534
1266.44,1535.94873,72634.9555462129,269.50873
902.17,1974.0956700000002,1149024.642004949,1071.92567
4292.57,3040.93488,1566590.4736174142,1251.63512
1276.51,1521.6418999999999,60089.64839760993,245.13189999999986
1247.49,1493.65564,60597.52231660957,246.16563999999994
995.76,1955.547,921191.0853690001,959.787
2102.18,2061.91196,1621.515045441594,40.26803999999993
2010.74,2547.85935,288497.1961444227,537.1193500000002
1934.54,2368.0704499999997,187948.6510772023,433.53044999999975
2172.88,2195.13373,495.22849891289576,22.253729999999905
1413.56,2019.94538,367703.22907774436,606.3853799999999
1416.75,1591.6269399999999,30581.944143763558,174.87693999999988
2455.83,2025.77925,184943.64757556238,430.0507499999999
826.35,1005.41715,32065.04420912249,179.06714999999997
2510.63,2421.52923,7938.947214592902,89.10077000000001
1937.55,1774.03345,26737.662123902515,163.51655000000005
3899.04,3586.50456,97678.40125599367,312.5354400000001
4559.42,2295.72264,5124325.73767097,2263.69736
2140.54,2561.1084,176877.7790785601,420.5684000000001
2139.43,2192.73876,2841.823892737637,53.30876000000035
4745.26,3365.13999,1904731.2420024003,1380.12001
1364.73,1103.46012,68261.95019521443,261.26988000000006
1812.45,1241.55113,325925.5197672769,570.89887
1693.15,2757.03265,1131846.2929710224,1063.88265
2284.49,2655.17822,137409.7564467684,370.68822
1411.36,1885.69803,224996.56670428102,474.3380300000001
1327.49,2428.51403,1212253.9146374406,1101.0240299999998
1470.46,1872.8793600000001,161941.34130280968,402.4193600000001
1285.91,608.16516,459338.0681466257,677.7448400000001
1990.56,1011.50586,958547.0090511395,979.05414
853.81,686.43999,28012.72024740009,167.37000999999998
1154.76,1106.10993,2366.8293110048917,48.650069999999914
1094.55,2046.8021899999999,906784.233359796,952.2521899999999
771.39,980.51108,43731.626100366404,209.12108
4246.12,3124.5093300000003,1258010.495057848,1121.6106699999996
2859.09,3017.34143,25043.515097044838,158.2514299999998
2169.47,2345.7425200000002,31072.001307150556,176.27252000000044
2107.23,1791.68916,99566.02170790567,315.5408400000001
2642.95,2161.37142,231917.92871481628,481.5785799999999
954.73,1864.9299300000002,828463.9125720053,910.1999300000002
1575.63,1273.7075599999998,91157.15977555377,301.9224400000003
1807.01,1777.12749,892.9644039000947,29.88250999999991
784.28,1553.4396199999999,591606.5210385442,769.1596199999999
1775.02,2034.3560799999998,67255.2023897663,259.3360799999998
1895.45,2595.82462,490524.60834014416,700.3746199999998
1589.66,1553.54349,1304.4022945801046,36.11651000000006
3035.7,2141.51013,799575.5236106163,894.1898699999997
1095.06,1123.09877,786.1726231129063,28.038770000000113
1946.06,1649.13367,88165.2454472689,296.92633
1796.95,1694.07657,10582.942599964921,102.8734300000001
1026.5,536.6202900000001,239982.13026968404,489.87970999999993
3165.79,3082.54275,6930.104632562482,83.2472499999999
1891.08,2440.7769700000003,302166.75882718136,549.6969700000004
1545.52,1575.2655,884.7947702499996,29.745499999999993
2396.29,2068.26936,107597.54026600972,328.0206400000002
2782.12,1993.90986,621275.2247988195,788.2101399999999
1483.79,1771.65233,82864.72103302887,287.86232999999993
2400.6,2380.08618,420.81681099240507,20.513820000000123
3241.74,3172.63629,4775.322735764082,69.10370999999986
1499.82,1990.79747,241058.87604760093,490.97747000000004
2136.0,2091.41858,1987.5030092163981,44.58141999999998
3591.1,3144.4744899999996,199474.34618276038,446.6255100000003
1481.84,1731.70816,62434.09738178559,249.86816
3480.44,3211.88139,72123.72700513212,268.55861000000004
1633.81,2271.54784,406709.5525678659,637.7378400000002
1350.17,1242.34022,11627.261454848405,107.82978000000003
1960.96,2435.4056800000003,225098.70327066266,474.44568000000027
1963.59,2737.8565799999997,599488.736904896,774.2665799999997
2941.95,2574.35745,135124.28281550237,367.59254999999985
1552.28,2154.3288000000002,362462.7575814403,602.0488000000003
1268.8,1920.04169,424115.7387940562,651.2416900000001
1204.07,2251.8375199999996,1097816.7759669498,1047.7675199999996
4286.92,2894.46406,1938933.5448412844,1392.4559400000003
1402.89,1806.2754,162719.7809331599,403.3853999999999
3214.96,2432.82754,611731.1849856513,782.1324599999998
1916.99,1675.99048,58080.76864023044,240.99952000000008
1470.0,2140.70719,449848.13471769623,670.7071900000001
458.33,317.54681999999997,19819.903770912406,140.78318000000002
1857.71,2189.83411,110306.42444329194,332.12410999999975
1730.5,2638.22158,823958.4667976962,907.7215799999999
1742.28,2017.7581500000001,75888.21112742258,275.47815000000014
658.27,1080.14608,177979.4268761664,421.87608
1950.7,2451.2006699999997,250500.92067044857,500.5006699999997
2724.81,2262.86714,213391.2059049797,461.9428600000001
2454.11,2120.67036,111181.99352332964,333.43964000000005
3649.25,2930.43195,516699.3890058023,718.8180499999999
1295.36,1146.2157900000002,22243.99537652401,149.1442099999997
2240.9,2687.51019,199460.66181183598,446.6101899999999
3984.35,3075.20687,826541.2308261967,909.1431299999999
1107.3,1169.27499,3840.8993855000917,61.974989999999934
2349.02,1762.54125,343957.3242015625,586.47875
825.46,375.41226,202542.96827910762,450.04774000000003
2051.79,2472.50302,176999.44519752052,420.71302000000014
700.19,583.52778,13610.073575328412,116.66222000000005
2153.76,2170.55417,282.04414598888883,16.794169999999667
2596.14,2899.3333,91926.17716488994,303.1932999999999
2325.97,2915.16049,347145.4335064406,589.1904900000004
2283.7,2405.16779,14754.424007484136,121.46779000000015
1054.99,1497.72194,196011.57069616352,442.7319399999999
3831.53,3139.6052499999996,478759.8596625633,691.9247500000006
2896.12,2698.0055599999996,39249.331336513715,198.1144400000003
1498.27,589.61649,825651.2012353201,908.65351
2376.35,2604.45927,52033.83905993286,228.10926999999992
2521.73,2281.16097,57873.45819514096,240.5690300000001
1060.11,1207.96436,21860.911771009614,147.85436000000004
2173.03,1968.54121,41815.66523566414,204.4887900000001
1352.58,1509.45063,24608.394556596937,156.87063000000012
1275.63,1607.42193,110085.88481312481,331.79192999999987
1308.87,1632.50354,104738.66821293163,323.63354000000004
2123.69,2598.90481,225829.11564333606,475.21480999999994
1407.1,539.2701,753128.7353340099,867.8299
2901.7,2054.0664,718482.7198489595,847.6335999999997
601.12,1063.0139,213345.97485720992,461.8938999999999
821.86,2348.82271,2331615.1177305435,1526.9627099999998
1311.81,407.20998,818301.1961840003,904.60002
1213.91,990.66609,49837.843352088115,223.24391000000003
738.23,1117.79915,144072.73963172254,379.56915000000004
2889.3,2591.75832,88531.05133722255,297.54168000000027
2216.29,3020.3637999999996,646534.6758464394,804.0737999999997
1382.57,904.88606,228181.9465339235,477.6839399999999
1794.81,2084.6308,83996.09611263998,289.82079999999996
2255.69,1980.7324800000001,75601.63780455037,274.95751999999993
1197.24,1483.0564,81691.01450895995,285.81639999999993
3259.84,3017.34143,58805.556452045,242.4985700000002
920.64,627.08639,86173.72194403206,293.55360999999994
952.51,1064.24722,12485.206333328395,111.73721999999998
530.71,1045.69855,265213.20663110254,514.98855
1330.3,1994.86377,441645.0043966129,664.56377
1383.59,1588.97713,42183.87316963693,205.38713000000007
3547.37,2502.4538700000003,1091849.7187341761,1044.9161299999996
1368.35,2525.49922,1338994.317346609,1157.1492200000002
1892.67,2084.52693,36809.08158902487,191.85692999999992
1317.35,383.36169,872334.1632166561,933.98831
4636.18,3344.37189,1668768.1930617732,1291.8081100000004
818.83,875.73815,3238.5375364224974,56.90814999999998
665.09,588.8274,5815.984158760003,76.26260000000002
1883.27,1823.84559,3531.2605038481097,59.42441000000008
1270.82,881.03777,151930.18682377282,389.7822299999999
2895.57,2088.51393,651339.5001238451,807.0560700000001
1414.21,2234.52217,672912.0562501091,820.3121700000002
1957.19,2620.10329,439454.03005862405,662.91329
1130.33,1621.9043,241645.29242049,491.5743
1093.45,1093.2195900000002,0.05308876809995048,0.23040999999989253
1507.04,1002.49865,254561.97385982246,504.54134999999997
1433.99,741.0282199999999,480196.02854076854,692.9617800000001
1930.36,1722.2705700000001,43301.2108777248,208.08942999999977
2782.56,1802.64711,960229.2719881518,979.9128899999998
1978.89,1739.22721,57438.25291058414,239.6627900000001
1767.06,1571.1275299999998,38389.53280030098,195.9324700000002
3483.15,2581.94817,812164.7383953489,901.20183
2872.35,1977.65229,800483.992279244,894.6977099999999
2303.84,2594.4081300000003,84429.83817169696,290.5681300000001
1527.34,1432.6061399999999,8974.50423049961,94.73386000000005
1256.89,1365.3031099999998,11753.402419872042,108.41310999999973
2041.37,2345.3838100000003,92424.39667071633,304.0138100000004
937.03,1324.85689,150409.69660707214,387.82689000000005
2018.45,1309.38841,502768.3384133281,709.06159
2504.35,2597.6714899999997,8708.900495820066,93.32148999999981
4014.19,3265.9353699999997,559884.9913164375,748.2546300000004
3420.38,2682.90964,543862.5318785299,737.4703600000003
2995.34,1837.27018,1341125.707994833,1158.0698200000002
1157.73,1179.87423,490.3669222928947,22.14422999999988
833.28,322.41606,260981.96519232355,510.86393999999996
2704.31,2502.78038,40614.18773734432,201.5296199999998
1864.27,1731.53262,17619.212049264406,132.73738000000003
1928.23,1109.84972,669746.2826928785,818.3802800000001
1888.31,1360.5377400000002,278543.55842550733,527.7722599999997
1065.48,980.51108,7219.717365966404,84.96892000000003
2258.36,2384.3280199999995,15867.942062720234,125.96801999999934
1237.59,1051.98428,34449.483296718405,185.60572000000002
943.59,1184.11607,57852.7903496449,240.52607
2342.92,1405.8393500000002,878120.1446044223,937.0806499999999
1370.71,2026.40665,429938.09682122234,655.6966499999999
1773.52,2091.0598699999996,100831.56903961665,317.5398699999996
2689.64,2526.12662,26736.625439024356,163.51337999999987
2827.3,2231.06942,355490.9045271368,596.2305800000004
4572.79,3238.0207800000003,1781608.8706594075,1334.7692199999997
1427.54,1694.07657,71041.74314736489,266.53657
1483.42,1549.30165,4340.391806722505,65.88165000000004
1415.18,1113.62898,90933.01766304046,301.5510200000001
1934.7,2629.2143699999997,482350.2101364964,694.5143699999996
1150.24,1157.5463,53.38201968999948,7.306299999999965
1739.98,1256.2883399999998,233957.6219535558,483.6916600000002
663.24,1567.6747799999998,818002.271273648,904.4347799999998
1213.17,1547.0105500000002,111449.51282430258,333.8405500000001
3036.8,2602.97111,188207.5057986323,433.82889000000023
2461.81,2086.65321,140742.6170831041,375.15679
3561.26,3531.2889299999997,898.2650369449306,29.97107000000051
909.21,108.64220999999999,640908.7863854842,800.5677900000001
1651.67,986.59979,442318.3842294442,665.0702100000001
1475.38,1029.36931,198925.53559427615,446.01069000000007
1389.53,1197.36512,36927.341105414416,192.16488000000004
2143.0,1705.8374599999997,191111.08637925182,437.16254000000026
2534.1,1720.6785399999999,661654.4715885316,813.42146
570.19,911.9747299999999,116816.8016611728,341.78472999999985
1304.67,1711.24095,165299.93738390252,406.57095000000004
2672.98,2950.0384000000004,76761.3570105602,277.05840000000035
2256.52,2397.21836,19796.028506689563,140.69835999999987
1375.47,1854.3306900000002,229307.5604272763,478.8606900000002
1945.89,3220.2612,1624021.9553894396,1274.3711999999998
2122.32,2802.07942,462072.8690787362,679.7594199999999
1531.94,1945.85457,171325.27125828483,413.9145699999999
628.5,784.4829599999999,24330.68381036158,155.98295999999993
876.28,1764.93622,789709.8773446885,888.6562200000001
2485.7,2838.74638,124641.74643110456,353.0463800000002
2678.16,3057.4611399999994,143869.35480529928,379.3011399999996
1002.59,1957.2429,911362.1594784099,954.6528999999999
3689.72,2490.6213099999995,1437837.6683597167,1199.0986900000003
1179.64,1196.3073399999998,277.80022267559133,16.66733999999974
1478.92,876.36555,363071.8652148026,602.5544500000001
2288.28,2394.56855,11297.255861102449,106.28854999999976
971.17,467.72523,253456.63644035286,503.44476999999995
1542.42,2343.16438,641191.5621015845,800.7443800000001
4811.58,2954.9793099999997,3446966.1221084767,1856.6006900000002
1762.36,1695.6685999999997,4447.742833960021,66.69140000000016
2388.74,2543.51364,23954.879638849707,154.77364000000034
2223.47,2544.0478900000003,102770.18355685241,320.5778900000005
929.16,1459.46295,281221.2187787026,530.3029500000001
1179.89,1449.03925,72441.31877556247,269.14924999999994
2237.93,1300.90473,878016.3566185726,937.0252699999999
433.1,301.64796,17279.638820161603,131.45204
1130.14,1047.91798,6760.460572880425,82.22202000000016
1715.85,2215.9735,250123.51525225016,500.12350000000015
2417.65,2187.43914,52997.04006193966,230.21086000000014
1308.38,1563.5368099999998,65104.99768937596,255.15680999999972
1909.19,2262.54063,124856.66772139684,353.3506299999999
1540.29,2166.67104,392353.20727148186,626.3810400000002
1792.5,1880.82879,7801.975142864105,88.32879000000003
2685.25,2918.2406800000003,54284.65696686256,232.99068000000034
2089.57,1538.16816,304043.9891553858,551.4018400000002
2571.0,2840.41008,72581.79120560645,269.4100800000001
2171.37,2745.4473,329564.7463752899,574.0772999999999
975.8,585.1198099999999,152631.01085843614,390.68019000000004
2591.23,2206.16335,148276.32494222265,385.0666500000002
899.35,1031.91525,17573.5455075625,132.56525
3113.95,2486.88152,393214.8786095103,627.0684799999999
2582.9,2703.66389,14583.917127932033,120.76388999999972
4381.94,2911.4529,2162332.3112664083,1470.4870999999994
1749.9,2042.73589,85752.858472092,292.83588999999984
2938.49,3021.59712,6906.79339469442,83.10712000000012
2986.8,2898.27552,7836.583559270407,88.52448000000004
664.95,652.42284,156.92973766560237,12.527160000000094
1251.12,2409.9653599999997,1342922.5683935292,1158.8453599999998
1005.49,1061.06316,3088.3761123855907,55.573159999999916
2769.9,2371.18284,158975.37367846572,398.71716000000015
711.91,949.50245,56450.17229700249,237.59244999999999
2086.1,2886.87334,641237.9420547559,800.7733400000002
2421.03,3022.74492,362060.8449506063,601.7149199999999
1925.09,1201.17658,524050.6396560962,723.9134199999999
1469.68,1594.27675,15524.350110562482,124.59674999999993
3354.67,2831.22733,273992.2287767288,523.4426699999999
3478.09,3014.79549,214641.80299614026,463.2945100000002
2689.4,1791.16563,806824.9834492971,898.2343700000001
3449.29,2742.19157,499988.1897084649,707.09843
1407.66,2529.27848,1258028.0146775101,1121.6184799999999
899.34,2253.42955,1833558.5094192016,1354.0895499999997
1540.5,1685.0693599999997,20900.299850809522,144.56935999999973
940.32,1504.0793399999998,317824.5934372353,563.7593399999997
2509.35,1761.91385,558660.7983268225,747.43615
2206.15,2566.30415,129711.01176222239,360.15414999999985
1598.92,789.71091,654819.3513386282,809.2090900000001
1926.78,819.66176,1225710.7973406976,1107.11824
2221.38,2770.35337,301371.7609691566,548.9733699999997
3326.04,3139.17487,34918.57680991695,186.86513000000014
4238.65,2518.35273,2959422.6971694515,1720.2972699999996
1411.27,2427.88663,1033509.3723925569,1016.61663
4235.61,3316.7121399999996,844373.2771125797,918.89786
1490.24,1826.9396299999999,113366.6408421368,336.69962999999984
4363.48,2602.97111,3099391.5517690307,1760.5088899999996
2158.93,2550.15045,153053.4404982027,391.22045000000026
2112.45,1811.8298599999998,90372.4685736196,300.62014
1333.66,1831.00593,247352.97408756486,497.34592999999995
1426.7,907.90843,269144.693103065,518.7915700000001
2198.73,2413.22109,46006.427689388096,214.49108999999999
988.01,781.8331499999999,42508.89347592252,206.17685000000006
3432.75,3000.38479,186939.67481834404,432.36520999999993
1196.02,948.2691300000001,61380.49358575683,247.75086999999985
1628.8,2151.6789900000003,273402.4381834205,522.8789900000004
2522.04,2149.4595600000002,138816.1842705934,372.5804399999997
1538.39,1015.7477,273154.9737492901,522.6423000000001
763.81,1489.4137999999998,526500.8745744398,725.6037999999999
3018.0,2624.16959,155102.39184076813,393.83041000000003
1699.48,2326.13607,392697.8300678449,626.65607
1047.93,1963.4964300000001,838261.887742945,915.5664300000001
1005.94,1422.89986,173855.52485121955,416.95985999999994
512.54,737.14509,50447.44645390811,224.60509000000002
980.33,1619.6132,408683.00980223995,639.2832
1281.94,343.61454000000003,880454.6688842117,938.32546
1010.14,1570.32459,313806.77487346804,560.18459
1870.78,1265.3994200000002,366485.64664113615,605.3805799999998
1530.66,1483.31124,2241.905073537608,47.348760000000084
1956.9,1781.44863,30783.1832348769,175.45137
902.04,1070.1742399999998,28269.122660377554,168.13423999999986
2719.82,2795.1877699999995,5680.300754772807,75.36776999999938
658.31,583.52778,5592.380428128391,74.78221999999994
1417.99,2357.8299199999997,883299.0752256057,939.8399199999997
871.55,721.3179,22569.683870409983,150.23209999999995
3259.99,2550.4052899999997,503510.4606657842,709.5847100000001
1173.27,1338.79116,27397.254407745604,165.52116
3088.16,3067.79169,414.8680522560934,20.368309999999838
1009.9,731.41509,77553.84509770811,278.48491
3299.2,2856.9363399999997,195597.14495659567,442.2636600000001
1622.71,1954.5930899999998,110146.38542794797,331.8830899999998
2204.43,2481.51023,76773.45385685291,277.08023000000003
953.16,1212.03066,67014.01860883557,258.87065999999993
1371.23,2147.06459,601919.311040468,775.8345899999999
1340.83,1883.74729,294759.1837809442,542.9172900000001
1689.42,1558.3088599999999,17190.131032099653,131.1111400000002
1259.03,1997.94396,545993.8402828817,738.9139600000001
1829.73,1680.8275199999998,22171.948550150457,148.9024800000002
1023.32,1212.2062,35677.99655044001,188.88620000000003
2335.21,1731.27778,364734.1263541286,603.9322200000001
1844.04,2003.3474500000002,25378.863625502578,159.30745000000024
909.83,1317.2339699999998,165977.99477176068,407.40396999999973
1036.89,605.88791,185762.80158436816,431.00209000000007
2267.41,2062.0158300000003,42186.76506998872,205.39416999999958
1354.87,1711.24095,127000.25400390266,356.3709500000002
2104.67,1718.02873,149491.47166721296,386.6412700000001
3324.46,2426.03976,807158.9276416574,898.4202399999999
3692.19,3602.8338,7984.5304784400305,89.35620000000017
694.21,713.36847,367.0469727408987,19.158469999999966
1993.2,962.7515,1061824.1111522499,1030.4485
1233.15,1496.73583,69477.48977678889,263.58583
2172.33,2500.48928,107688.5130501183,328.15927999999985
1404.95,1678.6080900000002,74888.75022244817,273.65809000000013
1456.93,1076.53164,144702.9122906897,380.39836000000014
2330.56,2313.84093,279.5273016649034,16.7190700000001
1771.93,1565.8279099999997,42478.07150236823,206.10209000000032
953.1,2410.92999,2125268.2797434004,1457.8299900000002
1721.44,2688.56797,935336.5103563209,967.12797
1616.72,1257.8087,128817.32126768999,358.9113
1380.11,1827.2983399999998,199977.41143195552,447.1883399999999
1602.99,877.15464,526836.9698263296,725.83536
2742.34,1895.93856,716395.3976340737,846.4014400000001
2697.23,3090.42051,154598.77715406002,393.1905099999999
1338.55,2138.42994,639807.9184144037,799.87994
4382.43,3096.40535,1653859.4004076233,1286.0246500000003
2411.47,1372.4496,1079563.3916161598,1039.0203999999999
4321.8,2926.99305,1945486.4277683028,1394.8069500000001
2384.35,2408.2801799999997,572.6535148323921,23.930179999999837
2490.17,2463.1371000000004,730.7776824099838,27.0328999999997
1766.02,1904.2467,19106.620592889984,138.22669999999994
1094.24,862.4891,53708.47965081,231.7509
1717.34,2274.2693200000003,310170.26747566287,556.9293200000004
4294.35,3211.9530600000003,1171583.1357213638,1082.39694
2376.1,3131.6558199999995,570864.5971358718,755.5558199999996
1864.48,2403.6079600000003,290658.9572537619,539.1279600000003
2817.86,1609.2826499999999,1460659.2109330231,1208.5773500000003
2191.14,1579.61121,373967.4609988639,611.5287899999998
1460.25,2379.0283999999997,844153.7483065594,918.7783999999997
1237.28,1453.90849,46927.902679680126,216.62849000000006
3373.96,2741.13379,400469.0120629643,632.8262100000002
1477.47,1971.6214,244185.60612195998,494.15139999999997
1233.29,1798.68468,319671.1441723025,565.3946800000001
998.63,722.04917,76496.9555234889,276.58083
2400.7,2531.92829,17220.864096324105,131.22829000000002
1796.14,1288.18993,258013.273613005,507.9500700000001
1434.22,1135.98911,88941.66375019212,298.23089000000004
957.21,1048.34836,8306.200663489586,91.13835999999992
2465.06,2266.93344,39254.133777433664,198.12656000000015
717.25,520.29105,38792.827985102485,196.95894999999996
2709.04,2524.08273,34209.191725852856,184.95726999999988
2456.48,2837.5847299999996,145240.81522837258,381.10472999999956
2825.46,2849.41729,573.9517441440919,23.95728999999983
2564.78,1860.58422,495891.69656980876,704.1957800000002
588.33,946.06355,127973.29279560245,357.7335499999999
2250.93,1969.52732,79187.46831118235,281.4026799999999
1532.19,2031.96111,249771.162390632,499.7711099999999
1104.26,1794.76935,476803.16243742255,690.50935
1875.65,2595.82462,518651.4832921441,720.1746199999998
1947.92,2621.59145,453833.22254510224,673.6714499999998
1587.29,1828.08743,57983.40229460494,240.79743000000008
1658.0,2124.80833,217910.01695738875,466.80832999999984
3965.59,2994.72646,942576.0133013321,970.8635400000003
2622.57,2515.59905,11442.784143902576,106.97095000000036
1463.92,2380.08618,839360.4693757918,916.1661799999997
2126.55,860.46669,1602966.9478605567,1266.0833100000002
1384.31,1133.3393,62986.29225848993,250.97069999999985
1492.76,2663.23152,1370003.57913111,1170.4715199999998
1329.31,1124.76247,41839.69202910092,204.54753000000005
1295.02,1532.9724099999999,56621.34942480804,237.95240999999987
4166.47,3268.5851799999996,806197.1499864336,897.8848200000007
2275.38,1943.10089,110409.40694239222,332.2791100000002
1870.63,2366.51062,245897.5892915843,495.8806199999999
2049.65,2389.3728,115411.58083984001,339.7228
2400.08,2697.32034,88351.81972331577,297.2403400000003
777.51,672.13316,11104.278408385604,105.37684000000002
4503.47,3410.18676,1195268.242864898,1093.2832400000002
772.09,1471.82976,489635.73172485764,699.73976
2744.43,2914.53309,28935.06122754812,170.10309000000007
1901.96,2319.6748,174485.65413903978,417.71479999999974
1106.25,1500.5472900000002,155470.35290134425,394.2972900000002
2091.44,2553.0550999999996,213088.50054800956,461.61509999999953
1766.27,2087.35228,103093.83052999845,321.0822800000001
1764.82,2247.77122,233241.88089948855,482.95122000000015
1579.49,1367.14998,45088.28409360044,212.3400200000001
1669.79,2407.7459299999996,544578.9546221644,737.9559299999996
2119.22,2179.48971,3632.437943484104,60.26971000000003
2892.69,2682.1066999999994,44345.32623889029,210.5833000000007
1171.84,1148.50689,544.4340222720909,23.333109999999806
4454.55,3376.16961,1162904.2655365528,1078.3803900000003
1516.19,1773.92958,66429.69109857637,257.73957999999993
1982.49,1933.9181399999998,2359.2255838596234,48.57186000000024
886.46,660.73098,50953.590470160394,225.72902
2404.32,2629.2143699999997,50577.47765769668,224.89436999999953
4071.12,1804.41468,5137953.007716303,2266.70532
1053.57,1203.0234500000001,22336.33371690256,149.4534500000002
679.8,935.46431,65364.2394077761,255.66431
3648.38,3109.04085,290886.7187227228,539.3391500000002
2453.58,2567.4658,12969.975441640005,113.88580000000002
2219.95,2152.10937,4602.351078796858,67.84062999999969
756.93,209.33499,299860.2949769001,547.59501
1262.34,1219.1909999999998,1861.8362010000099,43.149000000000115
797.37,982.10311,34126.321930272105,184.73311
1185.35,1800.90411,378906.8623378921,615.55411
1710.12,1964.29937,64607.15213359693,254.17937000000006
3643.58,3494.98068,22081.75790446234,148.5993199999998
3124.9,2855.70302,72467.01404112049,269.19698000000017
2332.01,2456.06991,15390.861269208086,124.05990999999995
1232.73,1799.74246,321503.12979525153,567.0124599999999
2705.63,3176.7025899999994,221909.38504930746,471.0725899999993
613.36,597.13554,263.2331022916007,16.224460000000022
1648.12,3241.45968,2538731.3358625025,1593.33968
4396.9,2889.1644399999996,2273266.518888514,1507.73556
2188.14,1580.66899,369021.02799042006,607.47101
2952.29,2097.87985,730016.7044230228,854.4101500000002
1315.1,849.86745,216441.32557950245,465.23254999999995
2722.37,2267.10898,207262.59633144032,455.2610199999999
1933.15,2743.7836,657126.8334489602,810.6336000000001
2135.51,2410.57128,75658.70775523834,275.0612799999999
1069.57,1209.02214,19446.899350579628,139.4521400000001
1374.07,843.9404300000001,281037.3609883847,530.1295699999998
3928.18,3416.9745399999997,261331.02233381174,511.20546000000013
1337.41,557.81877,607762.4858929131,779.5912300000001
4375.75,2914.1743800000004,2136203.292978383,1461.5756199999996
979.29,1282.71477,92066.59104955295,303.4247700000001
2248.76,2674.51598,181268.15450576032,425.7559799999999
1815.04,2348.464,284541.163776,533.424
1342.17,2205.73297,745741.0031552208,863.56297
1343.62,937.3111799999999,165086.85720979236,406.30881999999997
2862.02,2716.29939,21234.496178772057,145.72060999999985
1846.68,1686.05547,25800.239637720915,160.62453000000005
2498.4,1936.63962,315574.7245377446,561.7603800000002
2284.72,2145.47256,19389.8495465535,139.24743999999964
2000.66,1362.38461,407395.47347965214,638.27539
1060.36,1103.8188300000002,1888.6699049689228,43.45883000000026
1481.24,2416.9286800000004,875513.3058801432,935.6886800000004
1269.45,539.2701,533162.6863640101,730.1799000000001
2505.29,3040.5045,286454.56101025007,535.2145
1557.44,1385.80252,29459.42454075043,171.6374800000001
2656.8,2096.46336,313977.1501264896,560.33664
1383.56,2194.07595,656936.1052044025,810.51595
2701.54,2536.72586,27163.700743939586,164.81413999999995
1949.79,1576.9614,139001.16497796003,372.82860000000005
1788.57,1668.1127199999999,14509.956304998419,120.45728000000008
1761.54,2089.30302,107428.59727952031,327.76301999999987
1240.09,1304.3436299999998,4128.528968176891,64.25362999999993
4557.07,2817.61957,3025687.7984271846,1739.4504299999999
1225.86,2758.62468,2349367.5642555025,1532.76468
1223.81,1492.8527,72383.97442328998,269.04269999999997
1972.16,2608.0158899999997,404312.71284769155,635.8558899999996
2096.5,2351.74121,65148.07528226417,255.24121000000014
1418.68,1665.7177499999998,61027.64992506237,247.03774999999973
1364.4,1383.4075500000001,361.2869570025014,19.007550000000037
2298.41,2303.67207,27.689380684902332,5.262070000000222
1220.84,1914.3116899999998,480902.9848314559,693.4716899999999
2101.1,2415.79923,99035.605362593,314.69923000000017
1947.02,1292.9553,427800.63178608986,654.0646999999999
1812.06,1387.29068,180428.9752132623,424.7693199999999
1829.92,2376.48246,298730.5226812517,546.5624600000001
4455.27,3235.80135,1487103.7883328232,1219.4686500000003
2591.02,3216.4497399999996,391162.3596764671,625.4297399999996
3724.45,2925.4010199999993,638479.2724390412,799.0489800000005
1757.01,2027.89481,73378.5802887361,270.88481
1047.27,1903.0850500000001,732419.3998065027,855.8150500000002
1293.16,2200.4333500000002,823144.9316202227,907.2733500000002
1098.39,1026.61563,5151.560188896913,71.77437000000009
3733.36,3536.58855,38719.00353510257,196.7714500000002
1654.69,1723.2244799999999,4696.974948870373,68.5344799999998
1868.33,2391.84707,274070.1225813848,523.5170699999999
1534.45,1997.0832,214029.47774223998,462.6332
1982.77,2460.31175,228046.12299306237,477.54174999999987
2309.94,2721.16863,169108.98613167697,411.22863000000007
1721.7,1552.9375699999998,28480.757779504976,168.76243000000022
1866.21,589.61649,1629690.9897741205,1276.5935100000002
2824.02,2511.8197899999996,97468.97112404437,312.2002100000004
2846.63,3322.0117599999994,225987.81774069695,475.3817599999993
3609.66,3700.44639,8242.168609232138,90.78639000000021
1997.95,2537.69049,291319.79654544,539.7404899999999
1016.66,1931.34,836639.5023999999,914.68
1079.79,1039.96855,1585.7478801024931,39.82144999999991
2407.3,2576.21817,28533.348156148873,168.91816999999992
2545.24,1705.13839,705770.7151245916,840.1016099999997
2040.2,2510.65814,221330.86149225957,470.45813999999996
3572.35,2963.2874500000003,370957.18981250207,609.0625499999996
1938.47,1633.23481,93168.52121433616,305.2351900000001
1440.4,1264.7720199999999,30845.187358880474,175.6279800000002
1911.58,2414.2072000000003,252634.10217984035,502.62720000000036
1980.0,1375.63366,365258.67292499566,604.36634
797.29,1171.85313,140297.53835539691,374.56313
1157.21,396.61074,578511.2343125475,760.59926
2696.5,2800.59126,10834.99040838763,104.09126000000015
1950.88,1715.3789199999999,55460.75868116651,235.50108000000023
1457.25,2208.38278,564200.4531905283,751.1327799999999
1129.25,1872.44898,552344.7238730403,743.1989799999999
1036.04,1711.9261699999997,456822.1147972686,675.8861699999998
2442.41,3337.48024,801150.7345336577,895.07024
1343.87,1364.85888,440.53308365440455,20.98888000000011
572.11,660.73098,7853.678096160405,88.62098000000003
1213.59,1222.37506,77.17727920360277,8.785060000000158
686.97,137.79012,301598.5405968144,549.17988
2292.16,3584.2851299999998,1669587.3515775166,1292.12513
3272.01,2378.23931,798826.0463030767,893.7706900000003
1594.21,2127.4581399999997,284353.57881345926,533.2481399999997
4766.36,3222.48063,2383563.509111596,1543.8793699999997
3005.64,2994.65479,120.67483874409615,10.985209999999825
2153.09,1858.29312,86905.20045773446,294.7968800000001
1270.56,1335.88651,4267.552908780113,65.3265100000001
1575.72,2554.6471300000003,958298.3258500374,978.9271300000003
1913.87,2589.46722,456431.6036717285,675.5972200000001
1254.43,1284.73718,918.525159552401,30.307180000000017
612.99,1807.69189,1427312.6059695722,1194.70189
3639.57,1799.11506,3387274.386170404,1840.45494
1198.42,838.21043,129750.93431958497,360.2095700000001
1871.95,1326.3450500000001,297684.76146450243,545.6049499999999
1539.94,1346.31021,37492.49557544408,193.62978999999996
1211.0,1547.0105500000002,112903.08971130263,336.0105500000002
3100.47,2890.6848,44009.83013903992,209.7851999999998
1715.74,2635.57177,846090.4851013329,919.83177
2267.98,2532.9144,70190.23630336006,264.9344000000001
871.71,1784.9013799999998,833918.4965063039,913.1913799999998
1972.18,1808.1222699999998,26914.938772752972,164.05773000000022
1990.27,2992.8079199999997,1005082.2810379259,1002.5379199999998
635.48,968.85406,111138.26388088359,333.37406
2316.6,1714.84467,362109.47718340886,601.75533
4204.2,3406.3752999999997,636524.2519300902,797.8247000000001
2606.93,2433.9891900000002,29908.523763455963,172.9408099999996
583.11,1012.3088,184211.60992144002,429.1988
2410.43,2245.73496,27124.45620060162,164.69504000000006
1851.1,2300.59188,202042.95018593443,449.49188000000004
625.93,1644.5192699999998,1037524.1009591325,1018.5892699999998
1461.38,1253.63853,43156.518357760964,207.74147000000016
787.2,986.86848,39867.50190551037,199.66847999999993
959.84,630.1665800000001,108684.56385449637,329.67341999999996
2444.24,2007.15891,191039.8792355878,437.0810899999997
1067.68,1144.7993000000001,5947.3864324900105,77.11930000000007
1768.56,1834.6203699999999,4363.972484536889,66.06036999999992
1196.35,1562.9094100000002,134365.8010595483,366.5594100000003
2404.3,2938.38138,285242.920462704,534.0813799999996
1602.07,1305.9356599999999,87695.54732723563,296.13434000000007
741.96,661.9643,6399.312018490009,79.99570000000006
3701.36,3050.74503,423299.839188101,650.6149700000001
1074.51,2054.39291,960170.5173100681,979.88291
1251.37,1322.10321,5003.186996904114,70.7332100000001
987.85,1941.24017,908952.8162526289,953.39017
1442.13,1911.76575,220557.73767806243,469.6357499999999
1183.69,1231.74098,2308.8966789603983,48.05097999999998
1347.33,1424.13318,5898.728458112417,76.80318000000011
1973.5,2313.84093,115831.9486332648,340.34092999999984
875.53,1490.20289,377822.7617009522,614.67289
2147.37,2357.57508,44186.175657806474,210.20508000000018
1950.73,2184.2658,54538.96988164005,233.5358000000001
3952.77,3209.30325,552742.8083555626,743.46675
2037.38,1999.1056099999998,1464.9289298721205,38.27439000000027
972.6,2341.5006799999996,1873889.0717044617,1368.9006799999997
3504.1,2605.7964600000005,806949.2499765306,898.3035399999994
4316.99,3286.1477400000003,1062635.7650019065,1030.8422599999994
1811.59,852.87597,919132.5913188406,958.7140299999999
1987.57,1682.9538,92791.02930243996,304.61619999999994
2567.6,2819.2116,63308.39725456009,251.61160000000018
903.81,1797.09265,797953.8927910227,893.2826500000001
1958.11,1892.1271,4353.743092409996,65.98289999999997
3164.61,2491.75076,452739.5568533779,672.8592400000002
4381.63,3449.93391,868057.6041212879,931.6960899999999
2775.32,2645.8122999999996,16772.244359290147,129.50770000000057
2711.79,2081.35359,397450.0670536878,630.4364099999998
1513.08,1781.44863,72021.72156807699,268.36863000000017
2188.71,2537.3317800000004,121537.14549036868,348.6217800000004
1123.58,995.3521599999999,16442.378951065602,128.22784000000001
1787.71,2254.5912,217978.05491343982,466.8811999999998
1874.97,1706.8020900000001,28280.445953768063,168.1679099999999
1531.38,1470.16606,3747.1464503236116,61.21394000000009
1522.71,1485.07881,1416.1064608161046,37.63119000000006
1133.77,726.61752,165773.14197015038,407.15247999999997
886.58,1192.0655,93321.39071024994,305.4854999999999
2087.27,2734.77639,419264.5250908321,647.50639
2895.34,2996.14295,10161.234728702457,100.80294999999978
1882.66,2034.25221,22980.19813268411,151.59221000000002
4063.29,3591.80418,222298.87846107228,471.4858199999999
1617.15,2175.1685700000003,311384.7244648451,558.0185700000002
1629.99,1575.36937,2983.413221596913,54.62063000000012
710.76,1448.86371,544797.0867157642,738.1037100000001
2676.17,2974.94447,89266.1839237808,298.77446999999984
2639.41,3219.0995499999995,336039.97437920206,579.6895499999996
2867.9,2967.09891,9840.423745188114,99.19891000000007
814.94,1176.52535,130743.96533462238,361.58534999999983
905.26,2289.46911,1916034.8602069921,1384.20911
2010.72,2060.85418,2513.436004272379,50.13417999999979
2771.05,2801.6490400000002,936.3012489216036,30.59904000000006
2717.17,2181.6159900000002,286818.09762707993,535.5540099999998
3288.65,3175.64481,12770.17296693617,113.00519000000031
3910.44,2696.1586899999998,1474479.0998153167,1214.2813100000003
927.31,608.9681,101341.56529560994,318.3418999999999
2219.64,2538.21402,101489.40621896042,318.57402
2288.75,2248.38477,1629.3517929528905,40.36522999999988
3177.01,2166.3123299999997,1021509.7801434299,1010.6976700000005
1356.51,927.1423199999999,184356.60462858246,429.36768000000006
4174.35,2767.70356,1978654.2071646748,1406.6464400000004
881.38,399.69093000000004,232024.36015746486,481.68906999999996
2166.86,2572.66155,164674.89798240224,405.8015499999997
2704.06,2610.92054,8674.959009091575,93.13945999999987
3638.13,2580.35614,1118885.5388993002,1057.7738600000002
4547.04,3457.8833400000003,1186262.2300223547,1089.1566599999996
1273.36,2299.70964,1053393.5835281298,1026.3496400000001
2849.77,2080.99488,591015.1851310141,768.7751199999998
2255.0,2130.8070199999997,15423.896281280466,124.19298000000026
1536.0,1625.9705999999999,8094.708864359978,89.97059999999988
2302.79,2324.61571,476.36161700410315,21.825710000000072
1559.2,1205.31455,125234.91172170249,353.88545
2088.72,2675.31892,344098.2929451668,586.5989200000004
2733.15,1834.44483,807670.9825847292,898.7051700000002
2054.21,2051.84697,5.583910780899909,2.3630299999999806
679.91,760.9933800000001,6574.514512224424,81.08338000000015
2951.99,2542.55973,167633.14599227277,409.43026999999984
2675.03,2546.6977,16469.179223290008,128.33230000000003
1151.54,2021.89612,757519.7756214547,870.3561200000001
1927.87,2766.1437300000002,702702.8464081135,838.2737300000003
984.39,673.54965,96621.72318812246,310.84034999999994
3763.63,2965.5785499999997,636886.1168471031,798.0514500000004
2850.29,2023.75684,683157.0645795856,826.53316
1562.84,2393.3352299999997,689722.3270527525,830.4952299999998
1237.17,2070.65048,694689.7105410299,833.4804799999997
2215.72,1659.6290399999998,309237.1557937216,556.09096
3714.28,2488.0431700000004,1503656.7632484485,1226.2368299999998
1698.84,2620.35813,849195.6639186972,921.5181300000002
1619.43,1947.27106,107479.76062192357,327.84105999999997
1655.04,2089.89822,189101.67150156846,434.8582200000001
966.42,710.64699,65419.8326444601,255.77301
3622.35,2561.1800700000003,1126081.620336204,1061.1699299999996
1106.14,1061.5974099999999,1984.042323908122,44.542590000000246
3994.12,3316.28176,459464.67960629764,677.83824
1990.47,1635.25722,126176.11907532845,355.21278000000007
1303.21,857.18948,198934.30426107044,446.02052000000003
2352.53,1363.8011,977584.8376952106,988.7289000000003
1699.28,1467.84276,53563.196058817586,231.43723999999997
1592.72,893.85644,488410.2754958736,698.86356
1986.95,2522.8494100000003,287188.1776383483,535.8994100000002
1312.4,1484.11418,29485.75961307238,171.71417999999994
4293.34,3011.61143,1642828.1271542455,1281.7285700000002
1518.69,2403.9344699999997,783657.7716655802,885.2444699999996
680.02,933.1732099999999,64086.54773330407,253.15320999999994
583.89,1048.17282,215558.5369471524,464.28282
1164.64,473.02485,478331.51570952265,691.6151500000001
1344.5,1991.1561799999997,418164.21513219207,646.6561799999997
2736.47,1229.89411,2269770.9123292915,1506.5758899999998
906.34,845.35692,3718.9360462864106,60.983080000000086
2144.5,1766.88696,142591.60797804157,377.61303999999996
3709.54,2899.2616300000004,656551.0368898561,810.2783699999995
3649.62,3107.00459,294431.48316946795,542.6154099999999
2117.71,2774.4196699999998,431267.5906715086,656.7096699999997
587.94,216.85404,137704.78970912163,371.08596000000006
1438.45,2120.2077799999997,464793.670590528,681.7577799999997
2463.58,1790.9900899999998,452377.1870338083,672.5899100000001
716.25,1114.4180700000002,158537.81196752505,398.16807000000017
793.75,658.0811699999999,18406.031433568918,135.66883000000007
1976.82,1365.83736,373299.7863813695,610.98264
3391.76,2870.1853899999996,272040.0737966527,521.5746100000006
1861.32,1732.69427,16544.578418032896,128.62572999999998
590.32,967.26203,142085.29398052086,376.94202999999993
1702.86,1947.34273,59771.80526825299,244.48273000000017
4666.5,3017.34143,2719723.9890044453,1649.15857
1321.11,1068.58221,63770.284722284036,252.52778999999987
938.46,1523.0583900000001,341755.2775905922,584.5983900000001
1972.78,3049.5117099999998,1159351.1753195236,1076.7317099999998
1431.33,2068.6280699999998,406148.83002572466,637.2980699999998
1343.58,1980.5569399999997,405739.6220917633,636.9769399999998
851.67,765.9342899999999,7350.611969204107,85.73571000000004
755.51,1019.0249100000001,69440.10779230815,263.5149100000001
1068.31,1259.29686,36475.98069265959,190.98685999999998
1337.45,1416.70728,6281.716432998406,79.25728000000004
1937.01,3183.59424,1553972.2674163773,1246.58424
1523.7,2363.12954,704641.9526246113,839.4295399999999
719.37,1828.89037,1231035.4514449374,1109.5203700000002
2070.7,2652.70395,338728.5978156028,582.0039500000003
1960.01,2600.85555,410683.01895480277,640.8455500000002
1882.78,2268.9697,149142.4843860901,386.18970000000013
1060.25,1107.63029,2244.8918804841055,47.38029000000006
1359.63,1246.1194799999998,12884.638150670462,113.51052000000027
2115.44,2418.41684,91794.96557638548,302.9768399999998
3693.23,2530.2645899999998,1352488.5448564687,1162.9654100000002
2857.75,2579.12282,77633.10543475238,278.62717999999995
666.12,760.9933800000001,9000.958232624422,94.87338000000011
1938.38,2108.37522,28898.374822848327,169.9952199999998
1268.62,1333.13283,4161.905234608916,64.51283000000012
1035.35,470.80542,318710.5828073763,564.5445799999999
2595.44,2592.37187,9.413421696900675,3.06813000000011
2768.71,3148.788,144459.286084,380.078
1191.08,1510.6122799999998,102100.87796199834,319.5322799999999
1632.57,1880.39841,61418.92080312814,247.82841000000008
1066.35,153.68898,832950.1374274403,912.6610199999999
1169.12,894.91422,75188.80978540835,274.2057799999999
1285.04,547.2195300000001,544379.0459510208,737.8204699999999
1412.23,1041.3850400000001,137525.98435740152,370.8449599999999
2974.51,2632.6532700000002,116866.02384629288,341.85672999999997
2946.12,3154.01595,43220.72602640253,207.89595000000008
1561.7,2806.3212599999997,1549082.0808439867,1244.6212599999997
1332.45,1120.87934,44762.14417283564,211.5706600000001
1327.16,1605.9337699999999,77714.81484001278,278.7737699999998
4024.73,2993.59701,1063235.2430663402,1031.13299
1932.81,2782.54464,722048.9584159298,849.7346400000001
1590.01,1862.54881,74277.4029562161,272.53881
696.27,1209.38085,263282.7443877225,513.11085
869.79,1187.12459,100701.24201046806,317.33458999999993
1637.48,2111.55928,224751.16372531833,474.0792799999999
738.82,649.70136,7942.131995449605,89.11864000000003
1882.58,2399.90037,267620.3652169368,517.3203699999999
1370.02,2171.97066,643124.8610744355,801.95066
2644.1,2412.68684,53552.05062118563,231.41316000000006
4773.17,2583.0059499999998,4796818.565912404,2190.1640500000003
889.46,1856.44625,935062.4076890624,966.9862499999999
2109.92,1347.5435300000001,581217.8820096608,762.3764699999999
2691.08,2606.15517,7212.226750528888,84.92482999999993
1724.68,2236.1142,261564.9409296399,511.4341999999999
660.1,537.42323,15049.589897632908,122.67677000000003
3249.14,3568.38627,101918.18090891297,319.2462700000001
2201.23,1357.0849899999998,712580.7979079004,844.1450100000002
1169.94,1483.4151100000001,98266.64458951216,313.4751100000001
2067.75,2309.8785000000003,58626.21051225012,242.12850000000026
1712.13,2476.64099,584477.0538307797,764.5109899999998
3231.88,2673.09949,312235.65835586016,558.78051
2620.45,2595.55593,619.7147211648914,24.89406999999983
2813.43,2261.63382,304479.0242625922,551.7961799999998
4725.81,2650.8432300000004,4305487.096604233,2074.96677
2307.72,2604.45927,88054.19436013293,296.73927000000003
1313.17,1643.10278,108855.63931852831,329.93277999999987
2426.47,2096.78987,108688.98811681672,329.68012999999974
1223.07,1493.4800999999998,73121.6221820099,270.41009999999983
1668.97,1853.90031,34199.21955669609,184.93030999999996
1428.25,1773.67474,119318.25100406756,345.42473999999993
2111.0,2186.4530299999997,5693.159736180851,75.45302999999967
763.86,1401.16713,406160.37794883695,637.30713
1811.58,2328.78588,267501.92230657436,517.20588
3419.6,3016.65621,162363.69789956394,402.9437899999998
1308.87,2098.2063599999997,623051.8892180492,789.3363599999998
3306.87,2147.16846,1344907.6618783716,1159.70154
1126.04,1318.75433,37138.81298734891,192.71433000000002
3886.4,2977.3394399999997,826391.1017475142,909.0605600000004
2052.46,2036.90202,242.05074168040136,15.557980000000043
2871.81,2539.55121,110395.90353226401,332.25878999999986
2194.92,1816.0717,143526.0344128901,378.8483000000001
1415.63,1456.5583000000001,1675.1257408900028,40.928300000000036
1581.92,1745.32977,26702.752931452895,163.40976999999998
2220.98,2467.09953,60574.82304742087,246.11952999999994
1702.73,1947.23886,59784.58261849956,244.5088599999999
3318.77,2842.45397,226876.96043496087,476.31602999999996
2844.16,2275.3271,323570.86812240985,568.8328999999999
2352.42,2150.3418,40835.59891523997,202.07819999999992
1265.16,2172.8774700000004,823951.0053432015,907.7174700000003
1097.84,1968.79605,758564.4410316026,870.95605
3982.25,2740.77508,1541259.9769890066,1241.47492
596.25,1466.3546,757082.0149411599,870.1045999999999
2273.29,1758.8336599999998,264665.3257661958,514.4563400000002
2740.65,1213.99525,2330674.725697563,1526.6547500000001
481.83,662.95041,32804.60291856812,181.12041000000005
962.99,267.63081,483524.4031174561,695.35919
4797.28,3397.0093800000004,1960757.8092351826,1400.2706199999993
966.67,524.17418,195802.5507174724,442.49582
2496.41,1701.50247,631877.9812507008,794.90753
1207.04,2196.1915099999997,978420.7097352794,989.1515099999997
2208.87,2143.9844,4210.141087360009,64.88560000000007
1296.46,2234.34663,879631.3307327569,937.88663
960.0,1462.6470100000001,252654.01666194023,502.64701000000014
1613.83,1221.84081,153655.5250768561,391.98919
3656.18,3264.51888,153398.4329196542,391.66111999999976
2773.97,2095.92911,459739.44851199177,678.0408899999998
1945.24,2246.71344,90886.23502543359,301.47344
1891.54,2187.1843,87405.55212248996,295.64429999999993
1298.67,1606.99155,95062.17819440243,308.3215499999999
883.9,1840.1886799999997,914488.039496142,956.2886799999998
1575.21,1493.4800999999998,6679.7765540100445,81.72990000000027
3732.33,2580.35614,1327043.7741232996,1151.97386
1509.4,1565.55922,3153.8579910084004,56.159220000000005
2988.83,2190.6232,637134.0955662399,798.2067999999999
2094.05,2077.8108199999997,263.7109670724158,16.239180000000488
3728.92,2818.7812200000003,828352.598859888,910.1387799999998
1894.04,1657.0830999999998,56148.57245761006,236.95690000000013
1701.96,1258.93815,196268.35957742258,443.0218500000001
2305.57,2494.9348200000004,35859.03505363249,189.36482000000024
1710.91,1877.2143499999997,27657.136828922386,166.30434999999966
1800.48,1997.0832,38652.81825024001,196.60320000000002
1958.49,1571.66178,149636.07178836848,386.8282200000001
2806.26,2988.36906,33163.70973408352,182.10905999999977
1100.75,1153.3044599999998,2761.971265891583,52.554459999999835
1136.42,956.21856,32472.558978073615,180.20144000000005
2465.98,2073.56898,153986.4086174404,392.41102
1055.82,1471.22384,172560.35028674576,415.4038400000002
3691.62,2510.4033000000004,1395272.8923588889,1181.2166999999995
1926.34,2363.30508,190938.48113940656,436.96508000000017
3305.47,2531.49791,599032.7960989677,773.9720899999998
2206.54,2336.3049300000002,16838.937057904972,129.76493000000028
1733.42,1434.98726,89062.10030390757,298.43273999999997
1533.11,2266.31989,537596.7427938125,733.2098900000003
1241.61,1931.80258,476365.7974870566,690.1925800000001
1140.06,1024.06969,13453.752013896079,115.99030999999991
2028.42,2023.0577700000001,28.753510572899508,5.362229999999954
2344.22,2811.1905,218061.44787025033,466.97050000000036
2740.75,2902.41349,26135.08399898007,161.6634899999999
2596.52,1299.84695,1681360.9985963022,1296.6730499999999
982.8,720.88752,68598.14717975038,261.91247999999996
1563.58,1599.57637,1295.738653176905,35.99637000000007
1008.4,789.3522,47981.93868483997,219.04779999999994
2178.89,1288.18993,793346.6146980047,890.7000699999999
3426.14,3483.59235,3300.772520522503,57.452350000000024
2062.63,1613.8831999999998,201373.69051024033,448.74680000000035
1153.47,1838.00145,468583.30603910243,684.53145
2163.78,1606.99155,310013.37805340276,556.7884500000002
1717.84,1281.29828,190568.67330055835,436.54171999999994
1377.09,1996.5274699999998,383702.7792400007,619.4374699999998
2125.49,2193.71724,4654.956278017623,68.22724000000017
1506.7,2031.0072,274898.03997184,524.3072
2168.06,2724.5036599999994,309629.546754195,556.4436599999995
901.03,929.79213,827.260122136904,28.76213000000007
2672.9,2156.6199,266545.14165600995,516.2801
2357.93,2351.1138100000003,46.460446116093884,6.816189999999551
1569.4,1392.5903,31261.670014090007,176.80970000000002
2123.72,1906.46613,47199.244029976806,217.25386999999978
722.84,1398.51732,456539.84076238226,675.6773199999999
1790.82,1571.66178,48030.32539356841,219.15822000000003
1987.03,1212.76193,599491.0442215251,774.2680700000001
2129.97,1256.39221,763138.1551812838,873.5777899999998
1796.22,1375.45812,177040.5596611344,420.76188
1937.42,2185.7678100000003,61676.634731796206,248.3478100000002
1215.5,1886.3971000000001,450102.9187884102,670.8971000000001
1979.41,1317.33784,438339.5450470658,662.0721600000002
1356.79,1178.81645,31674.584499602475,177.97354999999993
1980.86,2147.6919900000003,27832.91288736022,166.83199000000036
2754.99,1677.0482599999998,1161958.3948342276,1077.94174
1290.43,1398.6928599999999,11720.846855379561,108.26285999999982
2549.03,2530.4401300000004,345.5832666168923,18.58986999999979
2241.55,2524.44144,80027.56682527353,282.8914399999999
732.99,516.22475,46987.173607562516,216.76525000000004
1583.72,2059.69253,226549.8493146007,475.9725299999998
1934.74,2266.1443499999996,109828.84319892222,331.40434999999957
2186.96,1960.9504900000002,51080.29861044004,226.00950999999986
2087.07,2346.97584,67551.04566610555,259.9058399999999
1181.81,685.38221,246440.55068428407,496.42778999999996
719.98,1113.98769,155242.05977913603,394.0076899999999
968.65,693.7620199999999,75563.40154848044,274.8879800000001
1225.89,1635.51206,167790.23203864353,409.6220599999999
641.37,881.03777,57440.63997677291,239.66777000000002
773.18,711.88031,3757.651994096093,61.29968999999994
1406.84,1711.9261699999997,93077.57112526879,305.0861699999998
1352.53,2173.5626899999997,674094.6780486357,821.0326899999998
1933.18,1931.2683299999999,3.6544821889007095,1.9116700000001856
1161.42,1432.71001,73598.26952580006,271.29000999999994
1935.62,1546.58017,151351.98932642885,389.03982999999994
2340.94,2162.17436,31957.154044609626,178.76564000000008
2082.77,1956.81252,15865.286767950409,125.95748000000003
4434.25,2682.1066999999994,3070006.1437348924,1752.1433000000006
4299.86,3283.49793,1032991.8573346842,1016.3620699999997
4692.41,2566.9315500000002,4517658.641414401,2125.4784499999996
4478.32,2499.8040600000004,3914525.324834081,1978.5159399999993
2215.38,2097.41727,13915.205669052946,117.96273000000019
2286.16,2102.64522,33677.67447844839,183.51477999999997
1382.25,1748.6647999999998,134259.80565903985,366.4147999999998
1512.53,1680.93139,28359.028153932097,168.40139
679.04,1464.50773,616959.554871353,785.4677300000001
636.0,1541.7109300000002,820312.2887214653,905.7109300000002
2013.99,2127.0994299999998,12793.743154924843,113.10942999999975
2740.53,3007.9038400000004,71488.7703163457,267.3738400000002
1691.72,1847.69388,24327.8512422544,155.97388
2548.4,2482.9983899999997,4277.370590592145,65.40161000000035
1083.79,736.71471,120461.2569285841,347.07529
3720.54,2893.96201,683231.1735524398,826.5779899999998
1495.05,2069.8613899999996,330408.13407373166,574.8113899999996
4204.8,3238.80987,933136.9312574172,965.9901300000001
1564.4,1906.43393,116987.20927124478,342.0339299999998
2851.77,2711.98588,19539.600204174345,139.7841199999998
1325.01,1440.03204,13230.069685761615,115.02204000000006
3381.03,3019.30602,130844.23770704055,361.7239800000002
3218.92,3054.00839,27195.839112792135,164.9116100000001
1091.4,2312.95869,1492205.6331145158,1221.5586899999998
2582.66,2513.48349,4785.389535780069,69.17650999999978
4045.38,3313.6319499999995,535455.2086788034,731.7480500000006
1677.54,1504.18321,30052.576639104114,173.35679000000005
2464.57,3162.39576,486960.7913195772,697.8257599999997
817.29,1156.45632,115033.79262234243,339.16632000000004
407.28,689.87889,79862.13262923209,282.59889
1992.48,1658.67513,111425.69123571686,333.80486999999994
1628.19,1336.1413499999999,85292.4139668226,292.0486500000002
2409.87,2393.3352299999997,273.3986189529069,16.534770000000208
1413.98,1176.79404,56257.17962112161,237.18596000000002
1628.32,1309.81879,101443.02077146404,318.5012099999999
3898.23,2447.1665700000003,2105585.077883364,1451.0634299999997
3484.89,2810.83179,454354.47046840366,674.0582099999997
1659.7,1178.38607,231663.09921204494,481.31393
1600.55,2271.54784,450238.1012846659,670.9978400000002
1162.1,1487.55308,105919.7072814864,325.45308
2371.06,2682.2105699999997,96814.67721132477,311.1505699999998
2081.03,1219.72525,741845.8723725629,861.3047500000002
3487.61,2216.22834,1616411.3253843556,1271.38166
3711.28,2948.6219100000003,581647.3622424479,762.6580899999999
2330.17,1675.00437,429242.00273329683,655.16563
1264.58,1884.1060000000002,383812.46467600035,619.5260000000003
1539.97,1406.19806,17894.931931363622,133.7719400000001
2544.5,1983.38229,314853.0844756441,561.11771
897.87,2008.64707,1233825.699237785,1110.77707
1342.31,2480.45245,1295368.236492003,1138.1424500000003
1172.43,1915.54501,552219.9180873,743.11501
2115.22,3180.58572,1135004.117351119,1065.3657200000002
1503.2,719.82974,613668.9642524676,783.37026
1752.81,2414.27887,437541.0659790771,661.4688700000002
1665.55,3101.01975,2060573.4031650624,1435.46975
1357.45,1638.78927,79151.78484413287,281.33926999999994
1640.96,1666.44902,649.6901405603991,25.489019999999982
2864.25,2412.61517,203974.01966912887,451.63482999999997
4788.18,2800.23255,3951935.063961503,1987.9474500000001
741.49,678.84927,3923.861054932895,62.64072999999996
1751.53,2489.45966,544540.1831077156,737.92966
1058.01,1242.4118899999999,34004.05703557205,184.40188999999987
1085.15,1508.39285,179134.5100761224,423.24284999999986
1601.5,1656.97923,3077.9449613928905,55.479229999999916
2255.2,2825.92771,325730.11896184424,570.7277100000001
824.9,834.7576799999999,97.1738549823992,9.85767999999996
1437.59,2435.7321899999997,996287.8314579957,998.1421899999998
1927.69,1828.7865,9781.902312250024,98.90350000000012
925.54,2073.3002899999997,1317353.6833008835,1147.7602899999997
2101.11,3249.40911,1318590.846026792,1148.29911
1165.5,1039.86468,15784.233631502424,125.63532000000009
1391.16,983.94998,165820.00038840048,407.2100200000001
1144.08,1761.58734,381315.3149538757,617.5073400000001
2515.33,2299.1037199999996,46753.80416263854,216.22628000000032
2565.52,1736.40186,687436.8900770596,829.11814
1164.03,2275.3271,1234981.24446841,1111.2971
3022.83,1905.63099,1248133.6279449796,1117.1990099999998
923.7,1048.34836,15537.213650689579,124.64835999999991
1869.69,1690.7276899999997,32027.508400536222,178.96231000000034
1318.46,1810.3417,241947.6067948899,491.8816999999999
3394.21,3063.5498500000003,109336.1347980223,330.6601499999997
2492.27,2381.78208,12207.580465926407,110.48792000000003
1237.89,1470.86513,54277.41119851681,232.9751299999998
692.35,1517.40006,680707.6015060034,825.0500599999999
2094.83,2059.2621499999996,1265.0719536225258,35.56785000000036
2336.4,2452.43399,13463.886835320078,116.0339899999999
2155.22,2745.80601,348791.8352077201,590.58601
1625.63,1862.2801200000001,56003.27929601441,236.65012000000002
2272.29,2105.72541,27743.762641868085,166.56458999999995
3568.49,2907.6414400000003,436720.81925407285,660.8485599999995
1343.7,1725.1752199999999,145523.34347404825,381.4752199999998
808.65,1527.9993,517463.41541048995,719.3493
1254.63,470.37504,615055.8422846018,784.2549600000001
1651.79,1825.3476,30122.240517760034,173.5576000000001
2108.76,2235.13572,15970.8226055184,126.37572
2201.06,2181.15341,396.272325428102,19.90659000000005
4776.06,2673.09949,4422442.906619461,2102.9605100000003
1529.59,1988.6819100000002,210765.3818274484,459.0919100000003
1893.82,1845.9508799999999,2291.452649574406,47.869120000000066
1586.13,1811.57502,50825.45704280035,225.4450199999999
2010.02,2771.9454,580530.3151651601,761.9254000000001
1423.32,881.66517,293389.9548623288,541.65483
2994.02,2212.5207499999997,610741.0777505629,781.4992500000003
3619.8,2650.30898,939912.8378606412,969.4910200000004
1200.06,1854.8542200000002,428755.47054540867,654.7942200000002
2116.15,2526.19829,168139.6001319239,410.0482899999997
1397.83,1723.5831899999998,106115.14079517603,325.7531899999999
2102.2,2021.36187,6534.803261896878,80.83812999999986
4240.03,2764.62337,2176824.723847957,1475.40663
3532.93,2114.4777799999997,2012006.7004229287,1418.4522200000001
523.52,704.3612599999999,32703.561318387572,180.84125999999992
1256.49,1324.12562,4574.577092784402,67.63562000000002
1486.43,1951.5129000000002,216302.1038724101,465.0829000000001
2719.05,1714.32114,1009480.0821168999,1004.7288600000002
1980.82,1383.04884,357330.3597277456,597.77116
2603.93,2499.00112,11010.069858054387,104.92887999999994
1215.25,2303.34556,1183951.9476917142,1088.0955600000002
1044.17,1938.23165,799346.2340007223,894.0616499999999
3311.53,2554.2884200000003,573414.8104808963,757.2415799999999
1767.91,3176.7025899999994,1984696.5616389061,1408.7925899999993
3632.8,3006.74219,391948.3814619964,626.0578100000002
3480.33,2792.64183,472915.0191579488,687.6881699999999
2992.07,2207.75538,615149.4231457446,784.3146200000001
1243.73,1860.15384,379978.3505203455,616.4238399999999
1037.14,778.12556,67088.48012851368,259.01444000000015
974.78,1469.6318099999999,244878.313860276,494.8518099999999
2569.75,2267.10898,91591.58698664041,302.64102
1127.8,1666.9510699999998,290683.8762821448,539.1510699999999
1635.15,1224.59449,168555.82679136022,410.55551000000014
1542.94,2545.2095400000003,1004544.2308118121,1002.2695400000002
3865.32,2244.3184699999997,2627645.9602623424,1621.0015300000005
3028.97,2529.2068099999997,249763.24607897623,499.7631900000001
2286.87,1901.59689,148435.369289072,385.27310999999986
1117.96,2268.79416,1324419.2638229053,1150.8341599999999
985.0,1569.89421,342101.236891524,584.8942099999999
2581.61,1759.36791,676082.0545675684,822.2420900000002
1811.02,2282.04321,221862.86435870396,471.02320999999984
1760.58,2525.39535,584942.5195956223,764.8153499999999
3185.57,2996.31849,35816.13403728012,189.25151000000005
791.63,222.15366,324303.3018197955,569.4763399999999
811.7,1398.6928599999999,344560.6176909794,586.9928599999998
1907.45,2194.77502,82555.66711800039,287.32502
2795.06,2453.5956400000005,116597.90915020925,341.4643599999995
2443.82,3191.54367,559090.6866782687,747.7236699999999
1149.64,2258.72917,1230078.7870112888,1109.08917
1702.94,2435.7321899999997,536984.3937249957,732.7921899999997
1042.75,1425.19096,146261.08788572153,382.4409599999999
1498.49,1219.1909999999998,78007.93140100011,279.2990000000002
1750.37,1920.14556,28823.740773313613,169.77556000000004
3620.31,3813.95784,37499.48593666563,193.6478400000001
1508.42,1402.5043200000002,11218.131269862366,105.91567999999984
4393.05,3025.39473,1870480.9375587734,1367.6552700000002
2332.43,3122.6486099999997,624445.451590332,790.2186099999999
4426.71,3130.85288,1679245.6754546948,1295.8571200000001
2416.21,2820.1977100000004,163206.06983104438,403.98771000000033
4034.95,2532.65956,2256876.566115393,1502.2904399999998
1734.99,1685.17323,2481.7105732328905,49.816769999999906
2645.67,2396.78798,61942.259879280406,248.88202
2406.13,2452.7927,2177.4075712899867,46.66269999999986
1425.4,2469.9248800000005,1091032.2249390152,1044.5248800000004
573.45,291.4791,79507.58844681001,281.97090000000003
2825.71,2743.8552699999996,6700.196823372978,81.85473000000047
2799.89,2862.59467,3931.87563980891,62.70467000000008
3173.97,2710.02129,215248.40551066378,463.94870999999966
2147.39,2014.74963,17593.46775373686,132.64036999999985
2679.06,3164.61519,235763.84253593613,485.55519000000004
4578.23,3097.6386699999994,2192150.6864711693,1480.5913300000002
3122.93,2365.42064,573820.4304876096,757.50936
1331.83,1230.32449,10303.368560360092,101.50550999999996
4028.03,2043.4671600000001,3938489.6659088656,1984.56284
4135.74,2973.52798,1350736.7794324802,1162.21202
2556.48,1763.43421,628921.6250367243,793.0457900000001
1630.3,1970.1332400000001,115486.6310088977,339.83324000000016
1742.47,1838.59665,9240.332840222485,96.12664999999993
2353.14,2166.3123299999997,34904.57827762895,186.82767000000013
1238.46,979.70814,66952.52505345964,258.7518600000001
1219.37,1411.8702400000002,37056.342400057714,192.5002400000003
2681.88,2798.2679599999997,13546.1572329615,116.38795999999957
1338.99,1066.4666499999998,74268.97629522259,272.52335000000016
1450.91,2108.90947,432963.3025202809,657.99947
1302.94,1989.73969,471693.8141840962,686.79969
602.68,1488.7864,785184.55212096,886.1064
1265.09,2333.5512499999995,1141609.4427515618,1068.4612499999996
3592.73,3013.20346,335851.0105643714,579.5265399999998
726.59,686.43999,1612.0233030001052,40.150010000000066
1443.15,1644.08889,40376.43751443206,200.9388899999999
3511.47,3397.36809,13019.245865648069,114.10190999999986
679.57,541.4895300000001,19066.216195420897,138.08047
1634.28,1849.98498,46528.638396800394,215.70497999999998
1134.29,2029.84555,802019.7431358026,895.55555
1746.14,2270.0274799999997,274458.09170075,523.8874799999996
1900.35,2149.81827,62234.41773679305,249.4682700000003
3751.64,2117.12759,2671630.8184440075,1634.5124099999998
998.57,1546.90668,300673.1146334224,548.33668
881.22,1673.2368,627290.6114822398,792.0167999999999
947.6,235.83309000000003,506612.1341709482,711.76691
1781.83,1439.60166,117120.23669915552,342.2283399999999
1724.55,1570.5001300000001,23731.362447016847,154.04986999999983
1668.76,2278.51116,371796.47712134564,609.75116
1646.31,3192.6014499999997,2391017.2483431017,1546.2914499999997
1873.04,1467.84276,164184.80330361758,405.19723999999997
1930.75,1678.64029,63559.305876284074,252.10970999999995
2007.71,2642.46342,402911.9042016964,634.75342
1261.94,1470.16606,43358.092063123586,208.22605999999996
889.62,1561.31738,451177.3702988643,671.69738
2287.22,1751.94201,286522.5265784399,535.2779899999998
1332.1,2307.4835299999995,951373.0305952601,975.3835299999996
1343.85,2262.4367599999996,843801.635647297,918.5867599999997
870.36,776.46186,8816.860695459602,93.89814000000001
1094.9,979.4533,13327.940540890018,115.44670000000008
1090.65,1360.3622,72744.67082883997,269.71219999999994
903.44,1237.0406,111289.36032035999,333.6006
1289.75,995.9657100000001,86309.20905080407,293.78428999999994
2634.09,2139.81423,244308.5368090931,494.2757700000002
2425.35,2126.04165,89585.48837972237,299.3083499999998
1383.69,2417.91479,1069620.9162505437,1034.2247899999998
3664.29,3605.05323,3508.9949200328974,59.23676999999998
644.9,1024.32453,143962.973965721,379.4245300000001
2862.52,3021.1528900000003,25164.3937897522,158.63289000000032
1014.04,866.19669,21857.644311756092,147.84330999999997
1794.21,2366.5822900000003,327610.03835984436,572.3722900000002
1492.1,3143.8470899999998,2728268.4493234674,1651.7470899999998
2861.5,2946.33081,7196.266325256088,84.83080999999993
2254.51,2237.78553,279.7078967809037,16.72447000000011
1348.08,2011.29688,439856.62991693465,663.2168800000002
3902.83,2925.75973,954666.3125178723,977.0702699999997
1479.44,1330.15651,22285.56038658011,149.28349000000003
1561.3,1223.36117,114202.65282176893,337.93883000000005
1698.93,1847.69388,22130.691992654392,148.76387999999997
1699.17,1903.8879900000002,41909.45542964014,204.7179900000001
1127.09,980.06685,21615.80663592246,147.02314999999987
2455.86,3626.68209,1370824.3664319674,1170.8220899999997
1341.28,1153.48,35268.83999999998,187.79999999999995
2690.42,2159.88326,281469.2324898276,530.53674
3222.38,3046.59321,30900.99553850414,175.7867900000001
1419.48,871.06593,300757.9921739649,548.41407
1518.81,1728.88281,44130.58550129615,210.07281000000012
1324.6,1841.78071,267475.8867961042,517.1807100000001
1539.62,1599.57637,3594.766303576913,59.956370000000106
3528.56,3297.7330899999997,53281.06238014821,230.82691000000023
1912.14,1708.21858,41583.94553481645,203.92142000000013
738.68,809.92328,5075.604945158404,71.24328000000003
2964.82,2654.90953,96044.49941562106,309.91047000000026
732.66,1058.34168,106068.55668762242,325.68168000000003
3760.01,3557.78703,40894.129595621,202.22297000000026
990.72,370.54302,384619.48652192036,620.17698
1870.97,2861.96727,982075.5891474531,990.9972700000001
2281.56,2613.31551,110061.71841536007,331.75550999999996
2377.03,2432.75587,3105.372587256873,55.72586999999976
1362.93,1705.03452,117035.50260443031,342.10451999999987
2435.52,3035.20488,359621.9553006142,599.6848799999998
2736.0,2229.04701,257001.33406994032,506.9529900000002
4131.46,2936.43064,1428095.1712620095,1195.02936
2251.28,3133.8752499999996,778974.3753225615,882.5952499999994
1327.36,1620.84652,86134.33742171049,293.48652000000016
1210.55,1907.85042,486227.8757321765,697.30042
1229.82,1135.98911,8804.235918192091,93.83088999999995
1397.65,1987.08988,347439.37213441427,589.4398799999999
1020.64,1894.60137,763808.476252277,873.9613700000001
3315.89,2115.8942700000002,1439989.7520182321,1199.9957299999996
451.71,792.7911,116336.31677721003,341.08110000000005
1626.49,1369.10072,66249.24145891845,257.3892800000001
1361.72,1638.78927,76767.38037833288,277.06926999999996
1038.28,2372.24062,1779450.9357107845,1333.96062
688.33,121.89125999999999,320852.84617278766,566.43874
4337.89,3004.19625,1778739.0187890634,1333.6937500000004
1391.28,1717.22579,106240.65801872409,325.94579
1371.39,1173.87554,39011.96190909164,197.5144600000001
1970.24,1561.06254,167426.1937720517,409.1774600000001
1339.42,2007.0550399999997,445736.54663580115,667.6350399999997
3929.09,3242.5174599999996,471381.8526820524,686.5725400000006
2220.22,2059.2621499999996,25907.429476622576,160.95785000000024
1268.18,1710.33414,195500.28351913948,442.15413999999987
1974.79,2348.39233,139578.70098142902,373.60233000000017
1579.07,1442.6818500000002,18601.727460422437,136.38814999999977
1270.61,2324.61571,1110928.0367126043,1054.0057100000001
3543.13,1690.47285,3432338.5154461227,1852.65715
2417.26,2468.3650500000003,2611.726135502512,51.10505000000012
1326.68,2237.96107,830433.1885403445,911.2810699999998
1579.9,2295.82651,512550.7677207798,715.9265099999998
942.64,976.26924,1130.9257829775988,33.62923999999998
2186.2,2402.55018,46807.40038603256,216.35018000000036
2140.63,3510.0904499999997,1875421.9241142015,1369.4604499999996
1117.28,726.61752,152617.17327975036,390.66247999999996
1614.44,826.37787,621041.920740137,788.06213
3010.22,2505.3585199999998,254885.11398779042,504.86148000000003
1538.51,1266.81591,73817.67854092809,271.69408999999996
2358.17,2351.1138100000003,49.789817316097,7.056189999999788
2253.45,2123.8437,16797.79299968998,129.60629999999992
1365.87,1347.90224,322.84039941759994,17.96776
2861.69,2234.52217,393339.4869869087,627.1678299999999
1516.54,1901.13431,147912.78328437606,384.59430999999995
2244.48,985.00776,1586270.3233306177,1259.47224
1180.37,1243.46967,3981.5683541089074,63.09967000000006
3406.28,3030.9630399999996,140862.820463642,375.31696000000056
4362.82,3007.9755099999998,1835603.59208336,1354.84449
1535.02,1586.22345,2621.7932919024975,51.203449999999975
1309.67,814.79252,244903.7202111505,494.8774800000001
1544.96,1372.1947599999999,29847.82815225766,172.76524000000018
2073.26,2369.2321,87599.48397840997,295.97209999999995
1549.23,1933.46628,147637.51886823846,384.2362800000001
1081.74,1209.55639,16337.029552632088,127.81638999999996
909.07,1045.09263,18502.155872116913,136.02263000000005
1393.65,1559.72535,27581.021877622446,166.07534999999984
2523.36,2554.2884200000003,956.5671636964116,30.928420000000187
1531.18,1614.05874,6868.88554398758,82.87873999999988
1776.52,1482.8808599999998,86223.94453993974,293.6391400000002
3870.3,2963.91485,821534.0401405226,906.3851500000001
3397.65,3001.54644,156898.0302446736,396.10356
1623.16,2030.9033299999996,166254.62315948855,407.74332999999956
1570.54,2300.69575,533127.4192580624,730.1557499999999
1408.59,1876.22824,218685.5235102976,467.63824
1895.03,2378.59802,233838.02996672032,483.56801999999993
1569.64,1518.92042,2572.475795376418,50.71958000000018
2120.38,1626.7735399999997,243647.33735373203,493.6064600000004
1795.97,735.29822,1125024.6248883686,1060.6717800000001
1866.6,3000.75735,1286312.8945590225,1134.15735
762.4,578.22816,33919.26664898559,184.17183999999997
1859.98,2400.85428,292544.9867655184,540.87428
1912.49,1733.75205,31947.254770202486,178.73794999999996
1266.19,955.60501,96463.03601330014,310.58499000000006
1540.49,926.71194,376723.5069373636,613.77806
1912.0,1571.66178,115830.10399276846,340.3382200000001
1830.31,835.991,988670.2737609999,994.319
3586.02,3395.34568,36356.69630746243,190.67432000000008
999.04,1094.45291,9103.623394668102,95.41291000000001
2391.13,3085.55127,482220.90022841265,694.4212699999998
977.59,201.38556,602493.3326757136,776.20444
960.98,825.39176,18384.17082629761,135.58824000000004
1876.18,2251.8375199999996,141118.57233255004,375.6575199999995
1040.5,1386.5015899999999,119717.100282528,346.00158999999985
1766.27,785.6446100000001,961626.155512652,980.6253899999999
1013.29,1811.0407699999998,636406.2910355927,797.7507699999999
2835.59,2486.9853900000003,121525.17411325201,348.60460999999987
768.38,1114.4180700000002,119742.34588932502,346.0380700000002
1359.84,1211.77582,21923.001399072356,148.06417999999985
1089.48,1158.77962,4802.437332144401,69.29962
1593.85,1339.95281,64463.78308989605,253.8971899999999
4333.58,3307.27455,1053302.876699702,1026.3054499999998
4332.35,3312.64584,1039796.5739213061,1019.7041600000002
2410.16,1702.0259999999998,501453.761956,708.134
958.1,1103.46012,21129.564486414383,145.36011999999994
1859.76,2397.25056,288896.10208911356,537.49056
1474.57,1498.85139,589.5859003321049,24.2813900000001
1522.25,1193.22715,108256.03582212255,329.02285000000006
3092.99,2579.65707,263510.69702238444,513.3329299999996
2201.95,1703.1876499999998,248763.88177752247,498.76234999999997
1253.13,1935.6857100000002,465882.2972536042,682.5557100000001
2167.34,2293.07283,15808.74453980888,125.73282999999992
1512.5,1943.99385,186186.94258782256,431.49385000000007
1656.09,1002.49865,427181.6527948224,653.5913499999999
1747.15,2304.4750099999997,310611.1667714996,557.3250099999996
1755.22,2497.83947,551483.6772230807,742.6194699999999
2608.85,2912.94106,92471.37277192372,304.0910600000002
2222.79,2354.8536,17440.794444959985,132.06359999999995
1843.13,2206.41819,131978.30899347592,363.28818999999976
2171.46,2214.47149,1849.9882720200885,43.01148999999987
3496.0,2923.1815899999997,328120.93083492847,572.8184100000003
1738.11,2073.40416,112422.1737301057,335.29416000000015
674.5,246.43233000000004,183241.93009922886,428.06766999999996
925.49,1105.05215,32242.56571262249,179.56214999999997
2044.0,2432.652,151050.37710400004,388.65200000000004
1252.37,1335.78264,6957.6685117696015,83.41264000000001
814.88,1541.1766799999998,527506.8673790222,726.2966799999998
1856.35,1811.0407699999998,2052.9263231929062,45.30923000000007
1722.71,2155.7130899999997,187491.67594954785,433.0030899999997
906.59,1920.04169,1027084.327963856,1013.45169
2842.69,2479.9182,131603.37887523999,362.7718
1527.24,1190.57734,113341.74663827557,336.66265999999996
1445.39,1661.6514499999998,46769.01475610239,216.26144999999974
3343.2,3019.30602,104907.31028024029,323.89397999999983
1910.44,1354.25964,309336.5928497297,556.1803600000001
639.25,254.38175999999999,148123.56216069762,384.86824
631.92,1358.94571,528566.3830010041,727.02571
1429.22,2079.65769,423069.18857253605,650.43769
3110.17,1743.9925799999999,1866440.742917857,1366.1774200000002
819.28,1019.20045,39968.18632820253,199.92045000000007
2037.77,2456.6041600000003,175422.05358290588,418.83416000000034
1454.11,1284.37847,28808.79227614083,169.7315299999998
660.33,956.66279,87813.12242918406,296.33278999999993
1695.2,2014.6457599999999,102045.59358197749,319.44575999999984
1108.31,2180.8269,1150292.5007856102,1072.5169
645.53,824.1584399999999,31908.119576833586,178.62843999999996
2332.97,2621.26494,83113.97242960373,288.2949400000002
568.4,962.32112,155173.84878205438,393.92112
1355.96,2205.0017,720871.8083388896,849.0416999999998
3014.8,3090.49218,5729.306113152401,75.69218000000001
669.41,998.00197,107972.68274848093,328.59197000000006
1556.57,2291.76021,540504.644879844,735.19021
896.55,1202.59307,93662.36069502486,306.04306999999994
2484.05,2787.84426,92290.9524089474,303.79425999999967
2251.05,1318.75433,869175.2163007492,932.2956700000002
655.19,602.43516,2783.0731434256063,52.75484000000006
3745.07,2651.90101,1195018.4406976204,1093.1689900000001
1417.63,1267.42183,22562.49433474893,150.2081700000001
2683.19,2028.88092,428120.3721704464,654.30908
3571.51,2301.0222599999997,1614139.0974903088,1270.4877400000005
1033.61,1451.25868,174430.4199057424,417.64868
3159.75,2292.38761,752317.5155865117,867.3623899999998
4075.32,2464.1948800000005,2595724.1522950134,1611.1251199999997
2517.69,2098.31023,175879.3914852529,419.37977
1681.91,2136.46535,206620.56621362237,454.55534999999986
1106.53,1569.89421,214706.39110892406,463.36420999999996
2418.62,2963.2874500000003,296662.6310895029,544.6674500000004
1432.06,2188.41762,572076.8493320647,756.3576200000002
1317.75,788.7248,279867.66223504004,529.0252
1716.22,2195.38857,229602.51847584493,479.16857000000005
1075.12,267.20043,652734.0315889848,807.9195699999999
1856.09,1216.54119,409022.6803724161,639.54881
2679.15,2997.73498,101496.38948160046,318.5849800000001
1237.69,1829.5894399999997,350344.9470723132,591.8994399999997
3230.15,2796.42109,188120.76736978834,433.72891000000027
1413.05,900.5725500000001,262633.13675850234,512.4774499999999
1853.53,1547.6379499999998,93569.9462532026,305.89205000000015
3878.61,2774.16483,1219799.1335363288,1104.44517
2172.64,1714.32114,210056.17743169947,458.31885999999986
1525.97,1804.93821,77823.2621906041,278.96821
2765.34,2395.03113,137128.65920067712,370.3088700000003
1780.25,2315.17812,286148.09356673446,534.92812
3363.72,3072.55706,84775.85762944343,291.1629399999997
1187.8,1064.24722,15265.289445728396,123.55277999999998
1857.5,1653.19997,41738.502258000946,204.3000300000001
2190.85,2599.2635199999995,166801.6033187901,408.4135199999996
1797.61,1935.5101699999998,19016.45688602887,137.9001699999999
1771.13,2814.1668199999995,1087925.807875711,1043.0368199999994
936.72,1133.7696799999999,38828.576388102345,197.04967999999985
1032.63,1219.1909999999998,34805.00672099989,186.5609999999997
1453.26,1285.43625,28164.811064062505,167.82375000000002
980.14,686.87037,86007.07588033691,293.26963
1069.73,826.37787,59220.25917553689,243.35213
2229.56,2076.6813700000002,23371.875510676808,152.8786299999997
2206.23,1532.86854,453415.6558133317,673.3614600000001
1436.04,2389.73151,909527.4962460803,953.6915100000001
2410.99,2360.04935,2594.9498224225003,50.940650000000005
2320.69,1633.59352,472101.57282839064,687.0964800000002
540.99,1031.91525,241007.6010875625,490.92525
4319.9,3444.63429,766090.0631018035,875.2657099999997
1210.34,921.7710300000001,83272.05044686078,288.5689699999998
973.57,517.64124,207871.03419513762,455.92876
2479.35,2470.9826599999997,70.01237867560403,8.36734000000024
1370.45,727.77917,413025.7957328889,642.67083
1567.35,3078.6596199999994,2284056.767504543,1511.3096199999995
1277.38,708.80012,323283.0799408145,568.5798800000001
3162.31,2540.6089899999997,386512.1458350204,621.7010100000002
2537.25,1766.78309,593619.2594049482,770.4669100000001
2700.88,3047.65099,120250.11950558009,346.77099
752.24,1037.57358,81415.25187561639,285.33358
1690.58,2247.59568,310266.46776586236,557.01568
1908.64,2089.30302,32639.126795520304,180.66301999999973
926.91,1054.27538,16221.940022544419,127.36538000000007
1118.3,402.34074000000004,512597.6619797474,715.9592599999999
2718.55,3211.9530600000003,243446.5796173637,493.4030600000001
4573.14,2959.2211500000003,2604734.0543853226,1613.91885
1677.71,2350.9382699999996,453236.3035271924,673.2282699999996
1141.72,1368.7420100000002,51538.99302444016,227.02201000000014
2302.54,3152.8542999999995,723034.4087844893,850.3142999999995
2443.8,2781.9387199999996,114337.79396323804,338.13871999999947
1926.99,2995.0851700000003,1140827.2921773295,1068.0951700000003
1889.86,1867.4758699999998,501.0492758569063,22.38413000000014
1686.05,2664.71968,957794.3425513027,978.6696800000002
3575.06,2847.92913,528719.3021069568,727.13087
2355.86,1161.42943,1426664.3865505254,1194.4305700000002
4201.66,3607.70304,352784.8703324416,593.95696
3703.95,2444.51676,1586172.086016897,1259.4332399999998
840.28,399.69093000000004,194118.72860346484,440.58906999999994
1379.19,1269.4657200000001,12039.41762151838,109.72427999999991
1446.06,1594.34842,21989.455506096427,148.2884200000001
1828.0,1664.9286599999998,26592.261929395663,163.0713400000002
1176.74,1364.50017,35253.88143842891,187.76017000000002
693.21,1111.40955,174890.86362020255,418.19955000000004
925.92,278.23005,419502.2713310024,647.68995
2298.82,2816.3862499999996,267874.82313906186,517.5662499999994
2134.27,2101.6591099999996,1063.4701465921248,32.61089000000038
796.47,1968.36567,1373339.4613647487,1171.8956699999999
1117.08,449.60694,445520.2858257635,667.4730599999999
1099.0,2298.04594,1437711.1662304834,1199.04594
1900.58,1991.26005,8222.87146800253,90.68005000000016
2317.73,2182.13952,18384.778266630357,135.59047999999984
2333.54,1703.1876499999998,397344.08515052265,630.3523500000001
3436.41,2084.16822,1828557.8315775678,1352.2417799999998
2553.23,2512.2501700000003,1679.3464668288807,40.979829999999765
1440.14,911.6021699999999,279352.2377411091,528.5378300000002
1950.32,1380.39903,324809.91204574076,569.9209699999999
3822.13,3024.86048,635638.6875210309,797.2695200000003
2447.38,2044.4210699999999,162375.89926674508,402.95893000000024
3348.49,3021.2245599999997,107102.66821839368,327.2654400000001
1331.26,1235.0898599999998,9248.695827619633,96.17014000000017
1897.38,2058.63475,26003.09439756252,161.25475000000006
1845.36,1958.37235,12771.791252522544,113.0123500000002
3433.39,2572.4067099999997,741292.2256592243,860.9832900000001
3160.22,2164.19677,992062.2746996324,996.0232299999998
1369.41,1735.4157499999997,133960.2090330622,366.0057499999996
479.2,1061.4218700000001,338982.305906297,582.2218700000001
1026.18,1254.06891,51933.355300988056,227.8889099999999
4832.42,3328.11432,2262935.578880262,1504.30568
3485.43,2507.57795,956194.6316892024,977.85205
3948.86,2149.81827,3236551.146281393,1799.04173
654.83,578.58687,5813.01487219691,76.24313000000006
1671.38,877.95758,629519.1365586566,793.4224200000001
4353.3,2958.61523,1945145.6076699537,1394.6847700000003
981.15,1535.24966,307026.43321211555,554.09966
2327.88,2861.96727,285249.2119760529,534.08727
874.92,269.85024000000004,366109.41446645744,605.0697599999999
2275.02,2487.3441000000003,45081.52344081012,212.32410000000027
2209.43,2569.58136,129709.00210984981,360.1513600000003
2153.17,2742.72582,347576.06489587243,589.55582
1847.0,769.74575,1160476.7191430624,1077.25425
2569.35,2564.71212,21.50993089439785,4.637879999999768
1276.75,1498.95526,49375.17757166758,222.20525999999995
2047.98,2148.22624,10049.30863413759,100.24623999999994
2857.9,2699.97015,24941.837521022495,157.92985
637.28,1487.19437,722354.4363324968,849.91437
1698.67,2001.9309600000001,91967.20986012164,303.26096000000007
793.68,1491.2606700000001,486618.79115764913,697.5806700000002
3695.61,3430.59615,70232.34069182264,265.0138500000003
2535.37,1698.94581,699605.425617156,836.42419
1659.05,1993.3756099999998,111773.61350187201,334.32560999999987
1515.3,752.25486,582237.8856776195,763.04514
1218.4,1227.57081,84.10375605609718,9.170809999999847
1117.76,1495.07213,142364.44344513692,377.31213
1877.48,2595.4520599999996,515483.87894064304,717.9720599999996
806.31,143.08974,439861.1132744675,663.2202599999999
1573.75,1694.6108199999999,14607.33781107237,120.86081999999988
932.91,658.0811699999999,75530.88579916891,274.82883000000004
1848.8,1771.38364,5993.2927956495905,77.41635999999994
1665.79,2274.19765,370159.86857852264,608.4076500000001
2618.23,2236.04253,146067.26222500077,382.18746999999985
3576.0,1751.41848,3329097.7231255104,1824.58152
1688.29,2025.245,113538.67202499995,336.9549999999999
3682.34,3215.03325,218375.59859556268,467.3067500000002
525.01,942.35596,174177.6503283216,417.34596
2067.2,2684.43,380972.8729,617.23
2009.82,1399.8545100000001,372057.8989909399,609.9654899999998
1228.98,1456.9170100000001,51955.28052774014,227.9370100000001
915.75,1385.44381,220612.27515231608,469.69381
732.5,757.9848599999999,649.4780892195955,25.484859999999912
4046.75,3082.09852,930552.4778661904,964.65148
2292.03,3061.70298,592396.4961420802,769.6729799999998
429.99,190.78632000000002,57218.4005255424,239.20368
849.61,143.08974,499170.87779046764,706.52026
3681.24,2920.89049,578131.3773572394,760.3495099999996
1681.23,1677.0482599999998,17.486949427601825,4.181740000000218
4736.52,3322.74303,1998765.3209023818,1413.7769700000003
2810.24,1624.65798,1405604.72614728,1185.5820199999998
3265.09,2841.4678599999997,179455.71749817993,423.6221400000004
1469.04,2073.3002899999997,365130.49807088374,604.2602899999997
2493.27,2189.4754000000003,92291.15898915983,303.7945999999997
1323.79,1632.43187,95259.80391709686,308.6418699999999
1602.19,1504.18321,9605.330886104128,98.00679000000014
921.27,1980.1265599999997,1121177.214655033,1058.8565599999997
1122.13,2352.63417,1514140.5123873882,1230.5041699999997
1272.79,291.04872,963815.9408560384,981.74128
2018.83,1236.68189,611755.6659765719,782.1481099999999
987.72,865.76631,14872.702504616112,121.95369000000005
3190.39,2349.52178,707059.3634059682,840.8682199999998
2942.98,2758.26597,34119.27287884094,184.7140300000001
2360.61,2182.31506,31789.08562960368,178.29494000000022
478.99,1125.0173100000002,417351.28526583634,646.0273100000002
1019.03,1529.5913299999997,260672.87169136867,510.56132999999977
934.87,942.6107999999999,59.919984639998795,7.740799999999922
1241.76,2026.66149,616070.3490042201,784.90149
1269.27,1923.92482,428572.93334923236,654.65482
1337.38,1009.65899,107401.06039542017,327.7210100000001
1241.11,972.56165,72118.21628772245,268.5483499999999
2249.68,2192.73876,3242.3048127375605,56.94123999999965
2397.99,2269.75879,16443.24321806408,128.23120999999992
2742.85,2789.8881499999998,2212.5875554224867,47.03814999999986
2025.96,2927.2478899999996,812319.8606606513,901.2878899999996
1778.37,2187.8695199999997,167689.85688023028,409.49951999999985
3438.18,2548.38288,791738.9147602939,889.7971199999997
1452.84,1800.90411,121148.62467009212,348.06411
736.47,550.67228,34520.79275719841,185.79772000000003
2952.36,1965.46102,973969.5967250407,986.8989800000002
4196.89,2995.7125699999997,1442827.2183414064,1201.1774300000006
1194.49,1637.80316,196526.55782918553,443.3131599999999
1512.18,1785.4356300000002,74668.63932669695,273.2556300000001
2457.99,2517.54979,3547.3685848441296,59.55979000000025
1329.18,950.91894,143081.42951232364,378.26106000000004
3192.94,3217.1810100000002,587.6265658201091,24.241010000000188
3244.88,3257.35854,155.71396053160166,12.478540000000066
1370.07,2178.5036,653564.8856089601,808.4336000000001
2754.38,2477.87431,76455.39660237607,276.50568999999996
2812.92,2752.7908099999995,3615.519490056168,60.12919000000056
1701.26,1679.69807,464.91682532490324,21.561930000000075
2436.96,2641.6604799999996,41902.2865122302,204.70047999999952
909.3,1831.54018,850526.9496064325,922.24018
2094.38,2265.5169499999997,29287.85565530237,171.13694999999962
1265.9,539.2701,527991.0115740102,726.6299000000001
1404.24,1455.9309,2671.949142810006,51.690900000000056
2234.96,3213.7999299999997,958127.6085624042,978.8399299999996
1446.59,1997.5135799999998,303516.79100001627,550.9235799999999
1691.29,2175.78212,234732.61434209428,484.4921199999999
803.92,1084.48107,78714.51399954494,280.5610700000001
3022.42,2426.39847,355241.66422354087,596.02153
3335.49,2192.73876,1305880.3965215366,1142.7512399999996
2818.04,2482.74355,112423.70938260238,335.2964499999998
2345.2,2666.31171,103112.73029912419,321.11171000000013
4351.33,3281.8342299999995,1143821.2020478938,1069.4957700000004
1964.5,1448.60887,266143.65801267687,515.89113
1553.66,2217.9242400000003,441246.98054277786,664.2642400000002
3481.0,2610.5618299999996,757662.6077929495,870.4381700000004
1756.01,1639.95092,13469.710050446398,116.05908
996.97,1422.89986,181416.24563961956,425.92985999999996
3589.17,3314.7936,75282.40887696006,274.3764000000001
1204.72,2095.12617,792823.1475740689,890.40617
2367.45,2487.3441000000003,14374.595214810104,119.89410000000044
1062.67,1252.93946,36202.46740869159,190.26945999999998
1720.47,2158.3629,191750.19187041005,437.89290000000005
755.45,484.05447000000004,73655.53370398091,271.39553
3154.4,2750.1409999999996,163425.3390810004,404.25900000000047
1754.45,793.5940400000001,923244.1758675216,960.85596
3455.52,3227.0489799999996,52199.00697984059,228.4710200000004
1946.2,586.96668,1847515.2181982226,1359.23332
1303.24,1259.4724,1915.6028097599915,43.7675999999999
983.0,1200.0149299999998,47095.479842904824,217.01492999999982
1091.82,441.65751,422711.263403,650.1624899999999
1632.4,1010.44808,386824.19079168653,621.9519200000001
1305.43,1863.3379,311261.2248824099,557.9078999999999
3010.21,2252.2679,574476.2269524103,757.9421000000002
740.31,1456.81314,513376.74962985964,716.50314
2210.24,2079.29898,17145.550718640334,130.94101999999975
2277.35,1954.75791,104065.65653056801,322.59208999999987
2114.14,2660.58171,298598.54242772417,546.4417100000001
1236.67,768.15372,219507.50462503845,468.51628000000005
2586.49,2590.15244,13.413466753600444,3.6624400000000605
1692.89,3118.4067699999996,2032098.0615512314,1425.5167699999995
1827.57,1707.3256199999998,14458.710921584423,120.24438000000009
3043.26,3154.01595,12266.880460402446,110.75594999999976
1643.4,2083.5408199999997,193723.94143027207,440.1408199999996
650.79,1037.57358,149601.53775761643,386.78358000000003
2791.66,3288.72588,247074.4890601745,497.0658800000001
3308.01,2113.3161299999997,1427293.4430155782,1194.6938700000005
813.44,1090.56978,76800.91496284839,277.12978
2926.61,2789.8881499999998,18692.8642674226,136.72185000000036
2531.9,2909.1295999999998,142302.17111615973,377.22959999999966
1477.74,2626.56456,1319797.869659193,1148.8245599999998
1552.25,1928.79406,141785.42912128355,376.54405999999994
772.97,632.81639,19643.03439603212,140.15361000000007
2400.41,2026.73316,139634.3807523855,373.67683999999986
2608.41,2548.9888,3530.879009439973,59.42119999999977
1077.92,652.42284,181047.8331680657,425.4971600000001
1511.45,2685.91816,1379375.4588537859,1174.4681600000001
2435.5,2768.79354,111084.58380573169,333.2935400000001
1602.68,1954.75791,123958.85470996809,352.07791
2837.45,1706.3717100000001,1279338.0981093233,1131.0782899999997
3971.88,3344.37189,393766.4281157724,627.5081100000002
766.0,209.33499,309875.9333583,556.6650099999999
3514.38,2715.32091,638495.4293116285,799.0590900000002
3153.69,3014.79549,19291.684908140123,138.89451000000008
1533.57,1410.4537500000001,15157.611014062453,123.11624999999981
960.62,973.61943,168.98518032489898,12.999429999999961
1595.69,2016.1661199999999,176800.16749025424,420.4761199999998
1285.18,1168.8446099999999,13533.922966452144,116.33539000000019
2736.69,1722.2705700000001,1029046.7799615248,1014.4194299999999
457.88,230.53347,51686.4447030409,227.34653
2277.1,2346.9041700000002,4872.622149388948,69.80417000000034
1557.69,1665.46291,11615.00012986808,107.77290999999991
2449.37,2737.49787,83017.66947073705,288.12787000000026
1412.82,1612.29117,39788.74766116891,199.47117000000003
2940.58,2869.5579900000002,5044.125904440055,71.02200999999968
2047.6,2003.9748499999998,1903.1537125225066,43.625150000000076
1663.96,1419.89134,59569.51079419567,244.06866000000014
1609.08,2257.13714,419978.05670497945,648.0571399999999
1231.11,1116.6375,13103.953256249966,114.47249999999985
641.49,1041.02633,159629.27898986882,399.5363299999999
2487.81,3174.0527799999995,470929.15310212784,686.2427799999996
1376.52,1838.95536,213846.46217832956,462.43535999999995
1732.28,1769.4328999999998,1380.3379784099864,37.15289999999982
2244.34,1724.3861299999999,270352.0269279772,519.9538700000003
920.34,1428.19948,257921.25142587037,507.85947999999996
3724.87,2720.62053,1008516.9979952804,1004.2494699999997
1328.76,1236.61022,8491.581954048394,92.14977999999996
2991.6,2689.37091,91342.42284222798,302.2290899999998
2308.89,1706.89524,362397.6910674574,601.9947599999998
1512.62,1728.88281,46769.60298909617,216.26281000000017
1469.29,2315.4329599999996,715957.908757561,846.1429599999997
1362.0,860.89707,251104.1464545849,501.10293
1562.16,1729.43091,27979.557332228087,167.27090999999996
2354.84,2726.89863,138427.6241574769,372.05863
1533.43,2025.245,241881.99422499983,491.8149999999998
708.16,742.51638,1180.360846704404,34.35638000000006
1233.58,2205.73297,945081.3970798211,972.1529700000001
1621.22,2249.7219600000003,395014.71372384194,628.5019600000003
1202.55,2196.1915099999997,987323.4503950794,993.6415099999997
2707.29,2466.21729,58116.05150674406,241.07270999999992
1410.34,1723.5831899999998,98121.29608137604,313.2431899999999
1187.94,1362.20907,30369.70875866492,174.26907000000006
3151.56,1773.14049,1900040.34554864,1378.41951
1537.16,1838.00145,90505.57803810244,300.8414499999999
2380.68,2147.76366,54250.02143899549,232.91633999999976
1392.84,1181.03588,44860.98524897441,211.80412
1585.33,2711.35848,1267940.1377711103,1126.02848
1158.51,1409.9056500000002,63199.77283892258,251.39565000000016
1203.73,1793.38506,347693.0897836037,589.65506
1696.47,2333.5512499999995,405872.51910156186,637.0812499999995
3163.33,3195.98253,1066.1877154009194,32.6525300000003
2927.81,2079.33118,719916.3079885921,848.4788199999998
1538.64,2214.74018,457111.453396032,676.1001799999997
2645.32,2877.50742,53910.99800625628,232.18741999999975
1242.84,2356.41343,1240045.7840019653,1113.5734300000001
2434.02,2158.3629,75986.83678040994,275.6570999999999
1729.29,2164.02123,188991.24233731278,434.73122999999987
1250.05,2501.54706,1566244.8911886434,1251.49706
2255.08,2167.9043599999995,7599.592209409667,87.17564000000039
2087.45,2149.02918,3791.995409472422,61.57918000000018
1566.68,896.5062499999999,449132.8551890627,670.1737500000002
2072.58,1546.58017,276675.82116002886,525.99983
2818.91,2825.9993799999997,50.25930878439847,7.089379999999892
1389.65,1602.12231,45144.48251673605,212.47230999999988
1671.27,942.6107999999999,530944.2297446401,728.6592
1544.65,2846.06841,1693689.8778869275,1301.4184099999998
2637.17,1768.2712499999998,754985.037751563,868.8987500000003
3415.9,3713.26506,88425.97890880365,297.3650600000001
838.65,2221.63183,1912638.742110148,1382.9818299999997
3752.14,2093.2792999999997,2751818.8220044905,1658.8607000000002
1949.72,1734.2863,46411.67909569002,215.43370000000004
702.88,111.29202000000001,349976.3380804804,591.58798
737.88,657.72246,6425.231218851606,80.15754000000004
2127.2,1431.1041300000002,484549.46023105644,696.0958699999996
2050.17,1716.5405700000001,111308.59656212488,333.62942999999996
929.67,1475.36181,297779.55150107626,545.6918100000001
1388.52,1219.1909999999998,28672.31024100006,169.32900000000018
2202.76,2369.1604300000004,27689.103104184946,166.40043000000014
4300.99,3618.7326599999997,465475.07798387576,682.2573400000001
2200.72,3155.0737299999996,910791.0419649126,954.3537299999998
1871.44,2173.13231,91018.24991313604,301.6923099999999
1112.19,1375.20328,69175.98545635835,263.0132799999999
744.59,1353.64609,370949.320766088,609.0560899999999
2577.56,1564.14273,1027014.5631342527,1013.4172699999999
876.96,1127.30841,62674.32638952813,250.34841000000006
858.47,1573.40478,511131.73965364846,714.93478
2468.43,1720.14429,559931.503790204,748.2857099999999
4788.39,3423.50748,1862904.2934015507,1364.88252
2242.19,2177.01544,4247.72327119359,65.17455999999993
685.49,544.13934,19980.009082435616,141.35066000000006
949.21,1330.15651,145120.24348118008,380.94651
1346.91,1254.8001800000002,8484.218940432382,92.1098199999999
684.74,1412.9996899999999,530362.1760788959,728.2596899999999
1084.13,2009.80872,856881.0926608382,925.6787199999999
3364.06,3032.19636,110133.47555404963,331.86364000000003
552.32,222.15366,109009.81206899563,330.16634000000005
1500.94,1948.8308899999997,200606.2493449918,447.8908899999997
1848.7,2331.43569,233033.74639977585,482.73568999999975
3745.87,3663.34905,6809.707188902514,82.52095000000008
1416.95,2319.24442,814135.2203631363,902.29442
1717.82,1999.73301,79474.9452072601,281.91301
2585.2,2319.1405499999996,70787.63093430261,266.0594500000002
2728.83,2570.18728,25167.512608998346,158.64271999999983
3200.05,3397.36809,38934.42864124801,197.31808999999976
635.71,261.90081,139733.31052845615,373.80919000000006
4514.07,3647.45019,751029.8950844356,866.6198099999997
893.13,1490.90196,357331.3161622415,597.7719599999999
1435.64,2315.9672100000003,774975.9966663844,880.3272100000002
3039.28,1673.34067,1865790.2532408494,1365.9393300000002
1272.63,1271.12942,2.251740336400382,1.5005800000001273
3026.99,2695.7144599999997,109743.48340229166,331.2755400000001
3687.11,3234.1376499999997,205183.9498645229,452.97235000000046
1484.8,2237.53069,566603.4916678763,752.7306900000001
1280.07,1227.49914,2763.695321139604,52.57086000000004
749.39,683.16278,4386.044668928398,66.22721999999999
1433.96,2254.5912,673435.5664134397,820.6311999999998
623.89,700.47813,5865.7416568968965,76.58812999999998
3295.19,2948.4463699999997,120231.14494557718,346.7436300000004
1162.52,1514.78245,124088.83368000246,352.26244999999994
2539.5,3025.6634199999994,236354.87094609582,486.1634199999994
1950.89,2987.13574,1073805.2336681478,1036.24574
3763.79,2449.81638,1726526.6740559037,1313.9736199999998
3929.64,2001.42891,3717998.0075989873,1928.2110899999998
2346.17,2189.56542,24524.99447697645,156.60458000000017
2024.63,1673.7710499999998,123102.0027951027,350.8589500000003
1641.59,2513.30795,759892.1843522025,871.71795
879.98,298.99815,337539.9100294225,580.98185
699.95,2013.4124399999998,1725183.581290753,1313.4624399999998
1644.92,1966.8775099999998,103656.63824539992,321.95750999999973
4265.85,3256.56945,1018647.2286083034,1009.2805500000004
1091.37,1318.39562,51540.632136384454,227.02562000000012
962.03,364.81302000000005,356668.1212003203,597.2169799999999
1023.97,1088.72291,4192.939353468091,64.75290999999993
1242.07,718.2377099999999,274400.26804664417,523.8322900000001
1798.09,1324.75302,224047.8966355202,473.3369799999998
2361.41,3043.15431,464775.30421737616,681.74431
848.67,1268.8383199999998,176541.4171316223,420.1683199999999
3319.38,2879.55131,193449.27654711634,439.8286900000003
2050.88,2008.9157599999999,1760.9974387776206,41.964240000000245
2809.39,2209.87094,359423.1033032837,599.5190600000001
2152.68,2526.557,139784.01112899996,373.87699999999995
2890.34,2632.2945600000003,66587.44910479353,258.04543999999987
1796.53,2390.25504,352509.42312300164,593.72504
1661.82,1784.27398,14994.9772178404,122.45398
4438.3,2932.29267,2268058.07801373,1506.0073300000004
997.19,2438.3819999999996,2077034.3808639988,1441.1919999999996
2626.93,3201.71253,330374.95679320086,574.78253
1739.09,909.7553,687796.0446240898,829.3346999999999
2056.25,1427.0378300000002,395907.9548761086,629.2121699999998
1431.47,1081.13219,122736.5811155961,350.33781
3132.47,2715.8690100000003,173556.38486897966,416.60098999999946
912.09,1086.0731,30270.11908561001,173.98310000000004
2588.47,2493.27112,9062.826753254385,95.19887999999992
1740.3,2237.53069,247238.3590778762,497.2306900000001
1256.76,1267.3179599999999,111.47051936159718,10.557959999999866
3737.75,1902.98118,3366376.622844192,1834.76882
1646.19,1764.49199,13995.360837960085,118.30198999999993
2344.78,2922.3786499999997,333620.20048182184,577.5986499999995
2174.23,2012.09982,26286.195266832434,162.1301800000001
946.55,1507.1595300000001,314283.0451268211,560.6095300000002
1074.02,1712.55357,407725.12001694494,638.53357
913.2,1083.85367,29122.675084468872,170.65366999999992
1108.5,1609.01396,250514.2241548816,500.51396
717.11,1381.2019699999998,441018.1446184807,664.0919699999998
1253.43,1534.81928,79179.92689891833,281.38927999999987
3181.0,2245.37625,875391.8015640628,935.6237500000002
2089.94,2755.8709999999996,443464.09676099947,665.9309999999996
2402.78,1933.98981,219764.24224023626,468.79019000000017
3556.86,3256.56945,90174.4144193026,300.29055000000017
1478.83,1546.65184,4599.801980985609,67.82184000000007
3620.46,2973.45631,418613.7748736161,647.00369
2226.67,2763.8204299999998,288530.5844491846,537.1504299999997
3297.38,3387.8266299999996,8180.592878356802,90.44662999999946
1117.68,832.91081,81093.49157325615,284.7691900000001
983.49,2026.66149,1088206.75754882,1043.17149
2719.22,3242.08708,273389.9833477264,522.86708
1184.38,2440.7053,1578353.25942009,1256.3253
1324.77,2337.1656900000003,1024945.0331305767,1012.3956900000003
1154.3,1133.7696799999999,421.49403930240305,20.530320000000074
1014.16,1052.05595,1436.1030264024978,37.89594999999997
785.57,1365.6618199999998,336506.5196309121,580.0918199999998
1099.48,1044.03485,3074.164658522501,55.44515000000001
1324.93,1551.87979,51506.207181044054,226.9497899999999
1295.08,1798.68468,253617.67371790254,503.60468000000014
2183.93,2437.06938,64079.54570678444,253.13938000000007
1609.82,2311.2949900000003,492067.16159550066,701.4749900000004
1674.63,1525.8120700000002,22146.77628948488,148.81792999999993
1614.48,1291.09458,104578.12986857645,323.38542000000007
2818.76,2681.6763199999996,18791.935322342575,137.08368000000064
1626.13,2303.41723,458717.99192107277,677.2872299999999
1487.25,1891.69672,163577.14931875834,404.4467199999999
1718.82,1940.9853300000002,49357.43385400902,222.16533000000027
1844.99,2120.5664899999997,75942.40184071993,275.5764899999997
1675.37,2390.35891,511209.14142298815,714.98891
2371.68,2126.66905,60030.36561990243,245.01094999999987
2920.45,2259.53211,436812.45732205175,660.9178899999997
1129.79,2049.09329,845118.5390048238,919.3032899999998
758.7,1172.35518,171110.6079408324,413.65518
2098.06,2790.3185299999996,479221.8723577604,692.2585299999996
926.08,1923.92482,995694.2848008323,997.8448199999999
1900.89,2405.2716600000003,254400.85894435583,504.38166000000024
2637.31,2600.3213,1368.1639276899912,36.98869999999988
1076.37,2698.10943,2630038.778816725,1621.73943
2595.6,3119.56842,274542.90515729657,523.9684200000002
1776.02,1751.2429399999999,613.902702243606,24.77706000000012
1521.99,1148.18038,139733.6320045444,373.80962
2552.2,3099.8580999999995,299929.3944956096,547.6580999999996
683.46,723.96771,1640.874569444098,40.507709999999975
829.66,415.15941,171810.73911034808,414.50059
2198.03,1253.7424,891679.0715137603,944.2876000000001
2459.98,1882.6895100000002,333264.30984443997,577.2904899999999
2359.01,2133.99108,50633.5143579666,225.01892000000043
1760.72,2771.9454,1022576.80960516,1011.2254
3004.5,2619.40422,148298.75977380847,385.0957800000001
2590.26,2229.90777,129853.7296659732,360.3522300000004
2560.64,2847.12619,82074.33706071615,286.4861900000001
999.38,858.60597,19817.32752244091,140.77403000000004
1894.69,2307.65907,170543.45277666498,412.9690700000001
916.29,1385.44381,220105.29743751613,469.15381
809.58,1390.56789,337546.9283266521,580.98789
1480.72,2365.77935,783330.0530224221,885.0593499999998
1935.85,2320.37387,147858.6065997769,384.52387
2566.67,3165.0455699999998,358053.32277282455,598.3755699999997
1701.04,1694.18044,47.053563393598274,6.859559999999874
1774.03,1407.43138,134394.5481859044,366.59862
3407.08,2976.1061200000004,185738.485242254,430.97387999999955
2737.01,1954.23438,612737.6712663845,782.7756200000001
2165.44,2104.30892,3737.0089419664137,61.13108000000011
1456.68,2302.1839099999997,714876.8618252876,845.5039099999997
1906.24,2041.5025699999997,18295.962843004803,135.26256999999964
1449.18,1625.64409,31139.57505952808,176.46408999999994
1432.27,1150.8301900000001,79208.36665283602,281.43980999999985
712.83,571.87076,19869.507341377608,140.95924000000002
2133.85,2726.82696,351621.67509084154,592.97696
4447.01,3652.74981,630849.2494188368,794.2601900000004
1052.31,726.18714,106356.11981457956,326.12285999999995
2627.42,3295.5136599999996,446349.138532195,668.0936599999995
2152.64,2114.90816,1423.691749785594,37.73183999999992
1692.96,1832.70183,19527.779051748883,139.74182999999994
2601.9,1980.7324800000001,385849.08790295036,621.16752
1091.23,1578.2740199999998,237211.87741776023,487.0440199999998
1150.02,378.06207,595919.0456898849,771.95793
1205.57,2587.50263,1909737.793858717,1381.93263
2421.04,1781.08992,409536.1048920065,639.9500800000001
2072.78,1968.36567,10902.35230934896,104.41433000000029
2532.36,2137.52313,155896.15391139698,394.8368700000001
1931.1,1862.97919,4640.444755056085,68.12080999999989
2397.14,2112.7925999999998,80853.44388676005,284.3474000000001
3691.74,3247.3866999999996,197449.8552208902,444.3533000000002
893.23,1135.25784,58577.47533506559,242.02783999999997
2300.08,1408.48916,794934.2259719053,891.5908399999998
2907.18,2597.6714899999997,95795.51776242018,309.5085100000001
3536.19,2510.72981,1051568.6012748366,1025.4601900000002
1119.25,731.41509,150415.91741470812,387.83491000000004
4430.76,2912.5823499999997,2304863.376959524,1518.1776500000005
1387.99,2112.18668,524460.8313230221,724.1966799999998
1059.62,761.79632,88698.94436874232,297.82367999999985
4027.81,2995.88811,1064862.7870611723,1031.92189
1945.64,2460.31175,264887.01024806226,514.6717499999997
2424.02,2619.0455100000004,38034.949550760255,195.0255100000004
767.5,1640.81168,762673.2904244225,873.31168
1355.22,1912.7196599999997,310805.8709001153,557.4996599999997
1395.46,1235.62411,25547.51173209212,159.83589000000006
1836.05,1832.3431200000002,13.740959334397985,3.706879999999728
2735.18,1440.28688,1676748.1922233338,1294.8931199999997
2838.7,2046.47568,627619.3731994621,792.2243199999998
2731.01,2595.02168,18492.823176422506,135.98832000000039
2714.18,3271.6653699999997,310789.93776403676,557.4853699999999
4496.22,2499.8040600000004,3985676.605486083,1996.4159399999999
2247.16,2222.3309,616.4842068099963,24.829099999999926
1875.08,2427.7827599999996,305480.3409116172,552.7027599999997
1712.78,2533.0899400000003,672908.3976628041,820.3099400000003
1315.57,796.6742300000001,269252.82012389274,518.8957699999999
1241.68,1567.4199399999998,106106.50851120341,325.7399399999997
2936.59,3192.1710699999994,65321.68334234453,255.58106999999927
2557.49,2077.91469,229992.47796159584,479.5753099999997
847.84,1690.7276899999997,710459.6579535356,842.8876899999997
373.58,520.29105,21524.132192102516,146.71105000000006
3437.5,3552.4874099999997,13222.104458508038,114.98740999999973
2411.42,1534.56444,768875.6731029135,876.85556
641.38,1579.86605,880756.0660446027,938.4860500000001
3002.77,2186.02265,667076.2337320227,816.7473500000001
2380.49,3135.53895,570098.916896103,755.0489500000003
1164.31,1173.51683,84.76571864890151,9.206830000000082
3761.94,3294.0255,218943.97931024988,467.91449999999986
1307.18,1689.66991,146298.5312518081,382.48991
703.0,209.33499,243705.1420983001,493.66501
3114.27,2914.10271,40066.943985944046,200.16728999999987
3717.16,3259.64964,209315.72950732938,457.51035999999976
1410.48,1579.0769599999999,28424.93492124155,168.59695999999985
1913.9,2628.85566,511161.5957660357,714.9556600000001
2281.7,1820.83707,212394.6402481847,460.8629299999998
3267.39,3394.35957,16121.271705984951,126.9695700000002
2255.24,2339.38512,7080.401219814423,84.14512000000013
3187.21,2510.29943,458207.9197777249,676.91057
1533.6,1193.65753,115560.88290970087,339.94246999999996
1452.54,1422.4694800000002,904.2361730703856,30.07051999999976
2177.98,2048.6629099999996,16722.90976606822,129.31709000000046
1488.01,1888.4195100000002,160327.77569844024,400.4095100000002
3423.4,1757.77588,2774303.709125775,1665.6241200000002
3652.54,2951.27172,491777.2005341581,701.2682799999998
2151.16,2282.14708,17157.61512692649,130.98708000000033
1295.82,1945.1233,421594.77539089,649.3033
1233.17,2645.11323,1993583.6847428326,1411.9432299999999
2021.03,1259.0420199999999,580625.6816644806,761.9879800000001
1712.34,2114.20909,161498.76549742804,401.8690899999999
644.62,238.4829,164947.34399641003,406.13710000000003
1080.31,499.95333000000005,336813.8644134888,580.3566699999999
2163.24,2475.2245000000003,97334.3282402503,311.9845000000005
1219.56,2695.10091,2177220.9770836285,1475.5409100000002
1591.62,1885.7697,86524.0460100901,294.14970000000017
1956.13,1254.17278,492743.9387101284,701.95722
1477.04,1686.48585,43867.564082222525,209.44585000000006
1308.14,1445.33166,18821.55157355559,137.19165999999996
2160.12,2708.34996,300556.08904160175,548.2299600000001
2497.02,3510.0904499999997,1026311.7366632019,1013.0704499999997
1331.34,2709.3360700000003,1898873.1689354458,1377.9960700000004
1766.23,2846.06841,1166050.9917113278,1079.8384099999998
1364.0,1116.6375,61188.20640624998,247.36249999999995
2236.06,2319.1405499999996,6902.377788302446,83.08054999999968
3282.01,2884.22353,158234.0757150609,397.78647
3752.7,2113.3161299999997,2687579.4732161774,1639.3838700000001
4222.16,2925.75973,1680653.660056072,1296.4002699999996
3646.13,2605.7964600000005,1082293.8744489308,1040.3335399999996
946.77,701.71145,60053.692928102486,245.05854999999997
670.25,2027.1957400000001,1841301.741304148,1356.9457400000001
1360.56,1314.1537799999999,2153.537254688407,46.406220000000076
2528.84,2724.0732799999996,38116.03361955819,195.23327999999947
1394.87,1514.85412,14396.189052174419,119.98412000000008
888.78,1050.39225,26118.519350062543,161.61225000000013
4284.98,3681.89772,363708.23644999793,603.0822799999996
1317.85,1820.40669,252563.2266637562,502.5566900000001
2795.69,2202.8144700000003,351501.3940727807,592.8755299999998
2860.01,1983.90582,767558.5342134729,876.1041800000003
1604.2,2385.3858,610251.25412164,781.1858
4532.3,2613.64202,3681248.444217682,1918.6579800000004
2064.5,2510.65814,199057.0858882596,446.15814
908.15,640.3354400000001,71724.63854799356,267.8145599999999
1056.19,921.7710300000001,18068.459495860887,134.41896999999994
1084.86,1497.79361,170514.16626763213,412.93361000000004
2698.8,2269.22454,184535.07583421163,429.57546
2521.37,2163.76639,127880.34188503219,357.6036100000001
3608.14,2556.33231,1106299.4167431362,1051.80769
2083.93,2505.3585199999998,177601.99746939034,421.42851999999993
2604.05,2136.46535,218635.40491562273,467.58465000000024
676.22,1381.5606799999998,497505.4748628621,705.3406799999998
2696.49,2576.90339,14300.957291292061,119.58660999999984
939.37,1579.86605,410235.1900656026,640.4960500000001
3568.31,3010.6253199999996,311012.20230670273,557.6846800000003
2158.93,1661.2210699999998,247714.17900174492,497.70893
1045.29,1415.7533700000001,137243.10851175702,370.46337000000017
1395.15,1220.78303,30403.840226980912,174.36697000000004
1346.43,2292.64245,895318.0005350021,946.2124499999998
1726.27,2063.8627,113968.83109329011,337.59270000000015
3278.32,2898.63423,144161.28394049293,379.68577000000005
971.25,1728.88281,574007.4747884962,757.6328100000001
3316.39,3259.57797,3227.6067527209057,56.81203000000005
1253.01,1982.0451,531492.17703201,729.0351
1509.65,1310.8048999999999,39539.37379401009,198.84510000000023
1209.81,1400.80842,36480.39644249645,190.99842000000012
959.29,1435.25595,226543.58555940253,475.96595
1470.55,1815.89616,119263.97022674563,345.34616000000005
1111.24,2388.21115,1630655.3179323226,1276.97115
2116.74,2145.21772,810.980536398418,28.477720000000318
1263.69,583.52778,462620.64551532845,680.16222
1315.88,1550.35943,54980.60309312484,234.47942999999987
826.37,1368.48717,293891.026008809,542.1171700000001
1199.37,1968.97159,592286.6073305284,769.6015900000002
2472.47,1671.92418,640873.6099194721,800.5458199999998
1411.51,1378.1079300000001,1115.698280284891,33.40206999999987
3191.15,1989.2054400000002,1444670.7253135934,1201.94456
1435.6,1573.14994,18919.98599400363,137.5499400000001
2050.79,1326.7754300000001,524197.09757228463,724.0145699999998
1154.52,1205.24288,2572.810555494403,50.72288000000003
1222.94,1439.8564999999999,47052.767972249916,216.91649999999981
1747.27,866.1250200000001,776416.4757792002,881.1449799999999
1358.03,1164.5096199999998,37450.13747534446,193.52038000000016
1396.71,1973.66529,332877.40665898396,576.9552899999999
1285.69,1469.80735,33899.1985710225,184.11735
1195.15,1787.55119,350939.16991341586,592.4011899999998
1720.72,2409.23409,474051.65212852793,688.5140899999999
940.51,452.25675,238391.23613556247,488.25325
1948.12,1249.50056,488069.12194591353,698.6194399999999
2213.06,2479.39467,70934.156444009,266.3346700000002
1842.15,2366.51062,274954.0598067843,524.3606199999999
2703.15,3365.57037,438800.7465909367,662.4203699999998
3366.72,3012.0418099999997,125796.61846167616,354.6781900000001
1814.88,1901.23818,7457.735252912391,86.35817999999995
3291.82,2518.35273,598251.617761253,773.4672700000001
1401.59,2227.9892299999997,682935.6873445925,826.3992299999998
589.49,602.43516,167.57716742559967,12.945159999999987
2558.67,2121.19389,191385.34682073214,437.47611000000006
3924.11,2477.4439300000004,2092842.7180892443,1446.6660699999998
2793.3,2028.5222099999999,584885.0680772846,764.7777900000003
1759.66,557.81877,1444422.342127913,1201.84123
1214.0,1219.62138,31.599913104400503,5.621380000000045
2777.72,2020.93149,572728.8488680199,756.7885099999999
1741.61,2058.0288299999997,100120.8759785688,316.41882999999984
1644.69,1528.10317,13592.488929448891,116.58682999999996
1888.92,2252.37177,132097.189116133,363.4517700000001
4435.05,2963.91485,2164238.6295655225,1471.13515
1178.26,2220.82889,1086949.8903958315,1042.5688899999998
2042.31,2536.09846,243827.0432291718,493.7884600000002
971.83,1818.9901999999997,717680.4044640395,847.1601999999997
704.25,1002.76734,89112.6022806756,298.51734
1570.34,2079.76156,259510.3257928336,509.42156
1708.94,1760.25015,2632.731493022502,51.31015000000002
1399.07,1637.73149,56959.30680902008,238.66148999999996
1207.64,2287.3428299999996,1165758.2011100077,1079.7028299999995
1790.23,2274.0937799999997,234124.1575958881,483.8637799999997
2219.17,1981.6863899999998,56398.46501863221,237.48361000000023
2450.13,2890.15055,193618.08442230226,440.02054999999973
1535.9,2379.7596700000004,712099.1426525094,843.8596700000003
2539.29,2821.68587,79747.4273930568,282.39586999999983
2353.76,2432.3971600000004,6183.802932865635,78.63716000000022
1136.13,1972.6075099999998,699694.6247357996,836.4775099999997
1987.74,2095.23004,11554.10869920158,107.49003999999991
1919.83,1768.19958,22991.78426937639,151.63041999999996
2072.5,2438.12716,133683.2201296656,365.62716
1795.29,1860.9429300000002,4310.307217584926,65.6529300000002
1282.01,1809.28392,278017.7867121665,527.2739200000001
2804.49,2175.42341,395724.774654228,629.0665899999999
4097.29,2502.35,2543833.6036,1594.94
1544.31,1456.5583000000001,7700.360852889965,87.7516999999998
1109.36,1148.18038,1507.0219033444089,38.820380000000114
2138.91,2439.11327,90122.00331869289,300.20327
1154.58,744.66414,168031.01227953957,409.91585999999995
2421.21,2695.4596199999996,75212.85407014418,274.2496199999996
4633.86,3225.63249,1983104.7199207994,1408.2275099999997
2808.95,2170.1237899999996,408098.9265829643,638.8262100000002
1251.23,510.12219,549240.7860429961,741.10781
1908.28,1594.27675,98598.04101056249,314.00325
3304.8,1821.37132,2200560.648646543,1483.4286800000002
1432.93,1729.43091,87912.78963082809,296.50091
3881.66,2183.90709,2882364.943413467,1697.7529099999997
2098.33,2416.75314,101393.29608745952,318.4231399999999
2089.91,1963.13772,16071.210976398377,126.77227999999991
1560.59,838.21043,521832.2431533848,722.37957
1925.03,2554.11288,395745.2699090946,629.0828800000002
1178.04,1028.13599,22471.212214080093,149.90400999999997
2584.35,2910.3629199999996,106284.42400692619,326.01291999999967
1424.72,1966.8775099999998,293934.76564939984,542.1575099999998
2492.09,2171.61195,102706.1805318026,320.47805000000017
1447.77,1576.4271499999998,16552.662246122443,128.65714999999977
1436.95,814.36214,387615.6434193797,622.5878600000001
1388.19,1226.01098,26302.034528160413,162.17902000000004
2329.17,1928.25981,160728.98044583615,400.91019000000006
1349.21,815.77863,284549.0265000769,533.43137
1626.66,2844.0460000000003,1482028.6729960004,1217.3860000000002
1702.14,734.0649,937169.3992400103,968.0751000000001
1748.17,2785.12278,1075271.0679497286,1036.95278
884.41,784.4829599999999,9985.413323161607,99.92704000000003
1918.62,1309.38841,371163.13025392796,609.2315899999999
1232.99,1484.6484300000002,63331.965390064994,251.65843000000018
1076.35,1120.52063,1951.0445545969064,44.170630000000074
2094.74,1896.9963400000001,39102.555070195456,197.74365999999964
1814.56,1401.34267,170748.56181232884,413.21732999999995
1200.18,842.3484000000001,128043.45395855999,357.8316
2132.68,2122.78592,97.8928190464006,9.89408000000003
1671.1,1172.02867,249072.1924279689,499.07133
4050.54,3318.9315699999997,535250.8948470652,731.6084300000002
798.66,591.47721,42924.70847218408,207.18278999999995
3093.58,3437.74264,118447.9227717696,344.16264
3332.06,2465.25266,751354.9646778753,866.8073399999998
723.34,1480.66143,573535.748337245,757.3214300000001
1668.95,1876.15657,42934.562651164924,207.20657000000006
2426.18,2465.71524,1563.0352018576125,39.53524000000016
1141.24,615.3255,276586.06131024996,525.9145
1772.94,1702.56025,4953.309210062508,70.37975000000006
4655.42,3354.54075,1692286.8230805623,1300.87925
4031.76,3473.7822,311339.22529284016,557.9778000000001
2022.49,1695.2382199999997,107093.72751316859,327.2517800000003
2423.76,848.80967,2480468.5419671093,1574.9503300000001
960.85,304.29777,431060.8307179729,656.55223
1295.15,1040.65377,64768.331084213,254.4962300000002
861.7,895.70331,1156.225090956096,34.00330999999994
1304.72,1880.2945399999999,331286.0510962114,575.5745399999998
1187.47,1557.17941,136685.04784254805,369.70940999999993
711.62,946.4222599999999,55132.10130110757,234.80225999999993
2864.86,1681.9891699999998,1399183.4004648896,1182.8708300000003
1420.6,970.70093,202409.17318686485,449.89906999999994
1778.16,863.5468800000001,836517.1592761343,914.61312
2116.28,2014.2153799999996,10417.186655744514,102.06462000000056
1818.86,1994.50506,30851.18710240362,175.64506000000006
737.55,860.8254000000001,15196.824245160025,123.2754000000001
1035.3,1197.29345,26241.87784290248,161.99344999999994
2086.13,1465.19295,385562.8200627025,620.93705
2590.1,2259.96249,108990.77550900012,330.13751
2560.62,3279.1844199999996,516334.82568993594,718.5644199999997
2510.05,3139.6052499999996,396339.8128025618,629.5552499999994
2319.87,1809.18005,260804.22503100245,510.68994999999995
3964.01,2623.8108799999995,1796133.6812487761,1340.1991200000007
2359.83,1648.5062699999999,505981.448861113,711.3237300000001
2137.92,2039.58403,9669.962995840917,98.33597000000009
896.37,2411.8839,2296782.3810932096,1515.5139
1036.56,1614.31358,333799.19920281647,577.75358
2178.0,2500.0589,103721.93506921,322.0589
2333.61,2844.0460000000003,260544.91009600015,510.43600000000015
637.59,1332.44761,482827.098174912,694.8576099999999
1107.45,240.70233000000002,751251.5234504289,866.74767
971.8,1069.01259,9450.287654508118,97.21259000000009
2017.75,2379.83134,131102.89677619573,362.0813400000002
1402.36,2324.44017,850231.8399072288,922.08017
1982.34,2442.29733,211560.74542072887,459.95732999999996
2067.08,1917.06537,22504.38921403687,150.0146299999999
1436.07,1979.49916,295315.25193830574,543.4291600000001
2829.98,2665.88133,26928.373495768854,164.09866999999986
2785.48,2708.34996,5949.043070401602,77.13004000000001
3751.83,3616.08285,18427.28873312254,135.74715000000015
1300.75,1312.84116,146.19615014559866,12.091159999999945
3689.85,2565.8737699999997,1263322.5656050134,1123.9762300000002
1480.52,1991.3317200000001,260928.61328935856,510.81172000000015
3650.57,3097.6386699999994,305733.0556955698,552.9313300000008
1240.53,1597.98434,127773.6051848356,357.45434
1619.19,1414.05747,42079.354864200934,205.1325300000001
1460.46,2522.8494100000003,1128671.2584801486,1062.3894100000002
2437.16,2909.23347,222853.36107784117,472.07347000000027
4030.62,3024.86048,1011552.2120706305,1005.7595200000001
1069.57,763.28448,93810.81976167034,306.2855199999999
3312.94,2968.1566900000003,118875.53085455597,344.7833099999998
1409.28,1719.8755999999998,96469.62673935993,310.5955999999999
2778.61,2605.62092,29925.221799246498,172.98908000000029
1761.38,1736.04315,641.9559679225072,25.33685000000014
2196.94,2392.2774499999996,38156.71937250232,195.33744999999954
1747.64,2226.12851,228951.25420202,478.4885099999999
2441.76,2248.56031,37326.12021609624,193.19969000000037
2293.11,2709.3360700000003,173244.14134764503,416.22607000000016
1731.02,1959.89271,52382.717382744144,228.8727100000001
3524.29,2590.25631,872418.9340550157,934.0336899999998
2970.14,3263.28556,85934.31934771356,293.14555999999993
1116.25,1607.4936,241320.27454096,491.2436
1375.5,1074.41608,90651.52688256642,301.08392000000003
1120.84,2143.72956,1046303.0519569942,1022.8895600000003
1669.8,929.79213,547611.6476619368,740.0078699999999
1538.94,1765.54977,51351.987859452915,226.60977000000003
2929.63,3191.54367,68598.77053286885,261.9136699999999
1560.1,2103.60985,295402.9570470224,543.5098499999999
4728.28,3381.46923,1813899.250187992,1346.8107699999996
1240.84,1869.33659,395007.96364162804,628.49659
1952.87,1201.17658,565042.9976712961,751.6934199999998
2930.23,2795.72202,18092.396683680363,134.50797999999986
1316.05,1918.6252,363096.87165504,602.5752
1977.61,2204.67519,51558.60050973611,227.06519000000003
4116.58,3276.5346099999997,705676.2572602525,840.0453900000002
1434.46,1908.02596,224264.7184707215,473.5659599999999
2259.2,1755.0221999999999,254195.25401283993,504.17779999999993
1106.32,460.20618,417463.06839499227,646.1138199999999
2757.57,2955.33802,39112.18973472039,197.76801999999998
1625.41,1831.54018,42489.65110683235,206.13017999999988
3586.74,3148.788,191801.9543039998,437.95199999999977
1163.25,1147.01873,263.45412581289986,16.231269999999995
1359.24,858.17559,251065.54296864805,501.06440999999995
2486.93,2261.02027,51035.206108672835,225.90972999999985
827.52,911.9747299999999,7132.601419372888,84.45472999999993
3273.7,2740.77508,284008.9703570063,532.9249199999999
2511.25,2273.13987,56696.43400861691,238.11013000000003
2210.45,3518.03988,1709791.2942784145,1307.58988
2390.34,2957.98783,322224.05890370876,567.6478299999999
2096.5,2754.38284,432809.8311664659,657.8828400000002
2113.3,1783.73973,108609.97156247302,329.5602700000002
2199.43,1293.31401,821046.1873336798,906.1159899999998
2216.44,2137.26829,6268.159664324112,79.17171000000008
3572.4,2892.9759000000004,461617.10766080965,679.4240999999997
1625.62,1211.77582,171267.00531987226,413.8441799999998
1690.26,1755.92901,4312.41887438011,65.66901000000007
2158.0,1720.6785399999999,191250.0593765317,437.3214600000001
2440.58,2844.1176699999996,162842.65110902867,403.5376699999997
1051.81,2020.3040899999996,937980.8023649275,968.4940899999997
2772.77,2791.55185,352.7578894224943,18.78184999999985
3470.24,2634.94437,697718.7894970962,835.2956299999996
3678.9,3039.7015600000004,408574.64569843316,639.1984399999997
2900.72,2295.03742,366851.387715456,605.6825799999997
1676.9,1958.37235,79226.6838145225,281.47235
2391.37,2060.78251,109288.08854450003,330.5874899999999
2023.88,1272.29107,564885.9196985451,751.5889300000001
964.48,1382.7939999999999,174986.60259599987,418.31399999999985
911.48,2253.42955,1800828.594745202,1341.9495499999998
1577.04,2762.76265,1405938.2027230228,1185.7226500000002
3298.29,2748.72451,302022.22779894003,549.56549
1942.86,2206.7907499999997,69659.44079556238,263.93074999999976
1209.38,1065.6637099999998,20654.372011364187,143.7162900000003
2477.33,2840.33841,131775.10573072804,363.0084099999999
2891.56,3176.2722099999996,81061.04252308392,284.7122099999997
676.17,554.37987,14832.835765416894,121.79012999999998
2636.65,2884.22353,61292.65275666096,247.57353000000012
1549.7,1158.77962,152818.74349934442,390.92038
1928.29,3107.8075299999996,1391261.6035773,1179.5175299999996
3314.72,2636.25699,460312.05593826005,678.4630099999999
2261.77,2771.9454,260278.93876516007,510.1754000000001
2703.76,2046.47568,432022.6773178627,657.2843200000002
2222.44,1799.9973,178457.83478329005,422.44270000000006
3001.11,2966.7401999999997,1181.2831520400273,34.369800000000396
582.43,697.82832,13316.772258822402,115.39832000000001
1204.82,1752.0458800000001,299456.1637417746,547.2258800000002
1049.4,1425.0154200000002,141086.94374177646,375.6154200000001
3133.41,2458.26786,455816.9092037795,675.1421399999999
964.67,1531.18336,320937.38705848966,566.51336
3350.55,3536.58855,34610.34208610241,186.03854999999976
1379.48,2754.38284,1890357.819440066,1374.9028400000002
2188.87,2760.9157800000003,327236.3744158088,572.0457800000004
945.76,1508.32118,316475.0812429923,562.5611799999999
1468.7,1876.22824,166079.2663974975,407.52823999999987
1434.82,2063.7588299999998,395564.0518817687,628.9388299999998
1355.1,893.85644,212745.6216414735,461.2435599999999
1624.12,2063.7588299999998,193282.30084376878,439.63882999999987
1030.08,1300.6360399999999,73200.57078048156,270.55603999999994
1945.53,1794.08413,22935.851540056905,151.44587
2272.57,2463.03323,36276.241982032836,190.46322999999984
1975.93,2443.4267800000002,218553.23931036855,467.4967800000002
1528.48,2014.6457599999999,236357.14619637746,486.16575999999986
2407.28,2508.08,10160.639999999945,100.79999999999973
2251.41,1622.5317,395487.9162108898,628.8782999999999
1567.98,1253.99724,98585.17357721766,313.9827600000001
1059.67,1918.98391,738420.3959194878,859.3139099999999
894.24,1594.1728799999999,489906.0365050942,699.9328799999998
2698.64,1790.6313799999998,824479.6539943045,908.0086200000001
2234.94,2460.9176700000003,51065.907338629,225.97767000000022
1255.27,1699.80657,197612.76206736488,444.53657
1875.86,1997.58525,14817.036487562546,121.72525000000019
1085.66,1207.53398,14853.267001040364,121.87397999999985
1386.13,1271.12942,13225.13340033643,115.00058000000013
2426.63,2829.73917,162497.00293808867,403.1091699999997
3972.59,2177.01544,3224088.0005191937,1795.57456
4519.81,3694.71639,680779.4652628327,825.0936100000004
1119.98,1577.84364,209639.11283404962,457.86364000000003
2721.32,2819.13993,9568.738705204833,97.81992999999966
554.09,973.97814,176306.0501126596,419.88814
3053.39,3168.3227799999995,13209.543918528318,114.93277999999964
1307.59,776.5335299999999,282020.9743288609,531.05647
4234.48,3204.00363,1061881.5491283757,1030.4763699999994
2235.6,2332.1347600000004,9318.959888257688,96.53476000000046
981.18,1657.87219,457912.3200069962,676.6921900000001
729.19,1473.9453199999998,554660.486668302,744.7553199999998
1251.72,1275.19572,551.1094295183958,23.47571999999991
3103.94,2812.3199499999996,85042.25356200276,291.62005000000045
747.86,230.10309,268072.2178527482,517.7569100000001
1991.67,1732.3355599999998,67254.35177011376,259.3344400000003
1322.49,2254.66287,868946.2595640371,932.1728700000001
2493.04,2642.10471,22220.287767384132,149.0647100000001
1296.72,1174.1442299999999,15024.819391092937,122.57577000000015
2250.42,1666.5206899999998,340938.4042184764,583.8993100000002
832.28,1913.32558,1168659.5460375363,1081.04558
3682.2,2626.9949400000005,1113457.7186496023,1055.2050599999993
1705.44,2381.24783,456716.22308930854,675.8078299999997
3037.54,2095.23004,887948.0607152017,942.30996
2058.22,1502.76672,308528.3462627581,555.4532799999997
816.13,1392.15992,331810.46873520646,576.0299200000001
2164.3,2617.8121899999996,205673.30647859562,453.51218999999946
1442.35,2317.6523899999997,766154.2739397119,875.3023899999998
1785.28,1406.89713,143173.59630943683,378.3828699999999
2209.62,2006.2659499999997,41352.86965140256,203.35405000000014
1252.06,1236.68189,236.48626717209626,15.378109999999879
2140.88,1396.29789,554402.5185320522,744.5821100000001
2142.73,1769.79161,139083.0427357921,372.93839
760.56,1641.5107500000001,776074.2239255628,880.9507500000002
1534.8,2357.93379,677549.2362397643,823.1337900000001
2055.79,2017.39944,1473.835097113604,38.39056000000005
1607.35,1404.24732,41250.69862318238,203.10267999999996
1439.13,2036.37849,356705.75880728004,597.24849
2912.12,1269.6412599999999,2697736.4113519876,1642.47874
1376.95,2427.35238,1103345.159909664,1050.4023799999998
1303.22,1482.429,32115.86568100002,179.20900000000006
804.93,1124.58693,102180.5528970249,319.65693
3309.12,2643.95158,442449.02696529636,665.16842
1456.95,1644.62314,35221.20747745955,187.67313999999988
2020.27,1690.29731,108881.97614583613,329.97269000000006
1499.2,2845.7097000000003,1813088.3721940909,1346.5097000000003
1762.98,2427.7827599999996,441962.70970361703,664.8027599999996
747.64,1161.85981,171578.05099643604,414.21980999999994
1994.2,1309.38841,468966.91379832814,684.81159
950.06,1380.75774,185500.54324110766,430.69774000000007
1594.55,1898.05412,92114.75085697444,303.50412000000006
1256.8,1012.66751,59600.67267360008,244.13248999999996
2943.06,2181.2572800000003,580343.3841993979,761.8027199999997
900.89,2337.1656900000003,2062887.8576849771,1436.2756900000004
3076.99,2389.2689299999997,472960.27012194495,687.72107
2726.01,2480.52412,60263.31727937449,245.48588000000018
1200.31,1141.71911,3432.8923909920936,58.590889999999945
1893.32,1741.70148,22988.175606990397,151.61852
1141.96,1516.3422799999998,140162.09157799825,374.3822799999998
2506.76,2033.8218299999999,223670.51264294924,472.93817000000035
2139.41,2840.76879,491904.1523102644,701.3587900000002
1379.67,1212.03066,28102.94831563566,167.63934000000017
1156.41,913.8216,58849.131814560045,242.5884000000001
1017.83,945.69099,5204.036763780098,72.13900999999998
1385.99,1166.55351,48152.37314352012,219.43649000000005
2235.83,3191.11329,912566.1641532239,955.2832899999999
2107.98,2794.12999,470801.80877699994,686.1499899999999
1709.36,1662.8130999999998,2166.613899610005,46.54690000000005
2611.34,2586.0144699999996,641.3824697809266,25.325530000000526
2762.63,2599.15965,26722.55532912252,163.47035000000005
2598.53,3025.6634199999994,182442.95848089573,427.1334199999992
734.56,609.95421,15526.60290152409,124.60578999999996
1649.6,949.50245,490136.57951600244,700.09755
1034.69,1097.1027199999999,3895.347617798376,62.41271999999981
1310.25,1753.2792,196274.87205263996,443.02919999999995
4446.87,2920.46011,2329927.152289812,1526.40989
1117.4,1129.95822,157.7088895683973,12.558219999999892
1330.06,1434.5568799999999,10919.597929734384,104.49687999999992
1332.88,809.4929,273934.05644641013,523.3871000000001
2085.74,2784.76407,488634.6504393655,699.0240700000004
1038.49,1670.58699,399546.6047670601,632.09699
4034.8,2838.38767,1431402.4633760292,1196.41233
787.28,1504.50972,514418.4712512785,717.22972
1007.75,726.18714,79277.6441313796,281.56286
4297.18,3233.1515400000003,1132156.5636899716,1064.02846
1914.72,2392.38132,228160.33662414234,477.66131999999993
2098.28,1738.6929599999999,129302.83933596185,359.58704000000034
1224.73,2057.40143,693341.7103382447,832.6714299999999
2102.29,1545.1636799999999,310389.7364367425,557.1263200000001
4206.15,2598.90481,2583237.100778135,1607.2451899999996
1390.79,1902.6546700000001,262005.44039420906,511.86467000000016
840.56,1219.62138,143687.52980750447,379.0613800000001
2616.83,2072.9737800000003,295779.588032688,543.8562199999997
1159.75,1765.62144,367080.2018076735,605.8714399999999
975.18,1041.3850400000001,4383.107321401622,66.20504000000017
3718.2,2472.14431,1552654.7825813752,1246.0556899999997
2150.68,2078.34507,5232.342098104898,72.33492999999999
2736.3,2110.77019,391287.5431986361,625.52981
986.57,288.82929,486842.09839130414,697.74071
2326.22,2237.78553,7820.655484180846,88.43446999999969
1799.96,2262.6123000000002,214047.15069529018,462.6523000000002
1957.84,1921.2750099999998,1336.9984937001059,36.56499000000008
2845.62,2846.76748,1.3167103504001993,1.1474800000000869
4428.41,3494.98068,871290.2954356619,933.4293199999997
2285.17,1357.0849899999998,861341.7857867006,928.0850100000002
1871.98,2257.67139,148757.84832013206,385.69138999999996
1312.85,1904.31837,349834.832710457,591.46837
2576.51,2489.53133,7565.289034968973,86.97867000000042
779.31,685.81259,8741.76567670809,93.49740999999995
2149.1,3032.55507,780492.8607087049,883.45507
1022.28,1067.52443,2047.058446024897,45.244429999999966
1801.61,2340.4429,290340.8941224101,538.8329000000001
1428.74,1926.57463,247839.31882723697,497.83463000000006
3248.03,2605.69259,412597.3482855082,642.3374100000001
719.46,1013.7252900000001,86592.06089878413,294.26529000000005
1554.61,2292.11892,543919.4070795664,737.50892
2433.37,2903.8299799999995,221332.59278160005,470.45997999999963
2936.89,2624.16959,97794.05483056804,312.7204099999999
3361.55,2873.2655799999998,238421.6748147368,488.2844200000004
3510.48,2845.27932,442491.9446724623,665.2006799999999
961.52,1888.24397,858817.3165725609,926.72397
4097.77,2589.72206,2274208.589338245,1508.0479400000004
1561.06,2500.48928,882527.3721213181,939.4292799999998
3260.16,3090.49218,28787.169143552288,169.66781999999967
906.03,765.9342899999999,19626.807960404116,140.09571000000005
1098.42,935.09175,26676.11724806251,163.32825000000003
976.07,1186.3355000000001,44211.58049025004,210.2655000000001
2067.01,2545.28121,228743.350314864,478.2712099999999
2782.89,2092.1176499999997,477166.43952452275,690.7723500000002
1974.25,2406.25777,186630.71334037304,432.00777000000016
2321.05,2246.96828,5488.10123815842,74.08172000000013
1233.25,2005.2081699999999,595919.4162297487,771.9581699999999
1139.9,1693.3774999999998,306337.3430062497,553.4774999999997
2125.22,2123.8437,1.8942016899997276,1.376299999999901
3132.23,2926.99305,42122.20564530249,205.23694999999998
1869.77,2098.93763,52517.80263981686,229.16762999999992
2728.48,2767.00449,1484.1363297600835,38.52448999999979
694.26,1860.15384,1359308.4461499455,1165.89384
1015.26,529.4738,235988.23211044,485.7862
1905.84,1670.2282799999998,55512.88260135845,235.6117200000001
3635.34,2555.4500700000003,1166162.2609154044,1079.8899299999998
1270.46,1806.2754,287098.14287715993,535.8154
1500.12,1420.14618,6395.811885392389,79.97381999999993
1229.88,2194.33079,930165.3263316238,964.4507899999999
2918.75,2857.36672,3767.9070635584017,61.38328000000001
2351.38,897.56403,2113580.874627041,1453.81597
2321.15,2795.36331,224878.2633811562,474.2133100000001
1680.04,1276.42904,162901.80703212158,403.61096
1427.56,2270.13135,709926.4798408228,842.5713500000002
2829.84,2178.60747,424103.8081302012,651.2325300000002
3708.88,3389.41866,102055.54775459578,319.4613400000003
2807.48,2493.7015,98456.94706224994,313.7784999999999
799.42,1965.1923299999999,1359025.1253936284,1165.7723299999998
2272.25,2410.03703,18985.265636220887,137.78702999999996
2670.9,1743.4690500000002,860128.1670179024,927.4309499999999
877.74,939.70615,3839.8037458224962,61.96614999999997
1268.61,1306.63473,1445.8800915729068,38.02473000000009
3471.43,3116.99028,125627.5151136783,354.43971999999985
853.3,1119.71769,70978.3855449361,266.41769
1060.59,1465.99589,164353.9356466921,405.40589
1787.99,1290.6642000000002,247332.95134563986,497.32579999999984
4258.92,3241.10097,1035955.5778301412,1017.8190300000001
1271.79,1690.7276899999997,175508.78810253588,418.93768999999975
2913.47,1699.83877,1472900.7624313124,1213.6312299999997
1689.61,2091.95283,161879.75285240912,402.3428300000003
3122.72,2104.41279,1036949.573937984,1018.3072099999999
1581.39,2995.0851700000003,1998534.0336813293,1413.6951700000002
1630.16,1696.83025,4444.922235062486,66.6702499999999
2553.52,2310.30888,59151.64889165437,243.21111999999994
3141.29,2467.90247,453450.76555950084,673.38753
2123.47,1768.7338300000001,125837.75030626867,354.7361699999997
1213.11,1436.04504,49700.03205980163,222.93504000000007
979.23,1567.6747799999998,346267.2591092482,588.4447799999998
3470.31,2646.42585,678785.0926212223,823.8841499999999
1377.68,1240.3894799999998,18848.686881870468,137.29052000000024
1207.75,1174.1442299999999,1129.3477772929082,33.60577000000012
2565.14,2812.75033,61310.87552270889,247.61032999999998
2759.91,2170.1237899999996,347847.7735061644,589.7862100000002
2125.95,2781.31132,429498.4597521424,655.36132
782.32,588.8274,37439.386254760015,193.49260000000004
4724.41,3054.54264,2788456.9999933685,1669.8673599999997
2448.59,2213.93724,55061.91777561757,234.65275999999994
1386.72,1881.8865700000001,245189.932045565,495.1665700000001
2169.01,2459.32564,84283.17082860948,290.3156399999998
613.68,172.23765,194871.34837352243,441.4423499999999
909.07,1190.4018,79147.58169124002,281.33180000000004
1182.91,1506.80082,104905.26328027231,323.89081999999985
860.66,641.3932199999999,48077.920811568416,219.26678000000004
1565.31,1372.55347,37155.079857640856,192.75652999999988
1524.68,1575.7280799999999,2605.9064716863795,51.0480799999998
1391.46,2376.12375,969562.7005640628,984.6637500000002
895.06,729.19566,27510.979283635592,165.86433999999997
2243.25,1973.30658,72869.45000129643,269.94342000000006
2821.55,2903.93385,6787.098740822453,82.38384999999971
2312.18,2325.24311,170.64484287210135,13.063110000000052
2744.78,1943.20476,642522.8653810578,801.5752400000001
1452.51,1833.6557400000002,145272.07512014773,381.14574000000016
1480.13,1187.82366,85442.99640419566,292.3063400000001
4243.07,2858.9587500000002,1915763.952376561,1384.1112499999995
1524.0,2768.06227,1547690.9316375526,1244.06227
1161.61,1136.41949,634.5617940600952,25.190509999999904
615.76,304.72815,96740.81171442248,311.03184999999996
1495.28,1853.4377299999999,128276.95955875283,358.1577299999999
2063.76,2362.80303,89426.73379158079,299.0430299999998
2866.75,2329.48495,288653.7339515025,537.26505
2809.99,2262.54063,299700.8127133967,547.4493699999998
1982.64,2243.8880899999995,68250.56452864777,261.24808999999937
3104.07,1731.27778,1884558.4792925292,1372.7922200000003
3146.33,2657.02509,239419.29495010793,489.30490999999984
1438.29,1761.58734,104521.17005107565,323.2973400000001
2707.09,2222.86515,234473.70535752256,484.22485000000006
1018.28,1071.59073,2842.0339331328914,53.31072999999992
2063.07,1140.2309500000001,851631.9122049026,922.83905
2606.11,1772.61696,694710.6477284417,833.4930400000001
1224.69,813.98958,168674.83498817642,410.70042
3421.31,2556.93823,747138.5567729324,864.3717699999997
1468.75,2338.8508699999998,757075.5239747565,870.1008699999998
1554.8,1730.8474,30992.687046760053,176.04740000000015
2412.35,2534.0760499999997,14817.231248602442,121.72604999999976
4349.04,2232.1272,4481319.8028038405,2116.9128
2337.03,1730.22,368218.3761000002,606.8100000000002
1164.06,1957.1390299999998,628974.3478257407,793.0790299999999
2602.7,2845.63803,59018.88642028102,242.93803000000025
1630.37,1395.2401100000002,55286.06517141196,235.1298899999997
1205.82,1576.15846,137150.57495517173,370.33846000000017
1946.01,2533.34478,344962.1437976483,587.3347799999999
2048.77,2283.2765299999996,54993.31261264074,234.50652999999966
3152.61,3626.68209,224744.34651696778,474.07208999999966
2275.15,1793.02635,232443.2138893225,482.12365
806.03,1429.95633,389284.0652672689,623.92633
1938.4,2073.40416,18226.123217305587,135.00415999999996
1970.36,2422.15663,204120.19487935695,451.79663000000005
572.99,610.02588,1371.6564073744014,37.03588000000002
2324.19,2366.51062,1791.034877184397,42.32061999999996
3791.19,2668.8576499999995,1259629.9038565238,1122.3323500000006
1757.13,1219.29487,289266.6270621171,537.8351300000002
774.97,1177.15275,161750.96439756246,402.18274999999994
1118.49,2402.8766899999996,1649649.169449155,1284.3866899999996
413.19,1078.91276,443186.79318201746,665.7227599999999
2971.85,2123.32017,720002.8723998289,848.52983
1295.41,1467.5162500000001,29620.561289062516,172.10625000000005
3191.44,3230.07135,1492.3812028225086,38.63135000000011
2046.84,2709.3360700000003,438901.04276544537,662.4960700000004
1182.19,1538.70241,127101.09848400814,356.51241000000005
1289.11,1677.4786399999998,150830.20053544952,388.3686399999999
2465.27,2757.1043199999995,85167.27032986209,291.8343199999995
2858.97,3056.04465,38838.417672622505,197.07465000000002
922.25,1100.73864,31858.194609049613,178.48864000000003
2026.5,1827.8325900000002,39468.73979610801,198.6674099999998
1115.47,1901.59689,617995.4871810721,786.12689
2184.48,1693.55304,241009.2800548416,490.92696
1121.82,1945.1233,677828.32379089,823.3033
1284.67,1728.88281,197325.02056809608,444.21281
1797.25,2418.8794199999998,386423.1358095361,621.6294199999998
1063.8,1453.8046199999999,152103.60362134434,390.00461999999993
2174.64,2479.03596,92656.90046432178,304.3959600000003
2351.32,2492.28501,19871.13404430007,140.9650099999999
4548.6,2946.5994999999994,2566405.6020002533,1602.000500000001
2264.67,859.40891,1974758.731067988,1405.26109
1356.24,1827.8325900000002,222399.5709429083,471.5925900000002
681.2,663.02208,330.4367755264031,18.177920000000086
1507.3,1551.41721,1946.32821818411,44.117210000000114
1314.59,1937.1022,387521.43914884015,622.5122000000001
3717.81,2609.32851,1228731.2136726205,1108.4814900000001
2091.45,2760.7402399999996,447949.4253592573,669.2902399999998
2765.24,2020.40796,554774.7678105612,744.8320399999998
2300.43,2407.92147,11554.416122760984,107.49147000000039
1525.18,1822.7878099999998,88570.40857299595,297.60780999999974
1938.02,2380.26172,195577.73890855839,442.24172
616.91,601.0186699999999,252.53436916890124,15.891330000000039
1539.89,2359.0632400000004,671044.7971320981,819.1732400000003
1777.56,1896.89247,14240.238396300914,119.33247000000006
577.09,1077.3207300000001,250230.783236333,500.2307300000001
1561.8,1210.11212,123684.36493889436,351.68787999999995
1716.41,1828.5316599999999,12571.266641155553,112.12165999999979
2094.2,1608.75912,235652.84797517429,485.4408799999999
2256.12,1761.8421799999999,244310.5633439524,494.27782
1645.78,1240.81986,163992.71498881953,404.9601399999999
814.62,1364.6040400000002,302482.4442547218,549.9840400000002
1174.45,1041.02633,17801.875716268936,133.42367000000013
3047.34,2317.72406,532339.4199020838,729.6159400000001
3901.67,2544.67529,1841434.6429679838,1356.99471
2271.85,2159.95493,12520.506690304906,111.89507000000003
1062.37,1871.28733,654347.2467743292,808.9173300000002
3577.34,3602.8338,649.9338384399866,25.493799999999737
611.93,641.3932199999999,868.0813327683987,29.46321999999998
2206.71,2700.32886,243659.57894769963,493.61886000000004
2707.83,2782.47297,5571.572970420882,74.64296999999988
2699.18,2054.42511,415708.86817891174,644.7548899999997
3188.65,3045.4454100000003,20507.55459706805,143.20458999999983
994.95,686.7987,94957.22369169,308.1513
2105.29,2257.13714,23057.553926179557,151.84713999999985
950.52,867.78872,6844.464690438395,82.73127999999997
2370.21,2139.74256,53115.24090015355,230.4674399999999
1883.16,2063.32845,32460.67037540246,180.1684499999999
1448.9,2370.02119,848464.2466670158,921.1211899999998
2962.88,2179.131,614262.4950010004,783.7490000000003
1889.89,2042.20164,23198.83567948957,152.3116399999999
1188.02,1697.9919000000002,260071.33878961025,509.97190000000023
1831.84,3159.74595,1763334.2120454027,1327.90595
1320.15,1882.5856399999998,316333.8491422093,562.4356399999997
2469.28,2331.50736,18981.300332569637,137.77264000000014
713.56,211.55442,252009.60235113636,502.00557999999995
1198.56,638.11601,314097.46592712007,560.44399
3807.45,3636.85095,29104.035860902433,170.5990499999998
1152.27,1083.42329,4739.869477824104,68.84671000000003
1365.08,1494.0143500000001,16624.066609922556,128.93435000000022
4371.16,2692.70594,2817208.0315304836,1678.45406
4046.58,2526.66087,2310154.161739956,1519.9191299999998
2762.02,1208.69563,2412816.598435897,1553.32437
807.13,1241.17857,188398.16111904493,434.04857000000004
2497.33,1574.74197,851168.6730992807,922.5880299999999
2840.29,2055.45069,615972.7425212759,784.8393099999998
2317.33,2293.43154,571.1363903715945,23.898459999999886
4063.59,3724.29468,115121.31417390252,339.2953200000002
2526.03,2760.84411,55137.66625509201,234.8141099999998
2314.78,2676.3767,130752.1734508897,361.5966999999996
2994.23,1933.55943,1125022.0580641248,1060.67057
1475.54,1933.9181399999998,210110.51922985943,458.3781399999998
1071.5,1059.5749999999998,142.20562500000435,11.925000000000182
1592.28,1912.7196599999997,102681.57570091546,320.4396599999998
1618.94,1899.0187500000002,78444.10620156256,280.0787500000001
1790.15,2010.8343,48701.560266489956,220.6842999999999
664.05,148.38935999999998,265905.89564520953,515.66064
4041.46,2903.50347,1294945.0641696407,1137.95653
1155.67,1361.85036,42510.34084972953,206.18035999999984
4229.27,3222.48063,1013624.8355449977,1006.7893700000004
3315.03,2646.60139,446796.80666653265,668.4286100000004
799.54,219.93423,335942.84861729277,579.6057699999999
898.5,1588.8732599999998,476615.2381230274,690.3732599999998
1556.3,1558.7392399999999,5.949891777599644,2.439239999999927
1129.01,712.93809,173115.83429104812,416.07191
3708.38,2242.72644,2148140.3579406743,1465.6535600000002
1060.99,1554.8561100000002,243903.73460653226,493.86611000000016
1190.03,420.45903,592239.4778667409,769.57097
1865.94,2692.37943,683002.1314587247,826.4394299999999
1347.63,1290.73587,3236.942028456915,56.89413000000013
2005.83,1983.90582,480.66966867239904,21.92417999999998
1766.37,1424.38802,116951.67464472026,341.9819799999998
1184.7,1920.04169,540727.4010520561,735.34169
1895.05,2194.40246,89611.8953080515,299.35245999999984
1553.35,2409.23409,732537.5755151281,855.88409
2685.69,2406.3294400000004,78042.32248351339,279.3605599999996
1470.64,1806.88895,113063.35637610244,336.2489499999999
4472.97,3528.63912,891760.8109215752,944.3308800000004
1279.04,1397.63508,14064.793000206413,118.59508000000005
590.47,1367.95292,604479.6908917263,777.4829199999999
4279.89,2216.22834,4258699.446953956,2063.66166
3286.53,1932.60552,1833111.4975432707,1353.9244800000001
2253.58,2575.4869000000003,103624.05226761026,321.9069000000004
874.87,639.10212,55586.4932396944,235.76788
1303.85,1320.79059,286.98358954810533,16.940590000000157
1360.14,2194.07595,695449.1687024022,833.9359499999998
1901.97,1986.98601,7227.721956320109,85.01601000000005
1236.74,1635.78075,159233.52016056242,399.0407499999999
1681.12,2403.67963,522092.41890573717,722.5596300000002
3497.62,1796.98878,2892146.5464386884,1700.63122
732.19,750.39414,331.3907131395978,18.20413999999994
914.56,2398.63485,2202478.1604025224,1484.07485
2907.84,3022.6410499999997,13179.281081102403,114.80104999999958
1323.17,1679.07067,126665.28690644889,355.90067
3204.67,3357.62094,23393.990046883515,152.95093999999972
1451.15,1408.23432,1841.7555898624057,42.915680000000066
1557.05,1637.73149,6509.50282862009,80.68148999999994
2523.44,2253.68439,72768.08912647219,269.75561000000016
1262.01,1372.87998,12292.152465200386,110.86997999999994
1102.23,894.28682,43240.3661085124,207.94317999999998
1955.02,1425.4458,280448.83330564003,529.5742
1782.01,1078.12367,495455.96556086896,703.88633
2782.14,2078.97247,494444.5752463005,703.1675299999997
603.41,618.33402,222.72637296040122,14.924020000000041
1306.24,1170.43664,18442.55258728963,135.8033600000001
3120.52,2550.04658,325439.9229264962,570.4734199999998
1637.76,1501.5334,18557.686547559988,136.22659999999996
2314.61,1995.0393100000001,102125.4259070761,319.57069
1992.14,1531.8107599999998,211903.00919897784,460.32924000000025
1154.66,846.59024,94906.97702645765,308.0697600000001
823.49,1176.52535,124633.95834962242,353.0353499999999
3244.73,2892.5455199999997,124033.90795287065,352.18448000000035
3577.1,2925.75973,424244.1473236725,651.3402699999997
2269.91,2419.5784900000003,22400.656898880243,149.66849000000047
719.75,1520.40858,641054.1617276164,800.65858
2258.4,1985.6017200000001,74418.90157095839,272.79828
892.02,1108.68807,46945.052557524876,216.66806999999994
1511.47,1672.87809,26052.57151744807,161.4080899999999
1765.01,1939.28943,30373.319721124917,174.27943000000005
1268.64,1377.85309,11927.499027348093,109.21308999999997
2348.96,2639.0106699999997,84129.39116744869,290.0506699999996
926.62,1613.8831999999998,472330.7060742397,687.2631999999998
1162.05,1848.4968199999998,471209.23668811226,686.4468199999999
3073.73,1993.55115,1166786.3479873226,1080.17885
823.35,1123.6008199999999,90150.55491067232,300.25081999999986
1076.01,616.9175299999999,210765.89601070093,459.09247000000005
3299.61,2619.92775,461967.9609650629,679.6822500000003
3104.65,2157.2334499999997,897598.1192139032,947.4165500000004
1340.04,1229.16284,12293.7446096656,110.87716
1522.47,1165.1370200000001,127686.85859568033,357.3329799999999
2059.26,1706.8020900000001,124226.57832156816,352.4579100000001
2016.81,1292.3279,524874.3132204099,724.4821
4122.65,2887.50074,1525593.6944785467,1235.1492599999997
1030.77,1380.14419,122062.3246381561,349.37419
1589.54,1997.58525,166500.9260475626,408.0452500000001
854.48,1198.78161,118543.59864859209,344.30161
2730.61,2092.6519,406990.53735561034,637.9581000000003
2001.96,1891.69672,12157.990916358427,110.26328000000012
3951.45,2197.15614,3077546.947233699,1754.2938599999998
2787.73,2962.22967,30450.134830108953,174.49967000000015
2101.67,2488.47355,149616.98629260255,386.8035500000001
1340.82,937.3111799999999,162819.3678177924,403.50882
2844.53,2880.1572300000003,1269.2995174729037,35.627230000000054
1558.65,1072.82405,236026.85369340263,485.82595000000015
1935.61,1875.4252999999999,3622.1981140900025,60.18470000000002
1415.22,930.95378,234513.77183308837,484.26622
1536.03,860.46669,456385.7858181561,675.56331
908.83,1064.24722,24154.512272528376,155.41721999999993
1541.37,1388.34846,23415.591703971586,153.02153999999996
3069.65,1980.3020999999999,1186678.8472344105,1089.3479000000002
4449.09,3347.6490999999996,1213172.056192811,1101.4409000000005
1540.73,1565.1288399999999,595.303393345592,24.398839999999836
2537.62,2319.24442,47687.893940336355,218.3755799999999
2018.84,2822.8475200000003,646428.092216551,804.0075200000003
1410.91,2024.11555,376021.04655080236,613.2055499999999
1358.41,1066.4666499999998,85230.91960922263,291.94335000000024
1205.76,1418.4031800000002,45217.12200051251,212.64318000000026
1352.32,1766.08402,171200.66424656045,413.7640200000001
1245.12,703.5005,293351.6827802499,541.6194999999999
1371.62,1305.5769500000001,4361.68445330247,66.04304999999977
879.21,1068.94092,35997.822004046386,189.73091999999997
3707.39,3493.38865,45796.5778018225,214.00135
2342.17,1823.48688,269032.17897293455,518.6831200000001
1063.32,1119.71769,3180.6994373361013,56.39769000000001
1499.76,1592.6847199999997,8635.003587078354,92.92471999999975
3578.67,3198.63234,144428.62301827557,380.03765999999996
3057.04,3022.3862099999997,1200.8851613641207,34.6537900000003
2249.78,2139.81423,12092.470571692955,109.96577000000025
2015.3,1782.68195,54111.15718580252,232.61805000000004
1070.32,1618.02117,299976.571619369,547.70117
1241.43,2230.6390399999996,978534.5248177206,989.2090399999995
974.28,1507.33507,284147.707652705,533.0550700000001
1591.81,1122.11266,220615.59120307554,469.69733999999994
4370.86,2680.87338,2856054.7757790233,1689.9866199999997
2713.97,2897.47258,33673.196866656515,183.5025800000003
922.48,949.0720699999999,707.1381868848958,26.59206999999992
2282.21,2631.50547,122007.32536252092,349.29547
3089.05,2502.8125800000003,343674.3126082563,586.2374199999999
1520.8,1659.98775,19373.229750062514,139.18775000000005
973.4,397.04112,332189.5585548544,576.35888
1604.16,2455.0838,724071.3134064396,850.9237999999998
4660.52,3447.2841,1471941.3490488115,1213.2359000000006
1703.36,2482.56801,607165.1228481602,779.2080100000001
2599.82,2517.01554,6856.578595891648,82.80446000000029
1809.23,1756.5425599999999,2775.966333753616,52.68744000000015
3151.76,2060.75031,1190302.1436738968,1091.0096900000003
865.73,986.16941,14505.651481148088,120.43940999999995
1372.88,1849.98498,227629.16194080026,477.10497999999984
1990.22,1683.93991,93807.49353040809,306.28009
2004.66,1779.3330700000001,50772.225383224875,225.32692999999995
1804.21,3216.4497399999996,1994421.0832352662,1412.2397399999995
1078.75,1568.20903,239570.14204854087,489.45903
1390.85,2189.83411,638375.6080324919,798.9841099999999
806.69,684.14889,15016.3236400321,122.54111
711.87,668.3217,1896.4544328900035,43.54830000000004
2418.13,1948.93476,220144.17323865762,469.19524
2052.0,2440.6014299999997,151011.07139804467,388.6014299999997
4044.97,3238.0207800000003,651167.0436586076,806.9492199999995
1982.45,2062.80492,6456.913168206399,80.35491999999999
1108.74,810.55068,88916.87056206237,298.18931999999995
2189.58,2770.35337,337297.70730115677,580.7733699999999
902.87,1713.8907600000002,657754.6731509779,811.0207600000002
4207.99,2629.6447500000004,2491173.7281975606,1578.3452499999994
3032.11,3069.6524099999997,1409.4325486080672,37.54240999999956
1069.85,1870.39437,640871.288338697,800.5443700000001
1710.53,1201.00104,259619.76107868148,509.52895999999987
1173.7,1942.4734899999999,591012.6789267798,768.7734899999998
2238.37,2558.35472,102390.22103347834,319.9847199999999
1046.94,1538.59854,241728.1199549315,491.6585399999999
1537.86,2199.37557,437602.84935242526,661.5155700000003
2308.98,2001.50058,94543.59372353647,307.4794200000001
2022.08,2517.54979,245490.3128026442,495.4697900000001
2820.61,2726.46825,8862.669093062543,94.14175000000023
1558.21,1540.92184,298.8804761856021,17.28816000000006
1125.21,759.14651,134002.4787109801,366.06349
1472.4,1753.6379100000001,79094.76202116814,281.23791000000006
1906.71,1721.03725,34474.37009256248,185.67274999999995
2150.44,3269.01556,1251211.283429313,1118.5755599999998
1421.53,2373.4739400000003,906197.2649027243,951.9439400000003
793.7,225.23385000000002,323153.76369582245,568.46615
3924.86,2581.4139199999995,1804847.3698673681,1343.4460800000006
2121.38,3004.09238,779181.1458052642,882.7123799999999
1400.1,2026.8370300000001,392799.3047732212,626.7370300000002
1362.89,1372.55347,93.38265244089925,9.663469999999961
1173.41,1342.67429,28650.399869204048,169.26428999999985
2911.76,2378.6696899999997,284185.27861589665,533.0903100000005
2163.62,1834.6203699999999,108240.75654013692,328.99963
3145.35,2324.1853300000002,674311.4152562084,821.1646699999997
3685.92,3507.44064,31854.881946009697,178.47936000000027
1021.19,1683.83604,439099.7743276814,662.6460399999999
2303.6,3180.5140499999998,768978.2510874022,876.9140499999999
1301.54,1247.28113,2944.024973676888,54.25886999999989
1994.43,2265.62082,73544.46085227242,271.19082000000003
1402.78,1664.9286599999998,68721.91993979551,262.14865999999984
2435.96,3019.30602,340292.57904984034,583.34602
2369.2,1572.7195599999998,634381.0913025937,796.48044
1511.05,1313.45471,39043.89863018409,197.59528999999998
2393.82,2080.92321,97904.40119230424,312.89679000000024
2632.8,1745.9433199999999,786514.770860623,886.8566800000003
3704.72,3450.99169,64378.055295456084,253.72830999999996
2411.86,1842.94236,323667.2811031697,568.9176400000001
3625.64,2911.4529,510063.2138064095,714.1870999999996
1221.92,1949.92087,529985.2667207567,728.0008699999998
778.02,1452.7468399999998,455256.30861638533,674.7268399999998
2130.63,2142.92662,151.20686342440186,12.296620000000075
1597.54,2082.3075,234999.52905624994,484.7674999999999
2646.56,2286.7154299999997,129488.11455848505,359.8445700000002
1373.81,1226.08265,21823.369938022468,147.7273499999999
927.21,657.2920799999999,72855.68353712645,269.9179200000001
1569.78,2043.79367,224688.95934686894,474.01367000000005
2033.79,2708.17442,454794.3459387362,674.3844199999999
1951.73,2229.2225500000004,77002.11530550272,277.4925500000004
2597.25,2635.57177,1468.5580559329012,38.321770000000015
1840.99,2367.99878,277738.2541970883,527.0087799999999
3308.96,3515.39007,42613.373800204856,206.4300699999999
1592.34,1660.05942,4585.919845136417,67.71942000000013
3641.87,2492.28501,1321545.6492332998,1149.5849899999998
1868.31,2401.28466,284061.98820211546,532.9746599999999
1844.41,2321.79036,227892.00811372948,477.3803599999999
3722.85,2842.88435,774339.5451799227,879.9656500000001
979.06,659.31449,102237.19116516008,319.74550999999997
2114.91,1998.3165199999999,13594.0395785104,116.59348
1227.61,1279.4375599999998,2686.0959755535946,51.82755999999995
1515.64,2327.19385,658619.6514498225,811.55385
2509.78,2817.61957,94765.20085778467,307.83956999999964
2593.49,2030.5768200000002,316871.2482177119,562.9131799999996
1025.66,2104.66763,1164257.4655982165,1079.0076299999998
3997.08,2600.3213,1950934.8660256895,1396.7586999999999
1619.41,1545.1636799999999,5512.516033542429,74.2463200000002
3187.06,2619.92775,321638.9889900626,567.1322500000001
1303.36,2086.11896,612711.5894602814,782.7589599999999
811.47,658.0811699999999,23528.13316876893,153.3888300000001
1714.09,2052.72921,114676.51454942413,338.63921000000005
2759.96,2370.82413,151426.72532065696,389.13587000000007
967.58,1165.5674,39199.01055875995,197.98739999999987
2600.96,2064.66564,287611.64056780946,536.2943599999999
1277.05,1719.19038,195488.11562654446,442.14038000000005
3286.03,2306.68059,959125.2668673486,979.3494100000003
1212.3,1574.56643,131236.966304945,362.2664300000001
870.3,869.20521,1.198565144099976,1.094789999999989
2407.35,3281.8342299999995,764722.6685186921,874.4842299999996
1124.57,895.3446,52544.28400515996,229.22539999999992
1598.99,1562.01645,1367.043399602495,36.97354999999993
1331.93,2121.69594,623730.2399840836,789.76594
1278.8,2035.14517,572058.0161823289,756.34517
1846.62,1978.7100699999999,17447.78659260489,132.09006999999997
1727.48,1912.7196599999997,34313.7316369155,185.23965999999973
1666.3,2201.66667,286617.47134688904,535.3666700000001
1022.76,1607.9561800000001,342454.5690865926,585.1961800000001
1271.0,1534.46057,69411.47194472488,263.46056999999996
1238.81,2352.0999199999997,1239414.4459736058,1113.2899199999997
2899.27,2492.2133400000002,165695.1244503554,407.05665999999974
1606.35,1862.54881,65637.83024541615,256.1988100000001
3210.04,3042.3513700000003,28119.476631276782,167.68862999999965
1077.41,1387.03584,95868.16079570555,309.6258399999999
1267.45,1980.6286099999998,508623.7297615317,713.1786099999997
3238.47,2732.4530899999995,256053.11320594838,506.0169100000003
3217.95,2910.3629199999996,94609.81178292655,307.58708000000024
1819.3,1543.5716499999999,76026.12299372254,275.7283500000001
1699.19,1877.3898900000002,31755.200796012134,178.1998900000001
638.32,713.7271800000001,5686.242795552406,75.40718000000004
4150.14,3268.5851799999996,777138.9006652337,881.5548200000007
1044.81,657.72246,149836.76362325158,387.08754
1205.71,2282.57746,1159643.5264068514,1076.86746
2778.78,2615.8614499999994,26542.453934102752,162.91855000000078
922.45,1069.54684,21637.48033798558,147.09683999999993
2113.42,1603.4595,260059.71156025014,509.96050000000014
2374.37,2781.9387199999996,166112.2615224382,407.56871999999976
1730.09,2169.49639,193077.975572832,439.4063899999999
1733.86,1615.5469,13997.989631609964,118.31309999999985
3528.88,2643.77604,783409.0200076815,885.1039599999999
3236.72,2460.0569100000002,603205.5553683474,776.6630899999996
1010.68,1504.50972,243867.79235527848,493.82972000000007
3077.86,2751.37432,106592.89924506255,326.48568000000023
1819.89,2340.87328,271423.5780395581,520.9832799999997
860.22,691.11221,28597.44463868411,169.10779000000002
2573.25,3160.8037299999996,345219.3856369125,587.5537299999996
3108.11,2883.79315,50318.04919392257,224.31685000000016
2696.94,2771.5150200000003,5561.433608000433,74.57502000000022
4291.43,2964.34523,1761153.986765954,1327.0847700000004
1947.33,2683.26835,541605.2550007224,735.9383499999999
2263.86,1772.08271,241844.90295974433,491.7772900000002
1898.58,2536.09846,406429.7868407719,637.5184600000002
1742.28,1798.93952,3210.301206630392,56.65951999999993
1940.4,1972.71138,1044.0252775043916,32.31137999999987
616.06,705.77775,8049.274665062504,89.71775000000002
781.86,1078.91276,88240.34222361755,297.0527599999999
2383.36,2588.66428,42149.84738631833,205.30427999999984
2068.46,2610.30699,293598.1605720601,541.84699
2033.82,2485.3216899999998,203853.77607285595,451.5016899999998
1053.8,1759.2640399999998,497679.51173312136,705.4640399999998
1748.73,2671.6113299999997,851709.9492625684,922.8813299999997
1498.64,2330.54273,692062.152181453,831.90273
1996.12,2399.43779,162665.23973048414,403.31779000000006
2064.58,2105.47057,1672.038714924902,40.890570000000025
1778.78,2183.118,163489.21824399996,404.33799999999997
1090.26,1091.8031,2.381157610000293,1.543100000000095
1435.69,1251.52297,33917.49493902092,184.16703000000007
2005.27,1667.05494,114389.42681080359,338.21506
1859.12,1782.78582,5826.907036272374,76.33417999999983
1606.17,1697.2606299999998,8297.502873796844,91.09062999999969
1072.17,2296.8842899999995,1499925.0921302028,1224.7142899999994
1091.82,971.50387,14475.971138176883,120.31612999999993
3596.7,3114.9540199999997,232079.18924616053,481.74598000000015
2574.19,3044.2120899999995,220920.76508796762,470.0220899999995
1064.96,1032.4495,1056.932610250006,32.51050000000009
3350.57,2821.68587,279718.4229658573,528.8841300000004
1373.3,1023.96582,122034.36931627236,349.33417999999995
1833.8,2007.68244,30235.10294035363,173.8824400000001
806.99,1375.9023499999998,323661.2619825223,568.9123499999998
3201.12,2800.23255,160710.7475675023,400.8874499999997
743.27,1911.6618799999997,1365139.5852499336,1168.3918799999997
2438.91,2076.21879,131544.91381126406,362.69120999999996
1176.79,1364.93055,35396.86655430253,188.14055000000008
2308.36,2068.37323,57593.64977503289,239.98676999999998
2188.34,2214.74018,696.9695040323808,26.400179999999636
1514.66,1561.4929200000001,2193.3223957264054,46.83292000000006
1342.28,874.0744500000001,219216.4370508024,468.2055499999999
3222.5,1925.6100000000001,1681923.6720999996,1296.8899999999999
820.17,1212.03066,153554.77685563554,391.86065999999994
1013.29,1568.20903,307935.12985614093,554.91903
3565.22,2248.56031,1733592.739270896,1316.65969
1617.74,2238.69234,385581.80855147564,620.95234
4404.63,2955.96542,2098629.0653465767,1448.6645800000001
1983.47,1876.15657,11516.172258364884,107.31342999999993
1758.86,1591.26823,28087.0013717329,167.59177
1932.04,958.86837,947063.0214368568,973.1716299999999
2370.31,2693.86759,104689.51404660803,323.5575899999999
1474.9,1465.19295,94.22681970249964,9.707049999999981
3081.08,1817.1294799999998,1597570.9170082707,1263.95052
1950.11,1736.93611,45443.10737773201,213.1738899999998
2176.22,2115.8942700000002,3639.1937000328476,60.32572999999957
2158.74,2878.1348199999998,517528.90704283235,719.39482
3141.84,3069.2937,5262.965643689996,72.54629999999997
992.41,1386.05736,154958.24403496963,393.64736000000005
2102.67,2058.1005,1986.4403302500054,44.56950000000006
1675.27,2289.1104,376800.03667216003,613.8404
1420.09,2733.61474,1725347.2425920677,1313.52474
809.17,699.68904,11986.080602521595,109.48095999999998
1618.3,2815.4001399999997,1433048.745188019,1197.1001399999998
1571.9,1638.96481,4497.68874033608,67.06480999999985
1021.04,862.4891,25138.387890809987,158.55089999999996
1656.68,2070.29177,171074.6962825327,413.61176999999975
1744.38,1922.43666,31704.17417035559,178.05665999999997
2174.51,2070.39564,10839.799958209607,104.11436000000003
4352.6,3127.51785,1500826.274248623,1225.0821500000002
2194.22,3317.87379,1262597.8397813647,1123.6537900000003
3284.31,2929.8977,125608.07839128996,354.41229999999996
2375.58,1971.19102,163530.44714544035,404.38897999999995
1016.47,1931.6987100000001,837643.5916082643,915.2287100000001
1080.5,235.83309000000003,713462.188848948,844.6669099999999
1621.58,1877.2860199999998,65385.56866424032,255.70601999999985
1654.25,1702.56025,2333.8802550624996,48.310249999999996
2743.08,1919.7151800000001,677929.6268136321,823.3648199999998
1850.59,1761.48347,7939.973688640904,89.10653000000002
3661.38,2694.29797,935247.652748921,967.08203
1834.68,2350.68343,266259.5397717649,516.00343
931.37,1575.7997500000001,415289.70268506266,644.4297500000001
757.82,983.16089,50778.51670599208,225.34088999999994
991.4,1414.59172,179091.23187655833,423.1917199999999
969.57,1767.58603,636829.5841369607,798.0160299999999
1126.17,560.46858,320018.0965900165,565.7014200000001
2169.05,3027.2554499999997,736516.5944097016,858.2054499999995
698.02,1657.4096100000002,920428.4237759524,959.3896100000002
2172.74,2689.80129,267352.3776164642,517.0612900000001
1444.93,1858.29312,170869.06897613438,413.36312
1234.14,1232.79876,1.7989247376005313,1.341240000000198
1003.82,1917.49575,834803.3761380624,913.67575
1181.12,1608.5835799999998,182725.1122264163,427.46357999999987
1669.57,2149.81827,230638.40083799316,480.2482700000003
2154.19,821.07825,1777186.9379880626,1333.11175
2676.0,2316.6662800000004,129120.72232903814,359.33371999999963
3739.17,3483.59235,65319.93517952259,255.57765000000018
1619.86,1399.05157,48756.36275906482,220.80842999999982
3549.83,2518.7831100000003,1063057.6893786713,1031.0468899999996
763.21,629.7362,17815.255286439995,133.47379999999998
3180.98,3483.59235,91574.23437252242,302.6123499999999
1572.19,1419.81967,23216.71746430889,152.37032999999997
4624.19,2891.3122000000003,3002865.4697328378,1732.8777999999993
1745.55,1851.57701,11241.726849540104,106.02701000000002
3677.97,3525.98931,23098.13013287606,151.98068999999987
1444.69,1711.5674599999998,71223.57865605144,266.8774599999997
2128.05,1406.19806,521070.22328176396,721.8519400000002
2121.54,1792.22341,108449.41644922804,329.3165899999999
1852.31,2301.12613,201435.91854817705,448.81613000000016
1240.76,1748.59313,257894.48792559688,507.83313
3512.28,2311.6215,1441580.83362225,1200.6585
1847.72,1624.55411,49803.01445949209,223.16589
885.98,1051.98428,27557.42097831836,166.00427999999988
2619.1,2468.0063400000004,22829.29409219546,151.09365999999955
1441.4,2185.32358,553422.2928800166,743.9235800000001
2414.68,2390.0002000000004,609.092528039972,24.67979999999943
1610.62,2433.9891900000002,677936.8230412566,823.3691900000003
885.24,1246.47819,130493.02991447612,361.23819000000003
1396.3,2161.47529,585493.224426584,765.1752899999999
1825.68,1531.8107599999998,86359.13021817773,293.8692400000002
2661.65,2450.77029,44470.25208968417,210.87971000000016
1991.79,2039.6556999999998,2291.125236489984,47.86569999999983
1855.66,1785.69047,4895.735128420911,69.96953000000008
2642.9,1746.11886,804216.4130596997,896.78114
2170.13,2051.84697,13990.875185980913,118.28303000000005
1100.94,1379.3412500000002,77507.25600156256,278.4012500000001
2652.49,3162.03705,259638.19616370264,509.5470500000001
2182.1,2352.2754600000003,28959.68718621173,170.17546000000038
2738.26,2636.36086,10383.43473273969,101.89914000000044
2639.04,3816.60765,1386665.5703265225,1177.56765
3162.62,3197.4706899999996,1214.570593476083,34.85068999999976
2578.32,2813.7364399999997,55420.90022227337,235.4164399999995
3350.83,1697.8880299999998,2732217.1561874812,1652.94197
2215.12,2888.03499,452814.5837667004,672.9149900000002
1122.2,2271.97822,1321989.9551863682,1149.77822
1103.42,1972.6791799999999,755611.522014272,869.2591799999998
1945.43,1782.68195,26486.927778802547,162.74805000000015
1436.23,1314.5841599999999,14797.710389305632,121.64584000000013
2620.83,1820.138,641107.678864,800.692
1702.03,2750.57138,1099439.0255723041,1048.54138
2105.25,961.1594699999999,1308943.1408356808,1144.09053
613.8,1540.54928,858864.2279805184,926.74928
3113.06,2857.36672,65379.05343715838,255.69327999999996
2063.99,1719.0865099999999,118958.41741418005,344.9034899999999
2519.23,2583.4363300000005,4122.452812068956,64.20633000000043
1921.21,2444.4128899999996,273741.26410435163,523.2028899999996
1622.47,2671.25262,1099944.9840140648,1048.7826200000002
735.84,636.88269,9792.549202436101,98.95731
960.97,682.7324,77416.16205376002,278.23760000000004
2888.84,2133.02645,571254.122363603,755.8135500000003
952.06,1143.2072699999999,36537.27882845287,191.14726999999993
1053.24,1512.4591500000001,210882.22772672263,459.2191500000001
1341.85,1112.5711999999999,52568.768129440024,229.27880000000005
1445.64,2171.97066,527556.2276560353,726.3306599999999
1287.19,2772.93151,2207427.8345370796,1485.7415099999998
2307.03,2023.65297,80302.54113162096,283.3770300000001
1469.55,1927.20203,209445.38056312088,457.65202999999997
3439.35,2882.30499,310299.1431658999,557.0450099999998
1683.71,2170.91288,237366.64628029423,487.2028799999998
1601.38,2344.22216,551814.4746734651,742.8421599999997
3103.94,2550.15045,306682.86568920244,553.78955
1162.13,1978.44138,666364.2691175042,816.3113799999999
1307.27,1182.88275,15472.187962562499,124.38725
924.27,947.65558,546.8853519364002,23.385580000000004
2657.7,3191.11329,284529.73794862407,533.41329
1942.01,2052.9047499999997,12297.645577562434,110.8947499999997
1746.13,1472.88754,74661.44194685169,273.24246000000016
1246.39,2400.33075,1331579.2545105624,1153.94075
3178.47,3528.63912,122618.41260157441,350.16912
1331.42,1375.20328,1916.9756075583891,43.78327999999988
741.47,286.17948,207289.4576018704,455.29052
3001.88,2055.55456,895531.8383911938,946.3254400000001
4047.23,2883.43444,1354420.1054757137,1163.79556
1152.82,1443.56409,84532.12586992819,290.74409000000014
2067.93,1860.25771,43127.78003384399,207.67228999999975
3180.08,1996.20096,1401569.5813513217,1183.87904
1772.41,1645.6809199999998,16060.259717646475,126.7290800000003
3580.39,2532.9144,1097205.1325953596,1047.4755999999998
2198.72,1937.17387,68406.37811797675,261.5461299999997
767.7,1050.9981699999998,80257.85312534879,283.2981699999998
1294.44,1243.57354,2587.396752931596,50.86645999999996
1305.1,1114.1632299999999,36456.85013803291,190.93677000000002
2192.3,1643.7301799999998,300928.84741483285,548.5698200000004
1262.5,2250.77974,976696.8444944675,988.27974
1285.72,1245.6890999999998,1602.472954810016,40.0309000000002
3007.57,2896.05609,12435.352123488128,111.51391000000012
3680.41,2548.38288,1281485.4004154939,1132.0271199999997
1414.79,2321.26683,821700.2433268491,906.4768300000001
2240.56,1808.1222699999998,187002.39032755297,432.4377300000001
2123.58,1964.72975,25233.401925062488,158.85024999999996
1215.74,773.45334,195617.48961395558,442.28666
1158.66,2310.30888,1326295.1428052543,1151.64888
1207.62,994.81791,45284.72950836806,212.8020899999999
3172.25,2255.97549,839558.9776757405,916.2745100000002
1625.86,1215.41174,168467.7741370275,410.4482599999999
2141.31,1742.23573,159260.27297603278,399.07426999999984
723.58,1365.3031099999998,411808.5499080718,641.7231099999998
2295.01,2227.18629,4600.055638164116,67.82371000000012
3518.41,2383.5389299999997,1287932.3455229453,1134.8710700000001
1474.41,1609.7130300000001,18306.90992718091,135.30303000000004
1303.02,1528.46188,50824.041257934434,225.44188000000008
1086.22,861.25578,50608.90028020843,224.96422000000007
1193.33,1796.5584000000001,363884.50256656023,603.2284000000002
2143.44,2038.59792,10991.861738726426,104.84208000000012
2723.46,2433.91752,83834.84772455043,289.54248000000007
4094.12,2948.1915299999996,1313152.0583565417,1145.9284700000003
1747.42,1630.94371,13566.726132164114,116.47629000000006
741.91,823.79973,6705.927879472898,81.88972999999999
2579.31,2824.5112200000003,60123.63828948858,245.20122000000038
1113.69,1936.9983300000001,677836.606247389,823.3083300000001
1290.25,2234.88088,892327.4994495747,944.6308800000002
710.97,586.17759,15573.145593608104,124.79241000000002
1611.04,2196.36705,342607.75546170236,585.3270499999999
1123.91,1375.9023499999998,63500.14445852238,251.99234999999976
1582.67,1576.9614,32.588113960001834,5.70860000000016
1520.95,1877.8202700000002,127356.38960987299,356.8702700000001
1547.16,1168.21721,143597.63809298415,378.94279000000006
1633.89,2123.2163,239440.22787168995,489.32629999999995
1690.59,1677.0482599999998,183.3787222276032,13.541740000000118
2448.02,2299.70964,21995.962883329583,148.31035999999995
1682.72,1925.44518,58915.51300603236,242.7251799999999
902.13,2002.8848699999999,1211661.2838287163,1100.7548699999998
1896.88,1757.60034,19398.823689715642,139.27966000000015
1868.87,1478.8145599999998,152143.24627359366,390.0554400000001
1270.41,1578.80827,95109.49293899284,308.3982699999999
2037.33,1585.79307,203885.59915382488,451.53693
2050.81,449.17656,2565229.676126234,1601.63344
3410.75,2207.75538,1447196.0557489442,1202.99462
1807.73,2634.51399,683571.76612032,826.7839899999999
1644.05,2118.97446,225553.24270629155,474.92445999999995
706.12,758.34357,2727.3012635448995,52.223569999999995
1703.34,2317.6523899999997,377379.7125075119,614.3123899999998
1370.99,1796.73394,181257.90244672366,425.74394000000007
1138.18,1884.00213,556250.6495977369,745.82213
1096.81,372.76245,524244.8546610025,724.04755
1690.47,1363.4423900000002,106947.05770231201,327.02760999999987
2059.78,1822.17426,56456.48768094769,237.6057400000002
1665.04,2085.06118,176417.79164859257,420.0211800000002
2664.08,2571.34893,8599.051343344867,92.73106999999982
4666.74,3451.79463,1476092.2520844366,1214.94537
1234.73,1486.06492,63169.24201140641,251.33492
622.05,616.9175299999999,26.342248300900124,5.132470000000012
1668.69,1641.08037,762.2916687369084,27.609630000000152
2430.88,2121.26556,95861.10145651377,309.6144400000003
3057.74,2096.89374,923225.5353559873,960.8462599999998
2332.92,1612.46671,519052.9430718243,720.4532900000002
2579.94,2244.3184699999997,112641.81139954114,335.62153000000035
1882.17,1160.1961099999999,521246.2978417324,721.9738900000002
1895.8,1628.19003,71615.09604340089,267.60997
1068.07,1271.05775,41204.0266500625,202.98775
835.09,1207.89269,138981.845671236,372.80268999999987
3068.68,2556.33231,262500.15544833615,512.3476900000001
2690.32,2890.5809299999996,40104.44008446469,200.26092999999946
1459.8,1426.24874,1125.6870475875971,33.55125999999996
1180.95,653.58449,278114.3811375602,527.3655100000001
1616.38,1121.5784099999998,244828.61346652836,494.80159000000026
1700.83,2234.52217,284827.3323193092,533.6921700000003
1400.87,1694.43528,86180.57362147841,293.56528000000003
1029.08,1867.04549,702186.1624309402,837.96549
862.44,2345.63865,2199878.235361822,1483.1986499999998
2064.45,2288.57615,50232.53111382252,224.12615000000005
1933.14,2418.41684,235493.61144038537,485.27683999999977
1078.7,1932.23296,728518.5138063616,853.53296
2183.51,2132.32738,2619.6605900644045,51.18262000000004
812.0,1554.95998,551989.5318816005,742.9599800000001
2540.85,2605.0073700000003,4116.168125316945,64.15737000000036
1519.0,1202.23436,100340.47068460965,316.7656400000001
3407.81,3038.6437800000003,136283.6979890881,369.1662199999996
1876.46,1966.14624,8043.6216453376,89.68624
1753.85,2951.63043,1434677.9584909854,1197.7804300000003
1789.03,1527.5689200000002,68361.8963547663,261.4610799999998
3518.17,1881.7827,2677763.3956012903,1636.3873
1053.09,1554.06702,250977.97456808045,500.97702000000004
2403.77,2792.64183,151221.30016754894,388.87183000000005
1762.18,2183.118,177188.7998439999,420.9379999999999
1479.07,2429.1199500000002,902594.9074950031,950.0499500000003
1936.37,2026.73316,8165.50068518562,90.36316000000011
2453.95,2607.10908,23457.70378644651,153.15908000000036
2622.6,3216.4497399999996,352657.51369806717,593.8497399999997
2899.29,2272.6772899999996,392643.4883335445,626.6127100000003
2631.24,2441.7630799999997,35901.503212686424,189.47692000000006
2721.03,2921.94827,40368.151219792766,200.91826999999967
1644.58,2313.84093,447910.1924244648,669.2609299999999
2102.31,2316.2359,45764.29069081008,213.92590000000018
971.99,1438.26447,217411.88137378095,466.27447000000006
1828.64,1839.7444500000001,123.30880980250095,11.104450000000043
1698.59,1954.75791,65621.99811376816,256.1679100000001
3262.72,3041.29359,49029.65504548791,221.42640999999958
1526.39,2007.75411,231711.4063960921,481.36411
1717.38,1240.74819,227177.8823038762,476.6318100000001
1497.63,1314.51249,33532.02246860012,183.11751000000004
1551.03,2691.21778,1300028.1736613284,1140.18778
2029.05,1744.7816699999998,80808.48344098896,284.2683300000001
1999.29,1343.83594,429620.0247704836,655.45406
866.68,988.81922,14917.989062208406,122.13922000000002
3508.11,2535.30937,946341.0657283972,972.8006300000002
907.42,1540.1189,400307.89806121,632.6989
1270.44,2281.5196800000003,1022282.119308903,1011.0796800000003
2967.18,1870.1256799999999,1203528.1810306623,1097.05432
1985.49,2475.2245000000003,239839.88049025025,489.73450000000025
2016.36,2060.78251,1973.359394700109,44.4225100000001
821.09,317.54681999999997,253555.73412451247,503.54318000000006
1974.25,2720.62053,557068.9680524811,746.3705300000001
1729.36,1161.42943,322545.13234052487,567.93057
1262.3,2082.3075,672412.30005625,820.0074999999999
2172.38,2504.92814,110588.26541745952,332.5481399999999
2212.83,2843.4186,397641.9824499601,630.5886
2072.95,2761.27449,473790.60353376006,688.32449
1250.65,2355.8075099999996,1221373.121909399,1105.1575099999995
2723.25,2129.31886,352754.1990616998,593.9311400000001
913.06,648.28487,70105.86946651689,264.77513
1271.45,1303.9849199999999,1058.5210194063889,32.53491999999983
893.66,2095.12617,1443520.9576544692,1201.4661700000001
3290.72,2600.39297,476551.4083486208,690.3270299999999
1209.62,2419.9372000000003,1464867.724615841,1210.3172000000004
1225.73,726.61752,249113.2676917504,499.11248
1466.92,1225.02487,58513.25391771695,241.8951300000001
1136.96,1720.93338,341024.9085486243,583.9733799999999
1530.69,840.86024,475865.0977816577,689.8297600000001
1693.11,1835.94684,20402.362861185647,142.83684000000017
2712.55,2268.52547,197157.78324172102,444.02453000000014
1196.6,1736.83224,291850.87313541764,540.23224
1137.81,1183.05829,2047.4077479240998,45.24829
1700.73,1441.08982,67413.02307043245,259.6401800000001
1206.82,534.77342,451646.6056896963,672.04658
2046.5,2607.65718,314897.38066555257,561.1571800000002
2150.28,1550.4633,359780.0735988904,599.8167000000003
1835.33,1939.82368,10918.929159942409,104.49368000000004
3243.85,2616.29183,393829.25673374865,627.5581699999998
1504.23,1975.32899,221934.25837902006,471.09898999999996
711.49,349.34454,131149.3341986116,362.14546
1393.83,892.6231200000001,251208.33655933425,501.20687999999984
1925.49,2947.38859,1044276.7282439881,1021.89859
2834.03,2427.45625,165302.2141890625,406.57375
1174.64,1523.16226,121467.76571550757,348.52225999999996
1987.88,2382.30561,155571.56182387192,394.4256099999998
2322.99,2860.01653,288397.493923841,537.0265300000001
731.74,288.39891,196551.3220823881,443.34109
2351.21,2895.6257100000003,296388.4652948043,544.4157100000002
908.91,1384.21049,225910.55579424006,475.30048999999997
2423.0,2675.31892,63664.83738996648,252.31892000000016
2125.67,1743.9925799999999,145677.65293785656,381.6774200000002
719.78,1541.60706,675399.7165482438,821.8270600000001
2712.13,2078.2734,401774.1893635601,633.8566000000001
813.05,932.8145,14343.53546025,119.7645
1389.0,714.09974,455490.3609480676,674.90026
3716.41,3565.73646,22702.51565613153,150.67353999999978
1236.21,1531.8107599999998,87379.80931257749,295.6007599999998
2352.03,2166.24066,34517.6788576357,185.78934000000027
1249.94,1937.17387,472290.39207517693,687.23387
1067.81,1122.0087899999999,2937.508837464091,54.19878999999992
1393.45,1410.4537500000001,289.12751406250277,17.003750000000082
1684.77,1981.6863899999998,88159.34265063202,296.91638999999986
1026.51,1639.21965,375413.1152031225,612.70965
2420.56,1278.64847,1303961.9423469405,1141.9115299999999
1097.07,1069.11646,781.4003985315986,27.953539999999975
4567.76,2619.40422,3796090.2454594094,1948.3557800000003
2376.75,2706.7579299999998,108905.23386288474,330.00792999999976
1110.4,895.70331,46094.66869695614,214.6966900000001
1110.9,1669.60088,312146.6733127743,558.7008799999999
2204.41,2572.8370900000004,135738.52064586853,368.4270900000006
2570.89,2501.22055,4853.832263302482,69.66944999999987
1458.09,1686.6613899999998,52244.880326532024,228.57138999999984
2120.42,2445.90105,105937.91390910241,325.48104999999987
2246.02,2581.51779,112558.76709488402,335.4977899999999
2336.06,2766.1437300000002,184972.01481071315,430.0837300000003
2504.53,2774.59521,72935.21765234397,270.06520999999975
2252.82,2391.84707,19328.5261927848,139.02706999999964
2110.91,1694.9695299999998,173006.4745838209,415.94047
3114.12,2430.80513,466919.21156311646,683.3148699999997
1722.44,2009.7048499999999,82521.09404552239,287.2648499999998
3210.46,2898.20385,97503.9032128226,312.25615000000016
787.95,309.59739,228821.21949381212,478.35261
1055.33,1460.6246,164263.71278916014,405.2946000000002
633.79,1036.15709,161899.27511506807,402.36708999999996
1063.95,1306.99344,59070.11372703356,243.04343999999992
1335.76,1680.75585,119022.13651722252,344.99585
3742.79,2737.49787,1010612.2666399365,1005.2921299999998
1271.07,438.57732,693044.0622535823,832.49268
2642.39,3099.8580999999995,209277.06251760962,457.4680999999996
1978.26,2591.38576,375923.19757557777,613.1257600000001
2588.29,2951.09618,131628.32424619244,362.80618000000004
909.36,1834.18999,855310.5104034002,924.8299900000001
2231.53,2000.3389300000001,53449.310847744935,231.19107000000008
648.37,620.62512,769.7783662143981,27.744879999999966
1940.94,2719.93531,606833.6930019958,778.9953099999998
3538.61,3350.7292899999998,35299.161190104234,187.88071000000036
2582.19,2693.06465,12293.188012622444,110.87464999999975
3236.66,2648.19342,346292.9157768962,588.4665799999998
2710.13,1738.1694300000001,944707.3496347248,971.96057
1710.47,2174.19009,215036.32186960813,463.72009
1841.68,2259.89082,174900.2899650724,418.21082
726.25,701.71145,602.1404361024994,24.538549999999987
1229.28,1653.63035,180073.21954512244,424.35034999999993
3528.87,2277.17397,1566742.951517761,1251.69603
957.11,2414.63758,2124386.646460656,1457.52758
2518.77,1802.2884,513345.8831385601,716.4816000000001
1132.67,961.51818,29292.945489312417,171.15182000000004
2382.01,2324.44017,3314.2853262289423,57.569830000000366
1640.55,1587.56064,2807.8722732096035,52.98936000000003
1056.24,1388.45233,110365.03220402895,332.21233000000007
1733.08,1627.8313199999998,11077.284641742432,105.24868000000015
1708.96,2465.6113699999996,572521.2957228763,756.6513699999996
1586.07,1372.8083100000001,45480.54842165602,213.26168999999982
2622.93,3197.9010699999994,330591.73133694445,574.9710699999996
1686.83,1580.66899,11270.160044220107,106.16101000000003
3040.12,2502.8125800000003,288699.263587056,537.3074199999996
1564.23,2491.12336,859131.3008120897,926.89336
1545.83,2334.51588,622025.4173113744,788.68588
804.79,1005.7758600000001,40395.31591993965,200.98586000000012
2141.24,1734.9853699999999,165042.82439643683,406.2546299999999
2190.08,2092.58023,9506.20515005288,97.4997699999999
1588.01,1383.4075500000001,41862.162546002444,204.60244999999986
1495.5,1497.4671,3.8694824100002876,1.9671000000000731
2100.84,2718.9492,382058.98312463984,618.1091999999999
2705.75,2255.54511,202684.44297991207,450.20489
894.98,660.37227,55040.786975752926,234.60773000000006
861.72,1204.08123,117211.21180711288,342.36123
2756.51,3132.88914,141661.2570271396,376.37914
1146.42,473.45523000000003,452881.58166115294,672.96477
1959.66,2224.98071,70395.07915490396,265.32070999999974
1424.97,1614.9409799999999,36088.97324216033,189.97097999999983
3541.45,3288.72588,63869.48082977433,252.72411999999986
3749.83,2962.85707,619326.3925527848,786.9729299999999
3651.4,2316.92112,1780833.8811660546,1334.4788800000001
1441.56,1917.03317,226074.73538984888,475.47317
2006.15,1319.81211,471059.6992496521,686.33789
1122.96,960.90463,26261.942945836912,162.05537000000004
2626.64,2538.3895600000005,7788.140160193484,88.25043999999934
1542.33,2364.36286,675738.02291978,822.0328600000003
1250.31,1330.48302,6427.713135920392,80.17301999999995
1363.1,1639.21965,76242.06111612255,276.1196500000001
1717.18,2659.42006,887816.3306688033,942.2400599999999
2263.51,1997.15487,70945.05527731698,266.35513000000014
1346.37,1053.2176,85938.32962575997,293.15239999999994
3274.56,3031.8238,58920.86279043992,242.73619999999983
1122.36,1773.92958,424542.9175813765,651.5695800000001
3673.78,3345.4296699999995,107813.93921110933,328.35033000000067
767.6,656.2343000000001,12402.319136489989,111.36569999999995
966.2,1095.61456,16748.128339993586,129.41455999999994
4193.04,3325.89489,751940.641796912,867.1451099999999
2512.65,2440.0779,5266.70969840998,72.57209999999986
1183.91,2419.83333,1527506.4776382886,1235.9233299999999
2407.73,2519.7692199999997,12552.786818208324,112.03921999999966
1770.2,1981.71859,44740.11391558806,211.5185899999999
1257.85,1910.50023,425952.32271905313,652.6502300000002
540.06,1092.16181,304816.4086052762,552.1018100000001
1330.29,2298.1176100000002,936690.2826783126,967.8276100000003
1501.09,1153.3044599999998,120954.78183309166,347.7855400000001
1262.62,1915.97539,426873.26564205234,653.3553900000002
2871.54,2377.10986,244461.16334041953,494.43013999999994
1831.26,1957.8703,16030.168066090013,126.61030000000005
1312.14,1365.83736,2883.406470969588,53.69735999999989
1904.9,2158.72161,64425.40970299208,253.82160999999996
2707.62,2221.95834,235867.24799395536,485.66165999999976
1267.77,2164.02123,803266.2672765126,896.2512299999999
1846.86,544.56972,1695959.9733824783,1302.29028
1207.04,1535.51835,107898.02641872255,328.4783500000001
1053.39,1554.8561100000002,251468.25947853219,501.46611000000007
2604.09,2142.46404,213098.52694592188,461.6259600000003
1849.55,1727.1398100000001,14984.254615836058,122.41018999999983
994.86,1153.80651,25263.99304118006,158.94650999999988
1835.99,2088.84044,63933.345008193566,252.85043999999994
1464.77,1112.5711999999999,124043.99472144009,352.1988000000001
1247.41,2149.7144,814153.2302593596,902.3043999999998
1248.97,2021.89612,597414.7869782546,772.9261200000001
1930.75,2530.69497,359933.9670283009,599.94497
1933.61,2514.89998,337898.0408484007,581.2899800000002
1554.19,1530.3226,569.6527827600042,23.86740000000009
4780.75,3359.91204,2018780.5085769612,1420.8379599999998
1019.37,1798.15043,606498.9581509847,778.7804299999999
1805.03,2685.1152199999997,774549.9944624479,880.0852199999997
1358.56,1745.68848,149868.46002711047,387.1284800000001
1060.97,1393.3932399999999,110505.2104920975,332.42323999999985
2164.03,2751.8046999999997,345479.0979600894,587.7746999999995
2580.57,2825.569,60024.5100009999,244.9989999999998
1752.81,2943.681,1418173.7386410001,1190.871
1657.8,2069.05845,169133.51269640253,411.25845000000004
874.48,678.49056,38411.86059151362,195.98944000000006
1304.73,1574.2077199999999,72618.24157639833,269.47771999999986
1162.06,1877.8202700000002,512312.7641104732,715.7602700000002
1219.58,1929.58315,504104.4730099225,710.00315
3019.31,2175.42341,712144.5767818282,843.8865900000001
730.98,1843.1971999999998,1237027.0999758395,1112.2171999999998
1540.81,1038.00396,252813.91386048155,502.80603999999994
1667.62,2119.50871,204203.40622546425,451.8887100000002
2390.69,2614.37329,50034.214225224074,223.68328999999994
1714.24,2639.8136099999997,856686.5075284315,925.5736099999997
954.61,710.64699,59517.950248260124,243.96301000000005
3989.56,3127.51785,743116.6683766221,862.0421499999998
1096.87,1648.33073,304108.9367321329,551.46073
1282.15,2009.2744699999998,528709.9948727805,727.1244699999997
1849.78,1541.35222,95127.6954757284,308.42778
667.67,1580.92383,834032.5580096688,913.25383
670.22,808.6899599999999,19173.929822401573,138.4699599999999
1239.6,2257.67139,1036469.3551365322,1018.0713900000001
3611.62,3217.68306,155186.31269656363,393.93694000000005
1304.84,2072.86991,589869.942654608,768.02991
2840.11,1827.7287199999998,1024915.8560944389,1012.3812800000003
871.7,967.26203,9132.101577720889,95.56202999999994
2952.28,2085.86412,750676.4771161744,866.41588
1779.25,1680.3039899999999,9790.312894920122,98.94601000000011
2341.42,986.59979,1835537.8014244444,1354.82021
662.85,367.89321,86999.5079671041,294.95679
2800.81,2445.47067,126266.03944484875,355.3393299999998
4351.29,3420.786,865837.6940159998,930.5039999999999
2581.1,2816.3862499999996,55359.619439062335,235.28624999999965
1381.73,1934.34852,305387.2286469904,552.61852
3021.48,2679.8156,116734.56222736007,341.6644000000001
3105.7,2464.01934,411754.06941803556,641.68066
1221.84,1691.4267599999998,220511.72516729753,469.5867599999999
1525.47,1708.9176499999999,33653.04029052244,183.44764999999984
4131.44,3265.9353699999997,749098.2645514368,865.5046299999999
1719.05,1660.16329,3467.644614624099,58.886709999999994
3059.52,2822.9191899999996,55979.94329265627,236.60081000000037
1069.86,1911.03448,707574.5058032706,841.1744800000001
2460.07,2460.38342,0.09823209639996926,0.31341999999995096
2611.93,2575.4152299999996,1333.3284281529166,36.514770000000226
1059.14,2022.59519,928245.9031379359,963.4551899999999
1453.02,2141.0797500000003,473426.219570063,688.0597500000003
1239.21,1537.6446300000002,89063.22838323702,298.4346300000002
4627.19,2897.1138699999997,2993163.4155957764,1730.07613
984.4,967.62074,281.54356614760076,16.779260000000022
1609.44,2329.84366,518981.4333413955,720.40366
1633.18,1737.00778,10780.207899728368,103.82777999999985
1812.39,2341.5006799999996,279958.1116900619,529.1106799999995
1106.96,727.77917,143778.10183948893,379.18083
1035.94,744.7358099999999,84799.88027355619,291.20419000000015
1184.96,1119.35898,4303.493825040408,65.60102000000006
2905.91,2587.50263,101383.25327031684,318.4073699999999
1921.74,1909.1159400000001,159.36689088359677,12.624059999999872
1528.12,1003.30159,275434.36347492796,524.8184099999999
2784.03,1616.70855,1362639.367630103,1167.3214500000001
2424.54,1663.97475,578459.4995075623,760.5652499999999
3692.91,2940.49694,566125.4128585634,752.4130599999999
2389.22,2188.41762,40321.59581366425,200.80237999999963
2511.99,2925.0284599999995,170600.7694391714,413.03845999999976
1278.27,1316.90746,1492.8533152515938,38.63745999999992
565.21,196.08594000000002,136252.5716708836,369.12406
1184.72,1172.45905,150.33089490250228,12.260950000000093
4456.67,3684.54753,596173.1086789013,772.1224700000002
4073.02,3428.73543,415102.60714008467,644.2845699999998
1064.98,2107.31744,1086467.3388257532,1042.3374399999998
3479.25,3393.12625,7417.300314062534,86.1237500000002
2628.11,2571.24506,3233.6214012035925,56.86493999999993
1394.51,1828.35612,188222.45583905434,433.8461199999999
2943.7,3280.77645,113620.53314460251,337.07645
1723.05,2202.8144700000003,230173.94667438118,479.7644700000003
2674.77,2465.6113699999996,43747.332503477046,209.15863000000036
833.55,591.83592,58425.69647024638,241.71407999999997
944.48,612.67569,110094.10013457609,331.80431
2166.48,3287.5642299999995,1256829.8507546918,1121.0842299999995
2529.57,3263.7159399999996,538970.2612184827,734.1459399999994
1598.61,1876.0527,76974.45178329003,277.44270000000006
2046.74,2884.22353,701378.6630212612,837.4835300000002
2013.22,1365.03442,420144.5461199365,648.1855800000001
1608.71,1816.87464,43332.51734632959,208.16463999999996
3246.08,2603.0427799999998,413496.8663053286,643.0372200000002
3280.83,2436.5673300000003,712779.4559555283,844.2626699999996
1627.12,2753.75544,1269307.4146639938,1126.63544
1530.01,1468.21532,3818.5824763023966,61.79467999999997
1262.87,1380.5029,13837.499162410015,117.63290000000006
1407.15,1109.92139,88344.84660253217,297.2286100000001
1595.03,2676.91095,1170466.3899729024,1081.88095
2842.93,2345.3838100000003,247552.21118351567,497.54618999999957
3204.59,2801.7207099999996,162303.66482510453,402.86929000000055
1650.27,904.88606,555597.2180099235,745.3839399999999
2375.02,2312.88702,3860.5072036803826,62.13297999999986
611.42,269.85024000000004,116669.90094645755,341.5697599999999
2065.23,2255.2764199999997,36117.64175481627,190.04641999999967
1375.73,1673.2368,88510.29604623994,297.5067999999999
938.28,1625.9705999999999,472918.36132835987,687.6905999999999
3663.96,3529.0695000000005,18195.44699024987,134.89049999999952
850.74,554.37987,87829.32665361691,296.36013
910.92,950.30539,1551.2089454521024,39.38539000000003
2522.94,2173.66656,121991.93588943356,349.27343999999994
1186.13,1538.52687,124183.55398579677,352.3968699999998
2480.7,2864.08283,146982.3943388089,383.38283
1614.73,2054.3212399999998,193240.45828473737,439.59123999999974
1990.61,1290.83974,489678.4167804676,699.77026
1847.28,1577.84364,72595.95209004956,269.4363599999999
1771.72,2002.38282,53205.336530352404,230.66282
1100.03,1934.34852,696087.3928149905,834.31852
872.81,1066.36278,37462.678645728396,193.55277999999998
1399.99,1269.4657200000001,17036.587669518365,130.52427999999986
2429.79,3205.8504999999996,602269.8996602494,776.0604999999996
3423.4,2703.0503400000002,518903.6326621154,720.3496599999999
4307.34,2525.7679099999996,3173999.11186697,1781.5720900000006
1866.34,1343.30169,273569.073727656,523.0383099999999
2814.4,2535.56421,77749.39778492415,278.8357900000001
1486.31,2755.8709999999996,1611785.1327209992,1269.5609999999997
2341.11,2373.2983999999997,1036.0930945599707,32.18839999999955
2614.9,2734.8480600000003,14387.537097763641,119.94806000000017
2036.51,2317.82793,79139.77773948487,281.31792999999993
1771.0,1756.18385,219.51830082250316,14.816150000000107
1537.19,1309.81879,51697.66713686411,227.37121000000002
1563.12,2234.52217,450780.8738807093,671.4021700000003
774.9,685.81259,7936.566620508096,89.08740999999998
1786.42,1663.8708799999997,15018.286812774488,122.54912000000036
1575.73,2741.56417,1359169.3119395892,1165.83417
2895.16,1771.02493,1263679.6556039045,1124.1350699999998
1049.01,829.52973,48171.58891927291,219.48027000000002
1259.82,828.04157,186432.61261326485,431.77842999999996
1082.32,1197.72383,13318.043978668893,115.40382999999997
1710.5,1236.61022,224571.52358844838,473.88978
4211.7,2535.13383,2810874.1223884677,1676.5661699999996
1463.84,1830.1236900000001,134163.74156001626,366.2836900000002
1273.63,1950.24738,457811.0789180643,676.6173799999999
2091.64,2094.24393,6.780451444901138,2.6039300000002186
1387.91,2419.9372000000003,1065080.1415398405,1032.0272000000002
2346.48,2203.51354,20439.408684931626,142.9664600000001
1304.58,1256.64705,2297.56769570249,47.93294999999989
2189.81,1709.4519,230743.90423560992,480.3580999999999
3328.15,2522.06032,649780.5722025025,806.08968
2570.84,1339.95281,1515083.2745060965,1230.8871900000001
1931.56,2050.50978,14149.050162048381,118.94977999999992
998.13,804.19328,37611.451364358414,193.93672000000004
725.36,283.52967,195214.0405079089,441.83033
1519.79,1952.64235,187361.1569005226,432.8523500000001
2907.11,2169.06601,544708.9311751203,738.0439900000001
4248.29,3434.03505,663011.1235995025,814.25495
886.03,1488.7864,363315.27774096,602.7564
1909.09,2091.95283,33438.814595608994,182.86283000000026
1259.49,1256.64705,8.082364702499849,2.8429499999999734
3454.14,2977.69815,226996.8364314222,476.4418499999997
4000.14,3131.6558199999995,754264.7709102731,868.4841800000004
1422.15,1469.80735,2271.2230090224953,47.65734999999995
1169.69,1902.6546700000001,537237.207468209,732.9646700000001
2512.63,3195.2512599999995,465971.78460398683,682.6212599999994
845.62,1124.22822,77622.54025156838,278.60821999999996
1563.91,1240.81986,104387.23856521961,323.09014
1413.55,2321.26683,823949.843465249,907.7168300000001
797.99,1336.51391,290008.001641688,538.5239099999999
2746.41,2979.18631,54184.81049721619,232.7763100000002
1645.52,2045.31403,159835.26642364092,399.79403
1152.75,1417.24153,69955.76944174091,264.49153
1163.61,1176.16664,157.6692080896004,12.556640000000016
2356.02,2829.81084,224477.7600679057,473.7908400000001
1789.57,2268.8980300000003,229755.36034368124,479.32803000000035
2294.4,1802.82265,241648.2910330225,491.57735
1680.19,2015.63187,112521.24814909682,335.4418699999999
1425.39,1926.3990900000001,251010.1082626281,501.00909
2934.04,3127.51785,37433.678440622585,193.47785000000022
1769.44,1792.85081,548.0660248560932,23.410809999999856
540.51,866.5554,106305.60286115998,326.0454
2945.67,2861.0026399999997,7168.561849369663,84.66736000000037
2552.12,2501.6509300000002,2547.1270266648644,50.46906999999965
1912.19,1709.90376,40919.722893337654,202.28624000000013
608.7,404.99055000000004,41497.5400193025,203.70945
2585.31,2624.24126,1515.6430051875875,38.93125999999984
1530.26,2200.0746400000003,448651.65195832995,669.8146400000003
1933.77,1424.38802,259470.0015487203,509.3819799999999
1291.1,739.00581,304807.994631756,552.0941899999999
1272.79,929.36175,117942.96289806245,343.42824999999993
1686.1,2259.89082,329235.90511627257,573.7908200000002
1738.08,2027.89481,83992.62409533614,289.8148100000001
1519.55,2328.2516299999997,653998.3263646566,808.7016299999998
1506.5,1403.5482499999998,10599.062828062535,102.95175000000017
1656.32,2342.1066,470303.2607395602,685.7866000000001
1372.58,1332.0033799999999,1646.4620906244038,40.57662000000005
1993.7,2001.3250399999997,58.14123500159499,7.625039999999672
1406.23,2340.87328,873558.060849158,934.6432799999998
3639.65,2792.64183,717422.840046749,847.0081700000001
910.65,1268.40794,127990.74363304366,357.7579400000001
4448.16,3721.64487,527824.2341189166,726.5151299999998
2651.36,1846.2773899999997,648158.0089244128,805.0826100000004
1464.43,1124.33209,115666.58838636806,340.09790999999996
2061.81,1764.1332799999998,88611.4296299585,297.67672000000016
1220.44,863.4752100000001,127423.8612997441,356.96479
3530.16,3222.98268,94357.90592238227,307.1773199999998
2008.11,1744.88554,69287.11634229156,263.2244599999999
1062.24,1382.7939999999999,102754.86691599991,320.55399999999986
1669.82,1411.8702400000002,66538.07868405747,257.94975999999974
3508.18,2906.5836600000002,361918.1563013951,601.5963399999996
1175.6,1096.67234,6229.575513075573,78.92765999999983
971.08,1678.9668,501103.72161423985,707.8867999999999
2693.45,2448.7264000000005,59889.64039695968,244.72359999999935
1790.42,1185.7080999999998,365676.4820016103,604.7119000000002
1943.86,1632.60741,96878.17478170799,311.2525899999998
933.14,1445.1561199999999,262160.5071398543,512.0161199999999
1040.45,1615.3713599999999,330534.5701842494,574.9213599999998
4549.32,3422.6467199999997,1269392.6798659584,1126.67328
3126.72,2889.1644399999996,56432.644086913715,237.55556000000024
1560.52,2268.8980300000003,501799.4333866813,708.3780300000003
1539.21,1830.64722,84935.65320132842,291.43722
1945.04,1323.69524,386069.31077945756,621.34476
675.85,1045.52301,136658.13432246016,369.6730100000001
1250.57,1040.39893,44171.878664944845,210.17106999999987
1438.6,1755.92901,100697.7005875802,317.32901000000015
2110.71,2060.75031,2495.970624896114,49.95969000000014
1602.12,2087.71099,235798.60956918023,485.59099000000015
1592.09,1215.41174,141886.51155662752,376.6782599999999
4058.7,2623.00794,2061211.6911470431,1435.6920599999999
2545.24,1358.50148,1408348.3148517902,1186.7385199999999
1545.74,2229.2225500000004,467148.39615450305,683.4825500000004
2008.74,1597.6256299999998,169015.0252204971,411.11437000000024
1905.3,3124.86804,1487346.2041894414,1219.5680399999999
2258.94,2074.03156,34191.13118323366,184.90844000000016
4438.05,3230.86044,1457306.6337729942,1207.1895600000003
1546.24,2389.2689299999997,710697.7768169445,843.0289299999997
1070.68,1586.7577,266336.19243729004,516.0777
610.61,172.23765,192170.31724452248,438.37235
1251.77,1546.4762999999998,86851.8032596899,294.7062999999998
1313.65,1569.4423500000003,65429.72631852259,255.79235000000017
1761.09,1607.09542,23714.330669376344,153.99457999999981
4037.58,3430.2235899999996,368881.8087680885,607.3564100000003
1050.58,1592.6847199999997,293877.5274462782,542.1047199999998
2265.71,2407.92147,20224.102199560955,142.2114700000002
871.06,808.2595799999999,3943.892752176404,62.80042000000003
2757.19,2461.4734,87448.30751556011,295.7166000000002
1033.04,639.17379,155130.59137976402,393.8662099999999
2218.92,1826.13669,154278.7286145561,392.78331000000003
895.39,661.5339200000001,54688.666152966354,233.8560799999999
3426.51,2599.15965,684508.6016451227,827.3503500000002
1350.81,1316.90746,1149.382218451603,33.902540000000045
1107.59,1023.26675,7110.410490562486,84.32324999999992
2477.14,2137.52313,115339.61838859679,339.61686999999984
1573.85,2727.88474,1331796.1811268677,1154.03474
979.69,882.45426,9454.789133347615,97.23574000000008
1935.08,2924.70195,979351.603921803,989.6219500000002
1187.1,2013.58798,683082.3810844806,826.4879800000001
2561.79,2600.39297,1490.1892928208933,38.602969999999914
1925.19,2299.2792600000002,139942.77444734774,374.0892600000002
3116.66,3205.4201199999998,7878.358902414385,88.76011999999992
1791.22,1922.79537,17312.077990636906,131.57537000000002
1842.7,1583.21493,67332.50155290487,259.48506999999995
1364.66,1742.67996,142899.0901584015,378.01995999999986
1625.18,1190.47347,188969.76722464102,434.70653000000016
1969.14,1302.49676,444413.2094376977,666.6432400000001
2693.15,2372.93969,102534.64263029606,320.21030999999994
1428.3,1469.80735,1722.8601040225074,41.50735000000009
3289.04,3043.9434,60072.343331559925,245.09659999999985
3325.09,3246.32892,6203.307722766434,78.76108000000022
769.78,948.71336,32017.1473208896,178.93336
1870.97,1707.25395,26802.945027602498,163.71605
2281.8,2800.9177699999996,269483.25912977225,519.1177699999994
2772.9,2813.9119800000003,1681.9825035204183,41.01198000000022
1620.4,2013.1576,154258.53235775992,392.7575999999999
1219.98,1314.25765,8888.275289522498,94.27765
902.99,538.48101,132866.80379082012,364.50899000000004
1285.82,1481.19568,38171.65633546244,195.3756800000001
2665.39,2805.89088,19740.497280774416,140.50088000000005
2177.76,2799.42961,386473.103997552,621.6696099999999
2821.55,3027.94067,42597.108663048806,206.39066999999977
4442.88,2605.62092,3375520.9270424475,1837.2590800000003
3752.73,1847.3351699999998,3630529.4581907294,1905.3948300000002
1880.57,2169.42472,83437.04926627842,288.85472000000004
1696.29,1862.2801200000001,27552.719937614453,165.99012000000016
1341.59,1750.62939,167313.2225715722,409.03939000000014
1628.87,2374.9621,556653.4216824104,746.0921000000003
1980.33,2002.5583599999998,494.09998828959283,22.22835999999984
3175.77,2950.6657999999998,50671.900857640096,225.10420000000022
986.53,2220.57405,1522864.717340403,1234.0440500000002
657.07,1044.10652,149797.2678137104,387.03652
1833.23,2068.73194,55461.163743763645,235.5019400000001
3071.66,2181.2572800000003,792817.0037833977,890.4027199999996
2438.68,1986.98601,204027.46060211989,451.69398999999976
1155.09,1514.75025,129355.4954300626,359.66025000000013
1893.12,1690.29731,41137.043578836085,202.82268999999997
1595.45,1778.8704899999998,33643.07615184,183.42048999999975
1873.74,2075.59139,40743.983644932116,201.85139000000004
1184.56,1628.72428,197281.90762791838,444.16427999999996
2426.73,2688.2092599999996,68371.4034101474,261.4792599999996
2473.78,2125.0770199999997,121593.76826088074,348.7029800000005
2358.09,2755.44062,157887.51521438416,397.3506199999997
2179.68,2220.21534,1643.1137889156291,40.53534000000036
3414.63,2564.45728,722793.6538321985,850.17272
2234.95,2090.3608,20906.03675663997,144.5891999999999
1461.92,1327.5067,18066.935216890044,134.41330000000016
1091.92,857.18948,55098.417019470435,234.73052000000007
1158.85,1447.9814700000002,83597.00694436106,289.13147000000026
872.95,1400.10935,277896.9802924224,527.1593499999999
2357.95,2327.19385,945.9407628224819,30.756149999999707
1504.79,1787.72673,80053.19318309297,282.9367300000001
763.01,1031.91525,72310.03347756251,268.90525
1760.2,1915.44114,24099.811548499558,155.24113999999986
873.77,1811.3994799999998,879149.04176507,937.6294799999998
1864.37,2810.02885,894270.660583323,945.6588500000003
2904.29,2628.0527199999997,76307.03486179856,276.2372800000003
820.06,1097.1027199999999,76752.66870499836,277.0427199999999
2204.49,2461.54507,66077.30901270508,257.05507000000034
1921.11,1870.1256799999999,2599.4008858624024,50.984320000000025
1494.52,605.51535,790329.2677216225,889.00465
1919.85,2504.30074,341582.66748654784,584.4507400000002
1922.14,2886.87334,930710.4173075556,964.73334
1108.37,486.2739,387003.5576352098,622.0960999999999
2784.21,3223.5384099999997,193009.45183312776,439.3284099999996
3000.32,2919.83271,6478.2038515441045,80.48729000000003
4230.27,2929.64286,1691630.9573045808,1300.6271400000005
2584.05,2922.48252,114536.57059355029,338.43251999999984
1081.83,2418.3451699999996,1786272.799640128,1336.5151699999997
2454.14,3104.09994,422447.92360480386,649.9599400000002
1769.29,1529.2648199999999,57612.08703403245,240.0251800000001
2376.78,1727.5701900000001,421473.3774002362,649.2098100000001
1594.57,2074.1032299999997,229952.11867423268,479.5332299999998
2274.32,1305.5052799999999,938601.961688679,968.8147200000003
2141.67,2033.2266300000001,11759.96449695689,108.44336999999996
661.07,1179.87423,269157.8290658927,518.8042299999998
995.79,691.73961,92446.63965915209,304.05039
1161.06,1212.8336,2680.5056569599988,51.77359999999999
768.75,214.20423,307521.01102489285,554.54577
950.47,1874.5645399999999,853950.7188578113,924.0945399999998
2746.04,2898.5303599999997,23253.309892929534,152.49035999999978
1266.36,1566.18662,89896.00206062442,299.82662000000005
1729.57,1750.88423,454.296400492898,21.314229999999952
812.61,417.80922,155867.65588860842,394.80078000000003
4707.09,2969.3900099999996,3019601.2552460018,1737.6999900000005
2686.74,2367.01267,102225.56554892872,319.7273299999997
2592.87,2210.40519,146279.33088833606,382.46480999999994
686.29,1592.6847199999997,821551.388443878,906.3947199999998
3808.72,2461.36953,1815353.2890092204,1347.3504699999999
1934.21,2007.2305800000001,5332.005103536416,73.02058000000011
2198.48,2584.8528199999996,149283.95603475207,386.3728199999996
2613.77,3068.0603799999994,206379.7493605439,454.29037999999946
1766.4,1395.59882,137493.51508939252,370.80118000000016
1528.26,2760.11284,1517461.419416065,1231.8528399999998
1571.0,1434.1265,18734.35500224998,136.87349999999992
1401.22,1278.02107,15177.976353144904,123.19893000000002
1164.81,734.0649,185541.34117400998,430.7451
2297.84,2460.9176700000003,26594.326452628942,163.07767000000013
1699.96,1955.18829,65141.48001632411,255.22829000000002
2899.27,2246.17919,426527.6061064563,653.0908100000001
4123.47,2823.9053,1688868.409486091,1299.5647000000004
2359.08,2601.55462,58793.94134414438,242.47461999999996
959.53,1081.83126,14957.59819758759,122.30125999999996
1754.05,1458.0464599999998,87618.09569253169,296.00354000000016
3363.48,2200.68819,1352084.7934030765,1162.7918100000002
1368.05,2099.99541,535744.0832200681,731.94541
1182.61,966.20425,46831.44863306246,216.4057499999999
1998.39,1909.0837399999998,7975.6080751876525,89.3062600000003
1385.36,3127.94823,3036613.739334533,1742.58823
1505.46,1277.05644,52168.18622067359,228.40355999999997
658.68,494.65371000000005,26904.623811164067,164.0262899999999
3223.12,2879.72685,117918.85546692241,343.3931499999999
1160.75,1858.03828,486210.94542535837,697.28828
3449.89,2346.44159,1217598.393531528,1103.44841
2164.82,1530.21873,402718.77188561304,634.6012700000001
2345.8,2631.50547,81627.61558792082,285.7054699999999
1684.37,1349.9385000000002,111844.42819224979,334.4314999999997
1602.14,1634.7229699999998,1061.6499340208807,32.582969999999705
1074.04,1774.47768,490612.9435637824,700.43768
2787.56,2490.6929800000003,88130.02756368021,296.8670199999997
3034.74,2579.19449,207521.71168116003,455.5455099999999
2245.66,3077.60184,692127.2251425856,831.94184
2194.95,2387.7091,37156.070632810086,192.75910000000022
2106.28,2787.6687199999997,464290.5877432377,681.3887199999995
3626.51,2332.81998,1673633.8678476005,1293.69002
2338.41,1622.5317,512481.7404108898,715.8782999999999
1468.24,913.8216,307379.76225856005,554.4184
3044.36,3586.93494,294387.5655160036,542.57494
929.99,1013.90083,7041.027391288905,83.91083000000003
2410.7,2321.5355200000004,7950.304493670304,89.16447999999946
1511.73,821.5803,476306.6084100901,690.1497
1418.91,818.8588199999999,360061.4186193926,600.0511800000002
4013.34,3874.47309,19284.018692948153,138.8669100000002
2294.23,2020.93149,74692.07556822014,273.2985100000001
3208.11,2672.92395,286424.10811460274,535.1860500000003
1465.89,1890.4633999999996,180262.5719875596,424.57339999999954
1331.79,1529.16095,38955.2919039025,197.37095
2115.79,2114.8364899999997,0.9091813201005311,0.9535100000002785
332.71,233.18328000000002,9905.567993958392,99.52671999999995
3103.91,2510.76201,351824.53804104,593.1479899999999
870.0,710.71866,25370.5452721956,159.28134
3658.39,2349.0914,1714262.8239619602,1309.2986
1959.64,2781.31132,675143.7581105419,821.6713199999997
1241.06,1292.68661,2665.306860092103,51.62661000000003
4825.85,3325.39284,2251371.688995267,1500.4571600000004
2968.74,3164.61519,38367.09005753618,195.8751900000002
2304.44,2853.05321,300976.45418650407,548.61321
773.03,272.93043,250099.57991418487,500.09956999999997
1947.81,1643.20665,92783.20083122242,304.60334999999986
2424.79,2004.0787200000002,176997.9811192382,420.71127999999976
1152.91,1168.8446099999999,253.9117958520934,15.934609999999793
601.36,1005.7758600000001,163552.18781953966,404.41586000000007
1434.57,2699.16721,1599206.1035397844,1264.5972100000001
4831.11,3201.28215,2656338.8206356214,1629.8278499999997
2680.62,2942.0889700000002,68366.02227286108,261.46897000000035
1263.58,1168.8446099999999,8974.79411845211,94.73539000000005
1468.02,2286.2850499999995,669557.6920515017,818.2650499999995
4679.13,3225.20211,2113906.309319852,1453.92789
1854.51,2124.27408,72772.65885824648,269.76408000000015
810.7,887.39517,5882.149101328894,76.69516999999996
2707.07,2542.02548,27239.693582030523,165.04452000000038
4464.63,3494.98068,940219.8037764623,969.64932
909.45,910.18568,0.5412250624000031,0.7356800000000021
978.18,1449.03925,221708.43331056257,470.8592500000001
1504.64,1869.79917,133341.21943508883,365.1591699999999
3583.1,2621.9640099999997,923782.3912732805,961.1359900000002
1177.45,280.44948,804609.9328802705,897.00052
2137.22,2323.12755,34561.61714700263,185.90755000000036
1823.16,1986.0321000000001,26527.320958410015,162.87210000000005
2035.18,2236.1142,40374.55272963997,200.93419999999992
1339.36,952.15226,149929.83391590757,387.20773999999994
1546.51,816.20901,533339.53599498,730.30099
1974.99,2369.66248,155766.36646935035,394.67247999999995
2678.43,1394.18233,1649292.0779004283,1284.2476699999997
4215.64,3077.85668,1294550.8832702234,1137.7833200000005
2415.37,2530.3684599999997,13224.645802371553,114.9984599999998
1429.0,2041.0721899999999,374632.3657713959,612.0721899999999
4005.81,3414.32473,349854.8246269731,591.4852700000001
1400.22,2231.42813,690906.9553780966,831.2081299999998
1957.47,1907.59558,2487.45777033641,49.8744200000001
1812.6,2741.2054599999997,862308.1003418112,928.6054599999998
694.94,1117.06788,178191.9470732944,422.12788
2512.76,1701.50247,658138.7799817014,811.2575300000003
2047.19,2287.4467,57723.28189488996,240.2566999999999
830.11,1023.96582,37580.0789478724,193.85582
3296.7,1938.85905,1843732.045496902,1357.8409499999998
1946.4,2184.861,56863.6485209999,238.46099999999979
1061.12,960.90463,10043.12038423688,100.2153699999999
942.76,322.41606,384826.6038947236,620.34394
936.51,1546.4762999999998,372058.8871356898,609.9662999999998
1438.71,2019.24631,337022.40722841606,580.53631
2052.7,2236.72775,33866.21277006257,184.0277500000002
2184.26,2202.8144700000003,344.2683569809014,18.554470000000038
1203.59,1613.95487,168399.326530117,410.3648700000001
1060.47,2241.2382799999996,1394213.7310541573,1180.7682799999995
2959.07,2581.77263,142353.30540891708,377.2973700000002
1457.89,1066.89703,152875.5025894209,390.99297
568.36,1113.98769,297709.576094736,545.6276899999999
3564.35,2683.52319,775855.8692147761,880.82681
1093.27,1021.8502599999999,5100.779261667607,71.41974000000005
1379.17,2016.5965,406312.54290225,637.4265
2266.47,2719.5766,205305.59096356007,453.10660000000007
1048.56,649.3426499999999,159374.4925410225,399.21735
1142.05,2451.73492,1715274.5896754062,1309.68492
1009.28,1077.49627,4653.4594927129165,68.21627000000012
1642.07,930.95378,505686.27834708826,711.1162199999999
3780.55,2481.68577,1687048.2879734933,1298.8642300000001
1307.99,1191.99383,13455.111454668928,115.99617000000012
740.97,243.35214000000002,247623.5345909796,497.61786
836.58,697.3979400000001,19371.645825843592,139.18205999999998
2410.62,3033.6128499999995,388120.09115112206,622.9928499999996
1145.56,1587.0263899999998,194892.57349963195,441.4663899999998
1081.25,2191.06743,1231694.727931805,1109.81743
1760.29,1335.35226,180572.08287630766,424.9377400000001
1756.89,2377.61191,385295.68955404806,620.72191
1143.89,1675.88661,283020.393051492,531.9966099999999
3061.19,2030.21811,1062903.0379701722,1030.97189
1929.53,2773.0031799999997,711447.005379312,843.4731799999997
951.16,838.64081,12660.568118256095,112.51918999999998
2544.19,1640.0225899999998,817518.7053061086,904.1674100000002
2275.49,2436.8938399999997,26051.19956674558,161.40383999999995
845.39,1113.36029,71808.07632268415,267.9702900000001
891.36,1022.90804,17304.886827841605,131.54804000000001
1871.17,2264.72786,154887.78916777953,393.5578599999999
1527.47,1845.9508799999999,101430.0709255743,318.48087999999984
2827.69,2545.28121,79754.72466926408,282.40878999999995
1897.12,2620.35813,523073.3926858972,723.2381300000002
1193.79,1535.94873,117072.59651521296,342.1587300000001
1240.43,1803.9843,317593.44904849003,563.5543
956.99,813.98958,20449.12012017639,143.00041999999996
3774.63,3422.2741599999995,124154.63798210604,352.3558400000006
3753.66,3467.6934899999997,81776.84484158021,285.9665100000002
1277.74,1530.21873,63745.50910241292,252.47873000000004
1840.74,1947.59757,11418.540266304877,106.8575699999999
1826.33,1645.25054,32789.770833891576,181.07945999999993
1469.2,2246.17919,603696.6616930558,776.9791899999998
802.69,1346.05537,295245.9253152369,543.36537
1621.0,1465.19295,24275.836829702464,155.8070499999999
835.49,1482.25346,418302.9731911715,646.7634599999999
722.47,548.02247,30431.94072310091,174.44753000000003
1094.13,1854.2268199999999,577747.175774112,760.0968199999998
1818.39,1934.52406,13487.119892083569,116.13405999999986
2185.28,1375.63366,655527.195875396,809.6463400000002
1496.53,2329.21626,693366.4075927879,832.6862600000002
833.62,668.25003,27347.22697780089,165.36996999999997
1035.3,1525.2778199999998,240078.26409195224,489.97781999999984
685.13,713.36847,797.4111879409004,28.238470000000007
919.53,662.5917,66017.29000689002,256.9383
1773.5,2493.34279,518173.6423149843,719.8427900000002
2582.45,2436.639,21260.84772099991,145.8109999999997
1580.52,2462.9615599999997,778703.1068152331,882.4415599999998
4442.68,2929.8977,2288510.287193291,1512.7823000000003
2096.32,2554.2884200000003,209735.07371729653,457.96842000000015
1086.09,1352.58831,71021.3492328562,266.4983100000002
1295.54,2292.11892,993169.5437883663,996.5789199999999
955.96,542.72285,170764.94214012253,413.23715000000004
3283.23,3079.89294,41345.95996944353,203.33705999999984
2487.71,1712.55357,600867.4909703449,775.15643
719.36,1533.40279,662665.6639509842,814.0427900000001
1503.8,2239.1227200000003,540699.5025481989,735.3227200000003
1706.73,2096.7182,152090.79613923983,389.9881999999998
2201.83,1188.98531,1025854.3660611958,1012.8446899999999
870.67,1828.35612,917162.7044406544,957.68612
1282.23,1276.42904,33.65113692160037,5.800960000000032
2114.96,1774.7325199999998,115754.73814715057,340.22748000000024
1233.67,1159.8374,5451.252822760027,73.83260000000018
1560.61,1361.95423,39464.11495429284,198.65576999999985
1025.32,1657.76832,399990.87747082236,632.44832
875.43,702.76923,29811.741496992887,172.66076999999996
1247.45,1256.2883399999998,78.11625395559628,8.83833999999979
1402.57,876.7242600000001,276513.7422761475,525.8457399999999
3318.68,3382.0966299999995,4021.6689605568636,63.416629999999714
1271.73,1205.24288,4420.537125894401,66.48712
2509.72,2549.97491,1620.4577791081088,40.25491000000011
1042.6,831.7491600000001,44458.07672870553,210.85083999999983
2089.73,2202.02538,12610.252369344405,112.29538000000002
758.17,399.69093000000004,128507.24362806484,358.4790699999999
647.35,1794.4428400000002,1315821.9835792661,1147.0928400000003
1153.71,1447.9814700000002,86595.69805596098,294.27147000000014
1763.75,2326.20774,316358.7092859074,562.4577399999998
1625.23,2091.49025,217398.62073006234,466.2602499999998
3921.13,2214.00891,2914262.4159227884,1707.12109
1867.68,2236.1142,135743.75972963995,368.4341999999999
832.99,759.14651,5452.861015380096,73.84348999999997
1899.15,2355.28398,208058.20771064045,456.13398000000007
1030.11,1420.25005,152209.25861400267,390.1400500000002
1964.96,2606.42386,411475.8836860994,641.4638599999998
2151.01,2353.3332400000004,40934.69344409767,202.32324000000017
3604.04,2593.42965,1021333.2795271224,1010.6103499999999
2147.64,2625.7616199999998,228600.2835114243,478.1216199999999
3221.75,2173.83138,1098133.4341427041,1047.91862
4277.7,3217.25268,1124548.5184951818,1060.4473199999998
1462.99,1664.30126,40526.22340278758,201.31125999999995
1003.72,1567.6747799999998,318044.9938848482,563.9547799999998
1476.34,714.09974,581010.2139648675,762.2402599999999
2179.4,2360.15322,32671.72654036842,180.75322000000006
1341.99,743.24765,358492.4016835225,598.74235
2112.31,2527.09125,172043.4853515625,414.78125
1719.76,1895.93856,31038.885003673622,176.17856000000006
3301.34,2744.84138,309690.71406190476,556.4986200000003
2151.93,2487.3441000000003,112502.61847881028,335.4141000000004
1639.99,1790.3765400000002,22616.11141317166,150.3865400000002
1490.39,809.06252,464207.1350031506,681.3274800000002
2167.06,2441.40437,75264.83335069704,274.34437000000025
1228.63,714.53012,264298.6866160145,514.0998800000001
1893.5,2162.17436,72185.91172140959,268.67436
2034.72,1745.5846099999999,83599.27375045218,289.13539000000014
1559.98,351.56397000000004,1460269.3015609605,1208.4160299999999
1933.66,1954.16271,420.36111734409917,20.50270999999998
2031.79,2487.8676299999997,208006.8045864167,456.0776299999998
973.08,674.78297,88981.11810682094,298.29703000000006
859.69,557.3883900000001,91386.26340859209,302.30161
1654.97,1468.21532,34877.3105019024,186.75468
2900.56,2457.76581,196066.69469775617,442.79419000000007
895.69,364.81302000000005,281830.3678939204,530.87698
1240.31,451.82637,621706.4347779768,788.48363
1808.1,1724.3861299999999,7008.012030376907,83.71387000000004
1562.0,1904.7702299999999,117491.4305742528,342.77022999999986
2961.98,1718.38744,1546522.4552873538,1243.59256
1007.75,1571.9882899999998,318364.8479021239,564.2382899999998
3362.95,2407.38722,913100.226521328,955.5627799999997
2027.73,2313.3174,81560.16303875994,285.5873999999999
4663.89,2604.20443,4242304.647266227,2059.6855700000006
1092.48,1136.41949,1930.678781460098,43.93948999999998
1489.18,1610.24728,14657.286286598395,121.06727999999998
777.05,1522.62801,555886.56899556,745.57801
2190.36,1285.54012,818699.0152432148,904.8198800000002
878.02,1686.55752,653732.9212477505,808.5375200000001
3035.73,2882.30499,23539.23369350008,153.42500999999993
1862.88,840.86024,1044524.3898304579,1022.0197600000001
842.12,1161.32556,101892.18953491359,319.20556
937.92,1944.94776,1014104.9094106177,1007.0277600000001
1428.23,1989.63582,315176.4947298723,561.40582
1099.4,1439.05356,115364.54082067357,339.65355999999997
2628.85,2716.5542299999997,7692.031959892869,87.70422999999982
1242.07,2068.00067,682161.4716466488,825.93067
447.84,253.95137999999997,37592.7969655044,193.88862
616.43,752.61357,18545.96473794491,136.18357000000003
3863.52,2597.3127799999997,1603280.723980129,1266.2072200000002
2496.9,3098.36994,361766.0887236035,601.46994
4033.03,2133.5607,3607983.621642491,1899.4693000000002
1552.26,1396.83214,24157.819664179602,155.42786
727.5,900.64422,29978.920919408407,173.14422000000002
1955.06,1746.11886,43656.39998449956,208.9411399999999
490.55,235.83309000000003,64880.70423994809,254.71690999999998
3109.6,2403.67963,498323.56878093665,705.9203699999998
1476.99,1406.10804,5024.252253441591,70.88195999999994
3065.46,2882.2011199999997,33583.81709885452,183.25888000000032
3572.23,2688.2092599999996,781492.6687501483,884.0207400000004
2836.46,2493.16725,117849.91220256254,343.29275000000007
2792.58,3191.11329,158828.783238224,398.53328999999985
1149.25,1833.6557400000002,468411.2169449478,684.4057400000002
3187.94,2510.29943,459196.74210992496,677.64057
2250.44,896.5062499999999,1833136.599389063,1353.9337500000001
3205.61,2859.94486,119484.38901121964,345.66514000000006
1433.94,1875.17046,194684.3188318116,441.23046
1940.81,1975.0024799999999,1169.1256885503954,34.19247999999993
1890.19,732.64841,1339902.5325797282,1157.54159
1587.52,1333.49154,64530.4584899716,254.02846
2138.16,2350.50789,45091.6263874521,212.34789
3737.26,3291.0169800000003,199132.8328987203,446.2430199999999
981.96,659.31449,104100.12512316013,322.64551000000006
2920.05,2835.11046,7214.725455411652,84.9395400000003
3047.55,2545.2095400000003,252345.9377530115,502.3404599999999
4661.27,3030.33564,2659946.886628612,1630.9343600000007
1080.6,1624.55411,295886.0737858922,543.9541100000001
1228.39,1668.36756,193580.25330355344,439.9775599999998
1468.48,2089.8265499999998,386071.5351969022,621.3465499999998
4003.83,3420.8576700000003,339856.73754562845,582.9723299999996
1718.12,2317.6523899999997,359439.0866591119,599.5323899999999
2089.48,2295.03742,42253.852917056436,205.5574200000001
1630.04,1403.18954,51461.131202211545,226.85045999999988
752.3,1901.49302,1320644.5972167202,1149.19302
2946.65,2100.1709499999997,716526.7820889031,846.4790500000004
1424.05,1983.741,313254.015481,559.691
1417.87,1767.31734,122113.44343307572,349.44734000000017
1449.12,1800.5315500000002,123490.07747340268,351.41155000000026
2769.89,2017.8298200000002,565594.514341632,752.0601799999997
2461.76,2089.46784,138601.4523974659,372.2921600000004
1757.15,2408.2801799999997,423970.51130683196,651.1301799999997
1299.95,1556.1933000000001,65660.62879489004,256.2433000000001
1615.13,2763.9243,1319728.34371249,1148.7943
2718.06,2525.14051,37217.929621860014,192.91948999999977
1197.38,1406.10804,43567.39468224158,208.72803999999996
1836.04,1352.8431500000002,233479.1958499223,483.1968499999998
4176.69,2597.74316,2493073.1235459843,1578.9468399999996
1277.38,1503.72063,51230.08078879686,226.34062999999992
1427.61,859.40891,322852.478677188,568.2010899999999
1129.43,1910.50023,610070.704192253,781.07023
2787.01,2912.94106,15858.631872723572,125.93105999999989
2753.75,2006.72853,558041.0766409608,747.0214699999999
3477.37,3522.90912,2073.811450374392,45.53911999999991
916.77,813.63087,10637.680137156905,103.13913000000002
1459.94,1099.75253,129735.01354500095,360.1874700000001
1920.81,2353.58808,187296.86652848643,432.77808000000005
1369.66,1784.09844,171759.22054963352,414.4384399999999
2201.76,2007.75411,37638.285354692154,194.00589000000014
1178.34,2342.1066,1354352.6992755604,1163.7666000000002
2132.57,2826.9854899999996,482212.8727519393,694.4154899999994
3945.19,2064.66564,3536371.8685534094,1880.52436
1086.67,1502.0354499999999,172528.45705370232,415.3654499999998
3480.51,2990.9472,239671.73514384014,489.56280000000015
1085.05,1655.1185099999998,324978.1060936199,570.0685099999998
2373.04,2768.79354,156620.8644225317,395.75354000000016
3180.61,2280.6267199999998,809969.904279559,899.9832800000004
4818.03,3336.0637500000003,2196223.966139061,1481.9662499999995
1612.32,2114.20909,251892.658661028,501.8890899999999
1392.53,1453.90849,3767.319034680107,61.378490000000056
1943.04,2071.02304,16379.658527641619,127.98304000000007
722.73,1077.3207300000001,125734.58580193299,354.5907300000001
1124.99,1065.6637099999998,3519.6086851641235,59.3262900000002
3121.75,2824.7660599999995,88199.46061792392,296.98394000000053
1228.45,238.05252000000002,980887.1683903505,990.3974800000001
1268.38,1874.9949199999999,367981.6611666061,606.6149199999998
2525.58,2636.80509,12371.02064550808,111.22508999999991
1775.71,2340.5145700000003,319004.20229288517,564.8045700000002
3664.82,2657.02509,1015650.5806219083,1007.7949100000001
1351.04,876.79593,224907.43793016486,474.24406999999997
1134.9,1743.9925799999999,370993.77101105615,609.0925799999998
996.03,270.28062,526712.1625703843,725.74938
1534.46,2402.01593,752653.2916781649,867.55593
1917.44,1828.08743,7983.881765604902,89.35257000000001
4698.59,3235.72968,2139960.315830503,1462.8603200000002
867.55,1166.98389,89660.65448053212,299.43389
3413.39,2745.4473,446147.4504832901,667.9427000000001
3079.63,3130.16766,2554.055078275596,50.53765999999996
1723.71,1890.6389400000003,27865.27100952368,166.92894000000024
1281.17,1929.0489,419747.0690652099,647.8788999999999
2737.27,2711.98588,639.28672417439,25.284119999999803
1389.57,1508.9271,14246.117320410041,119.35710000000017
918.31,573.28725,119040.69801756248,345.02275
653.17,678.84927,659.4249077329046,25.679270000000088
1594.46,1856.5501199999999,68691.23100161432,262.09011999999984
4446.64,3299.3967900000002,1316166.9828911044,1147.24321
1229.22,1578.44956,121961.28557779359,349.22956
4222.74,2995.88811,1505165.5599965719,1226.85189
1600.52,2127.4581399999997,277663.80338665936,526.9381399999997
1255.75,1748.3382900000001,242643.22344512425,492.58829000000014
4423.98,2993.2383,2047021.8121188888,1430.7416999999996
2056.89,2902.7722000000003,715516.6962768408,845.8822000000005
1691.48,2688.56797,994184.419918721,997.08797
2403.22,2812.75033,167715.09118990894,409.53033000000005
2049.43,2002.45449,2206.6985397600774,46.97550999999976
2581.87,1816.80297,585327.5603930207,765.0670299999999
1500.49,1786.1347,81592.89463809003,285.64470000000006
1995.82,3024.6056399999998,1058399.8930702093,1028.7856399999998
852.57,174.88746,459253.6250208516,677.68254
584.38,575.93706,71.28323584360037,8.442940000000021
2181.67,2100.52966,6583.754775315588,81.14033999999992
965.73,1641.86946,457164.5693690914,676.1394599999999
2142.95,1633.56132,259476.82731214218,509.3886799999998
2185.16,1775.7903,167583.55127808996,409.36969999999997
1726.42,1576.4271499999998,22497.855051122595,149.99285000000032
2371.71,2320.3021999999996,2642.761900840042,51.40780000000041
1380.04,1305.5052799999999,5555.424485478416,74.5347200000001
953.75,1358.94571,164183.56340240408,405.19570999999996
1207.7,1024.32453,33626.56299772088,183.37546999999995
798.76,209.33499,347421.8424135,589.4250099999999
2851.21,3189.5212599999995,114454.50864278726,338.3112599999995
3419.04,2530.2645899999998,789921.7294206684,888.7754100000002
1002.46,817.4423300000001,34231.53821222888,185.01766999999995
1000.02,259.68138000000005,548101.2722635043,740.33862
733.54,1908.38467,1380259.9986274089,1174.84467
1685.13,2471.3413699999996,618128.3183172762,786.2113699999995
1915.67,2421.52923,255893.56057619292,505.85923
868.65,1097.1027199999999,52190.64527539835,228.45271999999989
1247.95,1691.78547,196989.92443012088,443.83547
1729.63,2271.54784,293674.9453102657,541.9178400000001
1052.67,1033.50728,367.2098377984014,19.162720000000036
1134.1,715.94661,174852.25756849206,418.15338999999994
2209.22,2034.28441,30602.460648648037,174.93558999999982
2740.82,3150.2044899999996,167595.66065255966,409.38448999999946
1844.78,2661.26693,666650.9068608246,816.4869299999998
943.76,1881.8865700000001,880081.4613399651,938.1265700000001
2197.77,1732.3355599999998,216629.2179381138,465.4344400000002
2583.49,1657.5134799999998,857432.5155913103,925.9765199999999
1128.94,938.90321,36113.98155350414,190.0367900000001
1198.78,1901.0626399999996,493200.9064453691,702.2826399999997
2173.29,2026.40665,21574.71850722252,146.88335000000006
2419.54,2646.9601,51719.901884009916,227.42009999999982
898.68,742.01433,24544.132156548894,156.66566999999998
2381.66,2188.41762,37342.61742806428,193.24237999999968
4738.01,3351.5322300000003,1922320.606704173,1386.47777
845.35,1067.95481,49552.90143513607,222.60480999999993
2919.7,1799.63859,1254537.5621711877,1120.0614099999998
1497.85,1205.94195,85210.3096548025,291.90805
2753.5,3213.7999299999997,211876.0255580046,460.2999299999997
1050.16,1824.64853,599832.4831015606,774.4885299999999
4033.82,2043.4671600000001,3961504.4276960655,1990.35284
1483.64,1834.8890599999997,123375.90215088335,351.24905999999964
878.91,672.56354,42578.86155453159,206.34645999999998
1201.51,1612.29117,168741.16962656888,410.78117
2148.6,1372.98385,601580.4121408223,775.6161499999998
855.01,1872.8793600000001,1036058.0340268099,1017.8693600000001
4173.41,2025.2772,4614474.526435839,2148.1328
1212.97,1238.52876,653.2502127375946,25.558759999999893
678.48,1090.74532,169962.6940747024,412.26532
3364.79,2503.51165,741800.3961787226,861.27835
2967.18,2602.97111,132648.115555032,364.2088899999999
749.52,582.47,27905.702499999985,167.04999999999995
1490.81,1644.16056,23516.39425231363,153.3505600000001
1099.26,409.85979,475272.64954804414,689.40021
1795.32,1317.59268,228223.39227438238,477.72731999999996
1322.21,1777.4862,207276.41828644002,455.2762
4272.83,3436.6848600000003,699138.695145619,836.1451399999996
3017.54,3229.2684099999997,44828.91960112798,211.7284099999997
4378.29,3258.4163199999994,1254117.0591567438,1119.8736800000006
1251.23,2303.77594,1107852.9558104835,1052.54594
1603.7,1355.85167,61428.79468378892,247.84833000000003
3701.78,2897.0422000000003,647602.9267488398,804.7377999999999
936.31,1533.3311199999998,356434.21772605425,597.0211199999999
4002.25,2794.9329300000004,1457614.5075133839,1207.3170699999996
1527.99,2462.9615599999997,874171.8180088331,934.9715599999997
4569.61,2885.0264700000002,2837821.669547259,1684.5835299999994
2528.98,2086.65321,195652.98915170415,442.3267900000001
1982.51,1673.7710499999998,95319.7392471026,308.73895000000016
1713.91,2057.40143,117986.36248344477,343.4914299999998
978.08,1337.3029999999999,129041.16372899989,359.22299999999984
798.98,1902.02727,1216713.279854453,1103.04727
4629.18,2999.9544100000003,2654376.023110848,1629.22559
2248.38,2122.8575899999996,15755.875412208223,125.52241000000049
1762.83,3098.36994,1783666.9313352038,1335.5399400000001
2234.44,1786.81992,200363.73601920652,447.62008000000014
1636.18,2152.0054999999998,266075.9464502497,515.8254999999997
1492.48,2345.81419,728179.2398229562,853.33419
2982.38,1637.90703,1807607.567060621,1344.47297
2590.87,1363.4423900000002,1506578.5377903115,1227.4276099999997
1923.94,1440.6594400000001,233560.09967391353,483.2805599999999
1011.1,1239.76208,52286.34682992638,228.66207999999995
920.63,1425.54967,254943.87315290901,504.9196700000001
2182.99,2696.08702,263268.55193288054,513.0970200000002
1838.66,1725.80262,12736.788220464434,112.85738000000015
1050.41,1644.5192699999998,352965.82469993253,594.1092699999997
1833.45,2253.0708400000003,176081.64936230582,419.62084000000027
3503.67,2895.98442,369281.7641399368,607.6855800000003
950.29,1319.88378,136599.56221468834,369.5937799999999
619.96,1143.56598,274163.22229176044,523.60598
2030.79,2715.06607,468233.73997464473,684.2760699999999
1495.73,1211.77582,80629.97633947237,283.95417999999995
1033.08,1021.4198799999999,135.95839841440014,11.660120000000006
2849.25,1793.81544,1113942.1104423935,1055.43456
1278.71,1344.46334,4323.501721155598,65.75333999999998
2454.3,3354.97113,811208.4844154764,900.6711299999997
3411.42,2483.9052,860283.7042190399,927.5147999999999
1578.34,2124.80833,298627.6356929888,546.4683299999999
1638.44,1216.97157,177635.63748666501,421.4684300000001
3101.92,2595.55593,256404.571386965,506.3640700000001
3009.2,2575.05652,188480.56122651015,434.1434799999997
2604.99,2506.4163,9716.774331689983,98.57369999999992
2241.79,2497.94334,65614.53359315552,256.15333999999984
1897.96,1521.2115199999998,141939.41718231054,376.7484800000002
2637.0,2601.80946,1238.3741054916038,35.190540000000055
3473.19,2560.2154399999995,833522.5472071946,912.9745600000006
1938.88,2100.85617,26236.279647868872,161.9761699999999
3674.31,3371.92777,91435.013019773,302.38223000000016
3411.2,2999.9544100000003,169122.93529444773,411.24558999999954
784.4,1135.18617,123050.93706326888,350.78616999999997
1520.49,1906.96818,149365.38361611246,386.47818000000007
1314.18,1486.76399,29785.233604320052,172.58398999999986
2408.92,2407.8498,1.145328040000243,1.0702000000001135
2200.26,1598.15988,362524.5545040147,602.1001200000003
1728.76,2222.86515,244139.8992565226,494.1051500000001
2612.3,2075.69526,287944.64699046785,536.6047400000002
1821.3,2226.57274,164245.9937871077,405.2727400000001
1953.21,2318.18664,133207.9477456895,364.97663999999986
1319.58,600.21573,517484.9529526328,719.3642699999999
2209.73,2445.47067,55573.66349204897,235.74067000000014
2313.71,3077.60184,583530.7432185853,763.8918399999998
2993.87,1685.17323,1712687.2358084323,1308.6967699999998
2748.46,2723.81844,607.2064792336013,24.641560000000027
1451.51,1845.4883,155218.90087088998,393.9783
2329.96,2745.01692,172272.2468398864,415.05692
1682.54,2609.86276,859927.5012140176,927.32276
1615.51,2149.35569,284991.220731576,533.8456899999999
1010.7,842.3484000000001,28342.261222559988,168.35159999999996
3759.4,2954.9793099999997,647092.6465000767,804.4206900000004
996.33,1476.59513,230654.59509391678,480.2651299999999
746.3,1159.1061300000001,170408.90096557705,412.80613000000017
2967.7,2798.01312,28793.637244134316,169.68687999999975
2416.06,2616.75441,40278.24620524813,200.69441000000006
3201.59,2888.10666,98271.80445755574,313.4833400000002
1006.91,1115.65139,11824.689899132105,108.74139000000002
1411.01,2787.77259,1895475.2292235082,1376.76259
2517.87,2180.7230299999997,113668.07938018107,337.14697000000024
2103.44,2774.09316,449775.6610179854,670.6531599999998
2135.9,2598.10187,213630.56863149678,462.2018699999999
4712.46,2961.44058,3066069.0092171365,1751.01942
1548.91,834.3273,510628.43513929006,714.5827
2180.78,2047.50126,17763.222535987654,133.2787400000002
1002.29,2247.77122,1551223.4693726888,1245.4812200000001
1874.35,2700.75924,682952.2319573775,826.40924
1502.82,818.93049,467704.8618880401,683.88951
2817.79,3057.19245,57313.53306600252,239.40245000000004
2192.36,1576.9614,378715.43688196025,615.3986000000002
2729.21,2469.85321,67265.944519104,259.3567899999998
3821.1,2533.0899400000003,1658969.9146612026,1288.0100599999996
1002.62,1627.56263,390553.2907913168,624.9426299999999
4378.76,2898.09998,2192354.094826401,1480.6600200000003
1847.65,2234.88088,149947.75442557444,387.23088000000007
2612.84,2072.5112,291955.21210944024,540.3288000000002
2659.07,2682.2105699999997,535.4859799248801,23.14056999999957
1703.68,3194.19348,2221630.43406171,1490.5134799999998
1034.68,1144.29725,12015.941497562502,109.61725000000001
2217.66,2844.47638,392898.7742363047,626.8163800000002
844.56,908.95236,4146.376026369607,64.39236000000005
1303.15,1427.84077,15547.788123192882,124.69076999999993
1002.26,1140.48579,19106.36902112409,138.22578999999996
1620.06,1994.86377,140477.8660062129,374.80377
838.34,1143.2072699999999,92944.0523172528,304.86726999999985
1489.26,1904.8419,172708.31560760993,415.5818999999999
2201.19,2183.47671,313.76064262410506,17.713290000000143
1115.38,1173.87554,3421.7281998915873,58.49553999999989
2451.7,2513.3796199999997,3804.375523344386,61.679619999999886
959.0,1963.4964300000001,1009013.0778827452,1004.4964300000001
1174.04,1526.86985,124488.90305102256,352.8298500000001
2825.56,2706.7579299999998,14113.931836284944,118.80207000000019
2209.96,2490.94782,78954.1549883523,280.98781999999983
2826.55,2611.4547900000002,46265.94936494408,215.09520999999995
1252.63,2733.18436,2192041.21291501,1480.55436
720.86,737.14509,265.20415630809896,16.28508999999997
858.71,172.23765,471244.2873145225,686.47235
1627.2,1203.29214,179697.87376977963,423.90786
1579.74,1708.9176499999999,16686.865259522463,129.17764999999986
2392.6,2058.56308,111580.66392308641,334.03692
2040.83,2445.90105,164082.5555481025,405.07105
1266.49,2299.2792600000002,1066653.655571348,1032.7892600000002
3065.35,2125.9699800000003,882434.8219751996,939.3800199999996
1683.59,2171.97066,238515.66906203562,488.38066000000003
1147.0,2373.7287799999995,1504863.499680287,1226.7287799999995
861.44,1566.6886699999998,497375.6865367685,705.2486699999997
974.66,526.82399,200557.0918527201,447.83601
1139.12,1132.1776499999999,48.19622352250046,6.942350000000033
1000.62,1182.52404,33089.0797683216,181.90404
2206.24,2909.93254,495183.1908516516,703.69254
1254.76,855.59745,159330.7413225025,399.16255
3153.34,3296.67531,20545.01109279608,143.33530999999994
2358.01,2620.90623,69114.42774821281,262.89622999999983
2241.79,2743.8552699999996,252069.5353401725,502.0652699999996
1198.15,1836.30555,407242.5059958024,638.15555
2111.8,1580.0415900000003,282767.006605728,531.7584099999999
1474.4,1981.6147199999998,257266.77218467812,507.2147199999997
1727.33,1327.8332099999998,159597.6852203042,399.49679000000015
3267.05,3004.8953199999996,68725.07624590269,262.15468000000055
1534.95,1429.68764,11080.164432769589,105.26235999999994
1477.7,1193.22715,80924.80238712256,284.4728500000001
1146.57,1897.3550500000001,563678.1913035028,750.7850500000002
1030.28,2354.12233,1752558.5146998293,1323.8423300000002
2551.07,3131.6558199999995,337079.89438507165,580.5858199999993
1096.03,436.35789,435167.29271185206,659.67211
1190.51,1185.1021799999999,29.244517152401393,5.407820000000129
988.99,1016.3751000000001,749.9437020100044,27.38510000000008
2393.94,3211.1501199999993,667832.3802304132,817.2101199999993
1562.7,1689.66991,16121.358045408108,126.96991000000003
1576.07,1706.8020900000001,17090.879355768153,130.7320900000002
3095.68,2438.75456,431551.0337191936,656.92544
4038.12,2901.9831099999997,1290807.0328188727,1136.1368900000002
1782.93,1813.2463500000001,919.0810773225035,30.316350000000057
2964.44,2278.7659999999996,470148.8342760006,685.6740000000004
2030.61,2213.32369,33384.2925134162,182.71369000000027
2022.81,2457.66194,189096.20972176362,434.85194
1608.7,1914.3833599999998,93442.31658088946,305.68335999999977
499.21,1055.69187,309672.071638697,556.4818700000001
1614.16,908.59365,497823.8742523226,705.56635
1507.2,2132.22351,390654.3880527198,625.0235099999998
3294.1,2806.3212599999997,237928.0991959878,487.7787400000002
1278.27,1572.9743999999998,86850.6833793599,294.70439999999985
2589.58,2835.7378599999997,60593.692039779504,246.1578599999998
2813.74,2628.3075599999997,34385.18980435361,185.43244000000004
1023.19,1591.52307,323002.4784556248,568.3330699999999
568.36,243.78251999999998,105350.54052315043,324.57748000000004
1938.41,1898.4844999999998,1594.0455502500226,39.925500000000284
2204.23,2513.8422,95859.71438884002,309.61220000000003
2541.18,2874.68207,111223.6306942849,333.50207
3159.52,2676.8070799999996,233011.7631349268,482.7129200000004
3087.21,2354.8214,536393.0614099604,732.3886000000002
2512.65,1793.81544,516723.1246503936,718.83456
2332.12,2310.9362800000004,448.74999303838047,21.18371999999954
3671.29,3417.3471,64486.99646041,253.9429
3106.79,3054.1839299999997,2767.3986008449288,52.60607000000027
1447.04,2386.2926100000004,882195.465391813,939.2526100000005
2367.54,2404.7374099999997,1383.6473107080824,37.19740999999976
1660.27,1270.0716400000001,152254.76014668948,390.19835999999987
1559.46,1016.80548,294473.92807643046,542.65452
2438.15,2503.87036,4319.1657185295735,65.7203599999998
2108.79,2667.79987,312492.03475741675,559.0098699999999
1412.92,1354.25964,3441.0378353296096,58.66036000000008
4238.64,2175.95766,4254658.435747877,2062.6823400000003
2045.64,2243.8880899999995,39302.30518864785,198.24808999999937
708.71,691.11221,309.6822128841011,17.597790000000032
1683.58,1008.85605,455252.40870360244,674.72395
748.54,386.44188,131115.04850753435,362.09811999999994
1585.43,2001.9309600000001,173473.04968092166,416.5009600000001
2845.93,2653.7617299999997,36928.64399479295,192.16827000000012
3697.48,3610.78323,7516.329928432902,86.69677000000001
948.68,105.9924,710122.39119376,842.6876
1109.98,1586.22345,226807.82366790244,476.24344999999994
4353.45,3583.85475,592276.8488225623,769.5952499999999
1947.96,2687.51019,546934.483529036,739.5501899999999
686.12,1132.6080299999999,199351.5609332808,446.48802999999987
3750.14,2898.20385,725795.2036768225,851.93615
604.06,726.61752,15020.345708550416,122.55752000000007
1670.4,1601.24007,4783.095917604905,69.15993000000003
2148.49,2509.49649,130325.68582212026,361.0064900000002
1498.32,1016.5506399999999,232101.7162348096,481.76936
1910.97,2002.5583599999998,8388.427687489551,91.58835999999974
1608.56,2714.70736,1223561.9820349694,1106.14736
4768.51,2327.52036,5958430.42258733,2440.9896400000002
1897.61,1696.2028500000001,40564.84007112241,201.40714999999977
1845.35,1674.39845,29224.432447402498,170.95155
1916.35,1873.57843,1829.40720026489,42.77156999999988
890.65,1859.0960599999999,937887.7711295234,968.4460599999999
2618.84,1621.57779,994531.9154940842,997.2622100000001
1202.81,969.46761,54448.670970912055,233.3423899999999
1072.7,1489.77251,173949.47859770007,417.07250999999997
1229.42,1755.3809099999999,276634.87884802785,525.9609099999998
626.35,636.88269,110.93755863610005,10.532690000000002
1276.79,2273.2115400000002,992855.8853759721,996.4215400000003
1348.09,1707.68433,129308.08216814899,359.5943300000001
1040.13,1103.99437,4078.657755496872,63.86436999999978
4810.7,3819.25746,982958.3101216516,991.44254
1904.09,2472.3991499999997,322975.2899737223,568.3091499999998
1450.75,1346.48575,10871.03382806249,104.26424999999995
2915.5,2431.76976,233994.94509045748,483.73023999999987
1342.64,2088.84044,556815.0966561934,746.2004399999998
1292.21,1507.33507,46278.795742504924,215.12507000000005
1188.89,1246.04781,3267.0152439960916,57.15780999999993
1811.96,3141.8246799999997,1768540.0671115015,1329.8646799999997
3561.37,3283.42626,77252.72260518743,277.9437399999997
596.63,294.12891,91506.90945118808,302.50109
4212.63,3742.41297,221104.05530202112,470.21703000000025
1285.14,1167.15943,13919.41489752494,117.98057000000017
3235.77,2088.33839,1316599.2996271923,1147.43161
4627.5,3333.77265,1673730.4561380227,1293.7273500000001
1410.98,1522.80355,12504.506334602514,111.82355000000007
4173.11,2997.3762699999997,1382349.8038597128,1175.73373
3734.0,3304.2660300000002,184671.2849719607,429.7339699999998
2850.42,1764.6675300000002,1178858.4261111007,1085.75247
3183.64,3205.4201199999998,474.3736272143955,21.780119999999897
3254.76,3056.83374,39174.80439758767,197.92626000000018
4461.8,3087.0394299999994,1889966.6248267272,1374.7605700000008
1279.32,549.86934,532098.2653744356,729.45066
1356.25,2729.4767699999998,1885751.7618446322,1373.2267699999998
922.46,1151.88797,52637.19341832088,229.42796999999996
1262.98,903.22236,129425.55953836962,359.75764000000004
1837.18,2318.25831,231436.3403524562,481.0783100000001
2708.59,3145.70781,191071.97981919587,437.11780999999974
993.34,803.39034,36080.8733341156,189.94966
826.04,763.21281,3947.2558032960965,62.82718999999997
2367.71,2136.5692200000003,53426.06017900827,231.14077999999972
975.16,1186.3355000000001,44595.09180025007,211.17550000000017
1394.47,2045.3857,423691.24850649,650.9157
1583.9,788.2944200000001,632988.2389271364,795.60558
1886.67,2632.11902,555694.2414189604,745.44902
4140.93,3393.12625,559210.4485140633,747.8037500000005
1341.01,1832.7735,241831.33993225003,491.7635
3291.34,2669.3919000000005,386819.4390936095,621.9480999999996
1107.81,306.94758,641380.6157682562,800.8624199999999
3108.79,2187.43914,848887.4072227397,921.35086
3712.88,2976.1061200000004,542835.7502502541,736.7738799999997
4477.36,3322.8147000000004,1332974.8497520883,1154.5452999999993
2519.03,2518.17719,0.727284896100542,0.8528100000003178
2635.36,2131.43442,253940.99017833648,503.9255800000001
1157.45,1387.03584,52709.657928505585,229.58583999999996
960.0,1103.38845,20560.247593402477,143.38844999999992
2509.25,2640.0684499999998,17113.466860402437,130.81844999999976
1050.51,762.8541,82745.91680480998,287.6559
2356.72,2447.1343699999998,8174.7583024968935,90.41436999999996
1604.99,1431.1041300000002,30236.295785656846,173.88586999999984
1647.65,953.2100399999999,482246.8580448018,694.4399600000002
1337.88,1758.8336599999998,177201.98386739532,420.9536599999997
936.34,1462.6470100000001,276999.0687751402,526.3070100000001
4247.05,3259.64964,974959.4709281297,987.4003600000001
1497.44,1000.6517799999999,246798.53553076854,496.78822000000014
1284.09,1173.08645,12321.788112602479,111.0035499999999
2418.56,1871.18346,299621.0765423716,547.37654
4137.99,3046.2344999999996,1191930.0717802504,1091.7555000000002
819.92,1529.95004,504142.6577024016,710.03004
2507.41,1736.93611,593630.0151717317,770.4738899999998
1120.36,2525.39535,1974124.3347496223,1405.0353499999999
1365.14,2574.2535799999996,1461955.6493404151,1209.1135799999995
1359.27,1879.8641599999996,271018.2794261052,520.5941599999996
1646.62,2050.68532,163268.78282670252,404.06532000000016
2871.85,2904.99163,1098.367639056905,33.14163000000008
2557.55,3229.2684099999997,451205.6223329274,671.7184099999995
2319.5,2505.43019,34570.035553436115,185.93019000000004
1023.67,879.01536,20924.964873529592,144.65463999999997
765.14,621.78677,20550.14855143288,143.35322999999994
1263.18,1509.02025,60437.42852006249,245.84024999999997
978.81,822.7419500000001,24357.236230802457,156.06804999999986
2549.73,2165.71713,147465.88432563693,384.01287
1093.54,903.65274,36057.17151030759,189.88725999999997
4243.81,2993.06276,1564368.6583676192,1250.7472400000006
1940.4,3178.2946199999997,1532383.0902249434,1237.8946199999996
2686.39,2813.9119800000003,16261.855383120512,127.52198000000044
1467.24,1777.4862,96252.70461444002,310.24620000000004
1589.62,2027.82314,192021.99190585967,438.2031400000001
2236.81,2365.8832199999997,16659.896121168338,129.07321999999976
2966.96,3478.2927299999997,261461.1607692525,511.33272999999963
986.99,1585.1656699999999,357814.13217994873,598.1756699999999
1972.88,1873.83327,9810.254723692906,99.04673000000003
3637.12,1828.7865,3270070.0472222497,1808.3335
3079.23,2211.82168,752397.1936052224,867.40832
1846.55,1962.70734,13492.527635875595,116.15733999999998
1085.74,1907.3268900000003,675005.0178198726,821.5868900000003
2340.09,3049.5117099999998,503279.1626193236,709.4217099999996
1772.1,2400.9581500000004,395462.5728214231,628.8581500000005
2365.83,3135.8976599999996,593004.2009778752,770.0676599999997
2580.63,2963.2874500000003,146426.72404050262,382.65745000000015
2489.15,2721.8538499999995,54151.08180482223,232.70384999999942
1520.32,1832.3431200000002,97358.42741453458,312.0231200000003
2732.66,2968.58707,55661.58235878499,235.92707000000019
2416.2,2533.0899400000003,13663.258073203711,116.88994000000048
1274.7,1165.4957299999999,11925.572586232938,109.20427000000018
4582.91,3502.14102,1168061.58813024,1080.7689799999998
885.17,1937.17387,1106712.142494977,1052.00387
1816.66,2367.7439400000003,303693.50892592384,551.0839400000002
1372.49,2162.27823,623765.4482465327,789.7882299999999
1976.94,1656.97923,102374.89433899299,319.96077000000014
2006.56,1338.53632,446255.63704074244,668.02368
1965.02,2096.28782,17231.240567552406,131.26782000000003
1143.21,1306.56306,26684.222211363573,163.3530599999999
1603.16,338.31492000000003,1599833.0764002064,1264.84508
4698.46,2946.9582100000002,3067758.5203732033,1751.5017899999998
2142.64,2312.7831499999998,28948.69149192246,170.14314999999988
959.55,1859.63031,810144.5644496962,900.08031
901.67,886.96479,216.24320114409898,14.705209999999965
1935.66,2930.43195,989571.2325068027,994.7719500000001
1723.12,877.95758,714299.5161802561,845.1624199999999
1384.24,1876.22824,242052.4282982975,491.9882399999999
1030.45,1301.0086000000001,73201.95603396004,270.55860000000007
1422.12,1664.22959,58617.05356996811,242.10959000000003
1929.28,2213.57853,80825.65416016079,284.2985299999998
1164.39,1828.08743,440494.2785886048,663.6974299999999
3223.53,2940.49694,80107.71305296372,283.0330600000002
2373.61,1266.4572,1225787.3225478402,1107.1528
1242.71,1436.8479799999998,37689.5552784803,194.13797999999974
2791.86,2865.2444800000003,5385.281904870424,73.38448000000017
753.63,697.3979400000001,3162.0445718435926,56.23205999999993
2597.67,2589.10851,73.29911102010084,8.561490000000049
1939.06,1313.52638,391292.3097503043,625.5336199999999
4837.02,3636.42057,1441438.9913163255,1200.5994300000002
732.39,771.2339099999999,1508.8493440880952,38.84390999999994
874.2,1423.5989299999999,301839.1842851447,549.3989299999998
3602.29,2175.42341,2035948.2656582284,1426.86659
2706.34,2575.4152299999996,17141.29539955304,130.92477000000054
2208.05,2223.22386,230.24602729959625,15.173859999999877
740.89,217.28441999999998,274162.8034071364,523.60558
945.55,1600.27544,428665.4017831935,654.7254399999999
428.46,1376.2610599999998,898326.8493371232,947.8010599999998
1034.14,853.30635,32700.808972322553,180.83365000000015
2212.77,2209.17187,12.94653949689896,3.5981299999998555
2136.86,2210.2296499999998,5383.105541122447,73.36964999999964
2103.64,1410.0811899999999,481023.8229286161,693.55881
2228.12,2099.43968,16558.624755302382,128.68031999999994
1380.83,1246.85075,17950.439430562463,133.97924999999987
2182.5,2357.4712099999997,30614.924328863995,174.9712099999997
704.96,417.80922,82455.57045460843,287.15078000000005
1139.93,2316.59461,1384539.6044264522,1176.66461
3552.95,2908.87476,414832.91478105716,644.0752399999997
1949.77,2856.30894,821812.8497363235,906.5389399999999
2335.66,2866.9081800000004,282224.6287533129,531.2481800000005
2279.95,2000.9663299999997,77831.88812666894,278.9836700000001
1644.99,1372.4496,74278.26963216005,272.5404000000001
1806.44,1567.77865,56959.23998382254,238.66135000000008
2516.62,2933.08176,173440.39754229772,416.46176000000014
1074.3,1167.15943,8622.873739924895,92.85942999999997
4010.62,2490.51744,2310711.792918553,1520.1025599999998
1261.26,1546.2214599999998,81203.03368533147,284.96145999999976
1723.16,2271.44397,300615.3117589606,548.2839699999997
1975.1,1862.2801200000001,12728.32532321435,112.81987999999978
2323.21,2814.1668199999995,241038.59910451184,490.9568199999994
1361.36,1909.9767000000002,300980.28351889027,548.6167000000003
913.02,1557.50592,415362.1010782465,644.4859200000001
2801.4,2400.5994400000004,160641.08889631333,400.8005599999997
1691.75,2048.76678,127460.98120156834,357.0167799999999
1317.63,1223.79155,8805.654698402537,93.8384500000002
3392.33,3066.19966,106360.99866851541,326.1303399999997
1070.65,1309.64325,57117.77354556249,238.99325
1165.21,1079.7157,7309.275332490011,85.49430000000007
1380.03,842.3484000000001,289101.5029785599,537.6815999999999
1087.18,1748.59313,437467.3285363968,661.4131299999999
1271.58,1889.40562,381708.49672838446,617.8256200000001
698.73,267.63081,185846.5116186561,431.09919
572.71,1090.74532,268360.59276750236,518.03532
964.44,667.26392,88313.62252416644,297.17608000000007
1763.31,2385.3858,386978.3009456401,622.0758000000001
2716.08,3197.9010699999994,232151.54349594444,481.8210699999995
2796.29,2767.00449,857.6410959601093,29.28551000000016
2005.76,2639.2793599999995,401346.77949480904,633.5193599999996
1026.74,1530.68131,253956.84392451603,503.94130999999993
1769.51,1316.80359,204943.0936550881,452.70641
4128.91,2969.6448499999997,1343895.6880045228,1159.2651500000002
1538.37,1898.94708,130015.83062132641,360.57708
2528.7,2270.81657,66503.86346856483,257.88342999999986
3387.56,2565.94544,675050.4852039936,821.61456
1447.91,2135.40757,472652.9087559046,687.4975699999998
2629.94,2149.81827,230516.87561819275,480.12172999999984
2171.76,2141.33459,925.7055736681173,30.425410000000284
766.94,510.12219,65955.38753319613,256.81781000000007
941.69,1529.95004,346049.8746608015,588.2600399999999
2675.6,2828.6491899999996,23424.054559656015,153.04918999999973
1713.59,1251.09259,213903.85425670806,462.49740999999995
1083.96,1503.02156,175612.5910696335,419.0615599999999
1712.73,1377.05015,112680.9616960225,335.67985
3193.64,2141.33459,1107346.675915268,1052.30541
1885.0,2340.3390299999996,207333.63224134056,455.33902999999964
2618.48,2457.7336099999998,25839.401898032178,160.74639000000025
2019.13,1955.1166199999998,4097.712819024441,64.01338000000032
1763.61,2091.5941199999997,107573.5829721743,327.98411999999985
2583.98,2282.21875,91059.85200156251,301.76125
1588.34,1421.73821,27756.15643120408,166.60178999999994
974.33,1240.81986,71016.84548281961,266.48986
1206.11,1507.2634,90693.37033156009,301.15340000000015
2198.86,2492.28501,86098.23649350005,293.42500999999993
1989.26,1867.5797400000001,14806.085673667567,121.68025999999986
4285.92,2977.76982,1711256.8934340326,1308.15018
1209.51,1846.0225500000001,405148.2263075027,636.5125500000001
1631.75,2006.69633,140584.7503804689,374.94633
2230.79,2890.5809299999996,435324.07131026447,659.7909299999997
1850.28,2179.48971,108379.033158284,329.20970999999986
1140.26,569.22095,326085.59662490245,571.03905
928.24,1021.31601,8663.1436375201,93.07601
988.08,2135.78013,1317215.5884020173,1147.7001300000002
1640.72,467.72523,1375916.7304473529,1172.99477
1234.06,857.18948,142031.38884507035,376.87051999999994
1406.13,2276.74359,757968.023092688,870.6135899999999
2177.02,1554.06702,388070.4152908804,622.95298
1589.61,1284.73718,92947.43637475229,304.8728199999998
1481.33,882.0238800000001,359167.8254694542,599.3061199999999
4098.67,2870.5441,1508293.22625081,1228.1259
1437.25,1717.9248599999999,78778.37703601952,280.67485999999985
1581.8,2351.47252,592395.7880431502,769.6725199999998
2975.07,2515.59905,211113.55389390283,459.47095000000036
3839.07,2202.45576,2678506.1705707787,1636.6142400000003
2126.64,2158.89715,1040.5237261224943,32.25714999999991
2123.22,2906.47979,613495.8986308442,783.2597900000001
2255.41,2383.5389299999997,16417.02270294486,128.12892999999985
1394.08,1688.7052800000001,86804.05561507851,294.6252800000002
2212.61,2223.22386,112.65402409959854,10.613859999999931
1506.69,2076.05397,324175.33033416077,569.3639699999999
1041.76,1419.35709,142579.5623764681,377.59709
683.93,513.57494,29020.846467603595,170.35505999999998
1346.53,1092.9647499999999,64295.33600756255,253.5652500000001
1693.71,2225.51496,282816.5154806015,531.8049599999999
2084.32,2123.8437,1562.1228616899791,39.523699999999735
2417.84,2342.03493,5746.408637704952,75.80507000000034
1792.05,2271.97822,230331.09635236842,479.92822
1444.75,898.35312,298549.5504737344,546.39688
3364.1,2692.02072,451690.5586053183,672.0792799999999
3922.12,2890.6848,1063858.5717990398,1031.4352
3710.56,3676.5981,1153.4106516099855,33.96189999999979
838.12,1491.2606700000001,426592.73480804905,653.1406700000001
1755.48,2544.0478900000003,621839.3171390526,788.5678900000003
2412.56,2357.5034100000003,3031.2281024280655,55.05658999999969
863.37,1513.69247,422919.31498690083,650.32247
1140.33,1852.73866,507526.09884299565,712.40866
674.48,734.4952800000001,3601.833833478409,60.015280000000075
1322.72,833.3411900000001,239491.61967701605,489.37880999999993
1925.23,2186.1265200000003,68066.99414811052,260.89652000000024
2801.41,2584.49411,47052.503334491994,216.91588999999976
1388.36,1454.59371,4386.904340364126,66.2337100000002
1902.88,2376.48246,224299.29011805166,473.60246000000006
990.06,674.78297,99399.60564562088,315.27702999999997
2602.07,1682.52342,845565.9127896967,919.5465800000002
2300.02,2484.3355800000004,33972.23303073655,184.3155800000004
3753.72,2205.6291,2396585.434662809,1548.0908999999997
1773.19,1881.35232,11699.08746778238,108.16231999999991
2505.93,3703.0962,1433206.9104224404,1197.1662000000001
4036.12,3200.55088,698175.7542975746,835.5691200000001
1420.11,1776.14901,126763.77664178023,356.0390100000002
2402.62,2622.0540300000002,48151.29352204105,219.43403000000035
879.91,1590.0349099999999,504277.38780250796,710.1249099999999
3373.37,2510.29943,744890.8088001247,863.0705699999999
2787.46,2767.00449,418.4278893601095,20.45551000000023
2815.78,2253.85993,315754.16506880504,561.9200700000001
1508.25,1279.07885,52519.41599232245,229.1711499999999
1531.99,715.5879,666512.38888441,816.4021
1518.96,1772.08271,64071.10631774404,253.12270999999987
882.35,1508.32118,391839.91819059226,625.9711799999999
1386.94,703.5005,467089.5501602501,683.4395000000001
1726.52,2023.5812999999998,88245.41595768991,297.06129999999985
2798.77,1698.85266,1209818.1548326756,1099.91734
2862.13,3213.3695499999994,123369.22148420203,351.2395499999993
4708.35,3607.70304,1211423.7305572426,1100.6469600000005
1496.26,2275.6858099999995,607504.5932941553,779.4258099999995
1366.44,929.72046,190723.95661781164,436.71954000000005
3855.72,2662.50025,1423773.371790062,1193.2197499999997
1592.7,1845.4883,63901.92461688997,252.78829999999994
1550.4,1702.45638,23121.142698704396,152.05638
2392.32,2088.84044,92099.84333779373,303.4795600000002
1583.1,3172.995,2527766.111025,1589.895
2522.06,2483.80133,1463.7258301689126,38.258670000000166
1790.92,3160.8037299999996,1876581.4337187116,1369.8837299999996
671.71,1114.05936,195672.95629240954,442.34935999999993
3221.31,2648.19342,328462.61427089624,573.1165799999999
1462.14,1976.41897,264482.85898426076,514.2789699999998
1343.8,1902.5508,312202.45650064,558.7508
3163.16,2561.63193,361836.0189979247,601.5280699999998
3158.0,2384.00151,599073.66252228,773.99849
1624.99,1741.70148,13621.569563790385,116.71147999999994
2373.65,2055.02031,101524.87934949623,318.6296900000002
2331.79,2763.39005,186278.6031600025,431.60005
1535.22,1618.8241099999998,6989.647208892061,83.60410999999976
1660.98,1539.8640599999999,14669.070922083632,121.11594000000014
3729.39,2554.9158199999997,1379389.5994866728,1174.4741800000002
711.99,1028.56637,100220.59804237689,316.57637
1672.14,2040.01441,135331.58153284804,367.8744099999999
3262.03,2780.95261,231435.45516921245,481.0773900000004
1042.3,1116.6375,5526.063906250013,74.33750000000009
1937.57,2683.26835,556066.0291927223,745.6983499999999
2175.11,2501.54706,106561.15414144343,326.43705999999975
984.85,235.40271,561671.2404883442,749.4472900000001
2039.14,921.41232,1249315.1666381822,1117.72768
2857.87,2504.92814,124567.95654025953,352.9418599999999
2343.91,1271.75682,1149512.441384112,1072.1531799999998
1289.51,739.00581,303054.8632075561,550.50419
1382.44,2179.2348700000002,634882.0648583171,796.7948700000002
1952.68,2361.64138,167249.41033150436,408.96137999999996
2627.89,1996.20096,399031.0432561216,631.68904
1122.5,1896.1933999999999,598601.4772035598,773.6933999999999
3617.39,2894.03368,523244.3656839422,723.3563199999999
1184.27,974.15368,44148.86793034239,210.11631999999997
1084.64,1135.36171,2572.69186532408,50.7217099999998
2415.37,2503.1390899999997,7703.413159428061,87.76908999999978
2647.32,3131.6558199999995,234581.18653507176,484.33581999999933
2851.97,2812.3199499999996,1572.1264650025153,39.65005000000019
1416.19,2098.2063599999997,465146.3153076491,682.0163599999996
1162.62,886.33739,76332.08058841202,276.28260999999986
623.19,1557.50592,872946.2383654465,934.31592
1310.6,2077.00788,587381.0385260948,766.4078800000002
1230.85,2087.6071199999997,734032.762670694,856.7571199999998
3512.41,3317.87379,37844.33700116401,194.53620999999976
431.53,578.58687,21625.7230141969,147.05687
1697.34,2336.8069800000003,408918.01851032086,639.4669800000004
1337.6,1985.8565599999997,420236.56758303335,648.2565599999998
785.48,373.19283,169980.7105466089,412.28717
2744.8,2481.15152,69510.52100631055,263.6484800000003
1513.91,2302.7181600000004,622218.313282586,788.8081600000003
1685.07,1286.95661,158494.27129729209,398.11339
1072.61,1017.53675,3033.062865562491,55.073249999999916
645.31,370.54302,75496.89329832036,274.76697999999993
4189.54,3153.65724,1073053.0924652175,1035.88276
3537.81,3077.85668,211557.05657902246,459.9533200000001
888.78,1603.35563,510618.33098989696,714.57563
1278.82,1856.9805000000001,334269.5637602502,578.1605000000002
1349.65,2226.3972,768685.6527078396,876.7471999999998
1143.51,1786.81992,413847.6531704063,643.3099199999999
614.49,1123.6008199999999,259193.82704107228,509.1108199999999
3268.66,3298.1634699999995,870.4547420408794,29.503469999999652
1003.0,2436.8938399999997,2056051.5443899448,1433.8938399999997
2723.23,2564.8159899999996,25094.99856428023,158.41401000000042
3540.76,3074.1490900000003,217725.741331028,466.6109099999999
2605.98,1578.0191799999998,1056703.447455073,1027.9608200000002
524.05,1089.15329,319341.7283688241,565.10329
1534.96,465.07542,1144653.0145217762,1069.88458
1545.86,1517.86264,783.8521669695913,27.997359999999844
1351.42,2318.61702,935470.0754968806,967.1970200000001
2344.02,1831.97056,262194.6290043136,512.04944
3822.11,3322.0117599999994,250098.2496510983,500.0982400000007
4561.61,3506.6376999999998,1112966.5537672897,1054.9723
2314.61,3357.62094,1087871.8209596828,1043.0109399999997
2715.4,2562.9691199999997,23235.173177574503,152.43088000000034
3005.8,1697.18896,1712462.8540098823,1308.6110400000002
1548.04,2175.5272800000002,393740.28656179877,627.4872800000003
1239.51,1084.48107,24033.969136944885,155.02892999999995
903.78,1632.50354,531037.9977501315,728.72354
2253.58,2373.40227,14357.376387952929,119.82227000000012
2483.92,1644.26443,705021.4762320251,839.6555700000001
4682.31,3027.68583,2737781.1439481904,1654.6241700000005
2677.46,2499.8040600000004,31561.633017283475,177.65593999999965
1394.36,1816.80297,178458.06290242096,422.44297000000006
755.3,1524.22004,591238.0279136016,768.92004
1787.25,1715.27505,5180.393427502505,71.97495000000004
889.1,1005.7758600000001,13613.256306739613,116.67586000000006
1739.66,2416.22961,457746.43717555184,676.5696099999998
1977.1,1876.0527,10210.55683728999,101.04729999999995
1722.04,1543.5716499999999,31850.951951722534,178.4683500000001
3185.85,2754.38284,186163.91015846533,431.4671599999997
3234.0,2910.3629199999996,104740.95955092668,323.6370800000004
1681.7,2776.0117,1197518.09675689,1094.3117
1583.55,2793.14388,1463117.3545334546,1209.5938800000001
1379.52,1312.84116,4446.067703745605,66.67884000000004
1215.98,1982.0451,586855.73743801,766.0651
3633.07,2625.22737,1015746.7668453171,1007.8426300000001
3719.58,3185.88534,284829.99011251575,533.6946600000001
1521.78,1261.5879599999998,67699.89767936167,260.19204000000013
1442.19,2489.8900399999998,1097675.373816001,1047.7000399999997
1494.08,1673.7710499999998,32288.873450102466,179.6910499999999
811.28,1104.98048,86259.97195223038,293.70047999999997
2758.3,2002.5583599999998,571145.4264298902,755.7416400000004
1667.87,1505.8469100000002,26251.481693147998,162.02308999999968
1286.94,1203.29214,6996.964482579606,83.64786000000004
2128.05,1640.55684,237649.5810467858,487.4931600000002
1576.96,2831.22733,1573186.5351053292,1254.2673300000001
1010.54,2197.4248300000004,1408695.59968413,1186.8848300000004
2875.89,2775.22261,10133.923409412113,100.66739000000007
1839.97,2022.59519,33351.96002253609,182.62518999999998
1663.36,1421.0529900000001,58712.68709513998,242.30700999999976
2814.16,2529.83421,80841.15485912403,284.32578999999987
3704.9,3105.1577199999997,359690.80241959885,599.7422800000004
955.52,1084.48107,16630.957575544915,128.96107000000006
1451.67,1505.3126599999998,2877.5349718755733,53.64265999999975
3072.07,2329.30941,551693.2940571486,742.7605900000003
1455.14,2614.37329,1343821.8206442238,1159.23329
1792.25,1735.7744599999999,3189.4866182916153,56.47554000000014
4287.77,3663.34905,389901.5227989033,624.4209500000006
2353.31,2257.31268,9215.48544718239,95.99731999999995
639.08,1548.06833,826259.7840761889,908.98833
1968.78,2027.99868,3506.852060942394,59.21867999999995
2666.75,2195.56411,222016.1429350923,471.1858900000002
998.18,1084.48107,7447.874683144916,86.3010700000001
1760.98,2218.62331,209437.39918775603,457.64330999999993
2103.29,2041.24773,3849.2432667528897,62.04226999999992
1866.27,2742.72582,768174.8044118726,876.4558200000001
500.99,1095.8694,353881.50054436,594.8794
2765.34,2608.4462700000004,24615.64251331283,156.89372999999978
2538.61,2779.39278,57976.3471445284,240.78278
3342.32,3245.1672699999995,9438.652946453036,97.1527300000007
2288.33,2159.95493,16480.158597504913,128.37507000000005
2176.79,2345.3838100000003,28423.872770316204,168.5938100000003
1794.2,3082.90146,1660751.4530061316,1288.70146
3143.96,2692.2755599999996,204018.833338114,451.68444000000045
3648.13,2035.51773,2600518.333354553,1612.61227
1505.05,2080.81934,331510.33288403566,575.76934
1760.94,2337.6892199999998,332639.66277060803,576.7492199999997
1260.83,2253.42955,985253.8666602023,992.5995499999999
2337.07,2816.9205,230256.50235025,479.8505
2415.44,2956.93005,293211.47424900235,541.4900499999999
1435.13,1521.6418999999999,7484.308841609955,86.51189999999974
1490.77,1442.50631,2329.3837724161,48.26369
4265.53,3671.29848,353111.0993615102,594.2315199999998
1501.54,1896.36894,155889.89186152368,394.8289400000001
2923.05,1749.82645,1376453.498274603,1173.2235500000002
2245.9,2136.5692200000003,11953.21945540835,109.33077999999978
2071.46,1145.53057,857345.3093401252,925.9294300000001
1872.14,2181.08174,95444.9987142276,308.94174
1565.76,1064.24722,251515.06850332842,501.51278
2703.29,2769.1200499999995,4333.595483002444,65.83004999999957
1888.36,2334.15717,198735.11678000895,445.79717000000005
4071.47,3271.23499,640376.0712296999,800.2350099999999
1067.72,1842.13942,599725.4380731363,774.41942
1211.83,757.55448,206366.24807127033,454.2755199999999
2741.94,1726.33687,1031449.7176657969,1015.60313
1232.09,1946.5397899999998,510438.50243104395,714.4497899999999
3682.42,2510.4033000000004,1373623.1450788893,1172.0166999999997
839.24,1078.91276,57443.03188601756,239.67275999999993
3171.26,3242.5174599999996,5077.6256056515085,71.25745999999936
1149.55,460.20618,475194.9021721923,689.3438199999999
2363.91,2327.89292,1297.2300517264057,36.01708000000008
688.16,1414.41618,527448.0389881923,726.25618
1121.18,1803.45005,465492.4211270023,682.2700499999999
2240.0,2122.8575899999996,13722.344220608189,117.14241000000038
2461.04,2759.68246,89187.31891485161,298.64246
1076.35,682.7324,154934.81502975995,393.6175999999999
1900.42,877.95758,1045429.4003122565,1022.4624200000001
2509.94,2913.9988399999997,163263.54618214536,404.0588399999997
1970.88,1817.48819,23529.047375076123,153.39181000000008
1922.49,2074.1032299999997,22986.57151103281,151.6132299999997
3482.66,3491.54178,78.88601596840289,8.881780000000163
1049.99,861.25578,35620.605799008415,188.73422000000005
1343.23,755.3350499999999,345620.4722355026,587.8949500000001
1138.6,1649.46018,260978.12350963254,510.8601800000001
2331.11,2168.96214,26291.928502579613,162.14786000000004
4335.61,3546.75741,622288.4087497073,788.8525899999995
1758.87,2737.0674900000004,956870.3294423011,978.1974900000005
3682.94,2497.51296,1405237.2671631617,1185.42704
3654.86,2415.3366499999997,1536418.1351952234,1239.5233500000004
1027.79,1109.92139,6745.565223332102,82.13139000000001
1785.86,1596.9982300000001,35668.768167532806,188.86176999999975
1749.37,2027.5683000000001,77394.29412289013,278.19830000000024
846.1,230.10309,379452.19312954816,615.9969100000001
3687.7,2098.57892,2525305.806900366,1589.12108
3640.96,2177.01544,2143133.6747535933,1463.94456
1294.34,829.02768,216515.5551437823,465.3123199999999
3170.84,3048.09522,15066.281017248399,122.74477999999999
3653.15,1767.31734,3556364.821522676,1885.83266
1340.49,2417.28739,1159492.619110812,1076.79739
866.17,1063.6413,38994.91432369002,197.47130000000004
1765.54,2306.0670400000004,292169.48097116203,540.5270400000004
1392.23,2458.0923199999997,1136062.4851957818,1065.8623199999997
1508.42,1719.5168899999999,44561.896967672015,211.0968899999998
3349.86,2147.86753,1444785.8979367013,1201.9924700000001
1778.22,2563.65434,616907.1024512356,785.43434
3656.87,3303.0327099999995,125200.82779454438,353.8372900000004
1304.96,2054.7516199999995,562187.4734222237,749.7916199999995
2896.03,2456.2454500000003,193410.45041870238,439.78454999999985
1433.07,2400.2268799999997,935392.430531334,967.1568799999998
4167.8,3768.91107,159112.37847654495,398.8889300000001
3698.45,2824.43955,763894.2667092021,874.0104499999998
1212.3,1334.03964,14820.539947329602,121.73964000000001
1037.56,1035.72671,3.360952224100123,1.8332900000000336
934.5,1157.97668,49941.82650382239,223.47668
3762.26,3523.3395,57083.005320250086,238.92050000000017
2717.0,2067.31545,422090.01450870244,649.68455
2121.34,2606.15517,235045.74906212874,484.81516999999985
1714.07,2700.75924,973555.6563317775,986.6892399999999
2129.2,2447.0627,101036.69605129008,317.86270000000013
1391.77,882.0238800000001,259841.1068550543,509.7461199999999
2954.09,2011.5655699999998,888352.3011468257,942.5244300000004
1264.29,1521.57023,66193.11674885293,257.2802300000001
2093.56,2796.7798000000003,494518.08711204043,703.2198000000003
1367.78,1150.8301900000001,47067.22005903603,216.94980999999984
2397.8,2725.66531,107495.6615013959,327.8653099999997
1206.79,892.69479,98655.80094494407,314.09520999999995
1040.54,1116.0101,5695.7359940100005,75.4701
1767.48,1323.69524,196944.9132082576,443.78476
2073.94,1775.1628999999998,89267.75548441015,298.77710000000025
2215.04,1888.34784,106727.76740546564,326.69216000000006
2171.2,2453.95435,79950.02244392259,282.75435000000016
1077.94,784.84167,85906.63104878891,293.09833000000003
4769.18,2936.0002599999993,3360547.959146471,1833.179740000001
913.13,1174.5029399999999,68315.81376424353,261.37293999999986
1085.02,1997.94396,833430.1567420817,912.9239600000001
1853.61,1776.68326,5917.723327027582,76.92673999999988
836.05,1130.06209,86443.10906616806,294.01208999999994
1366.6,1837.8975799999998,222121.40891385634,471.2975799999999
1400.68,1934.4523900000002,284912.9643263122,533.7723900000001
1493.72,2141.0797500000003,419074.6459200629,647.3597500000003
1669.41,1790.3765400000002,14632.90379957163,120.96654000000012
718.6,1190.83218,223003.2318275525,472.2321800000001
1986.66,2333.65512,120405.61330381427,346.9951199999998
859.61,808.6899599999999,2592.850473601609,50.920040000000085
2276.32,1713.7868899999999,316443.49984627246,562.5331100000003
1203.19,1252.93946,2475.0087702916,49.74946
1397.06,1931.44387,285566.12051617703,534.3838700000001
959.38,1317.59268,128316.32411278239,358.21268
1260.97,1726.33687,216566.32369359696,465.36687000000006
2039.87,2428.9444099999996,151378.8965168479,389.0744099999997
3915.37,3072.55706,710333.6518314433,842.8129399999998
1866.45,2496.24744,396644.8154305537,629.79744
1088.15,1910.50023,676259.9007810529,822.35023
1680.56,2466.04175,616981.5795830623,785.4817499999999
1302.12,2389.6276399999997,1182672.867058369,1087.5076399999998
2761.17,2575.4869000000003,34478.213625609904,185.68309999999974
887.71,1248.76929,130363.81089530404,361.0592899999999
1588.33,2451.73492,745468.0558802063,863.40492
1001.31,1652.0383199999999,423447.3464500223,650.7283199999999
3803.06,2127.7268299999996,2806741.23050225,1675.3331700000003
1653.01,1569.89421,6908.23454732411,83.11579000000006
1751.16,2096.7182,119410.4695872398,345.5581999999997
2443.0,2221.95834,48859.41545555554,221.04165999999987
2229.0,1265.75813,927834.900121097,963.2418700000001
737.71,1408.0587799999998,449367.48684748815,670.3487799999998
1254.12,1752.0458800000001,247930.18197377463,497.92588000000023
1316.68,1717.85319,160939.9283747761,401.17319
914.44,1932.93203,1037326.0151735207,1018.4920299999999
2070.18,2149.35569,6268.789886976105,79.17569000000003
750.08,628.57455,14763.574379702499,121.50545
1174.99,1968.89992,630292.9610744065,793.90992
1468.45,1002.8712099999999,216763.60969786422,465.57879000000014
2270.87,1612.39504,433589.27294700133,658.4749599999998
1178.94,862.4891,100141.17211081003,316.45090000000005
1032.39,1177.15275,20956.253787562462,144.76274999999987
678.94,1049.76485,137511.06937752248,370.82484999999997
1926.92,2144.15994,47193.19153120357,217.23993999999993
1414.76,1245.61743,28609.208986204892,169.14256999999998
908.78,1364.6040400000002,207775.55544192178,455.8240400000002
829.18,1922.33279,1194983.0222847844,1093.15279
1492.02,2030.5768200000002,290043.4483685127,538.5568200000002
1127.73,354.64416,597661.7160085056,773.08584
730.77,1559.72535,687166.9722936224,828.95535
2873.1,2808.61236,4158.655712769578,64.48763999999983
1152.65,1964.72975,659473.5203600622,812.0797499999999
1289.24,1551.87979,68979.65929124407,262.63978999999995
4476.47,2956.1409599999997,2311400.389867323,1520.3290400000005
2603.54,2455.1876700000003,22008.413816428812,148.3523299999997
1345.6,1688.0778799999998,117291.09828929434,342.4778799999999
2599.69,2460.48729,19377.394471344105,139.20271000000002
1389.41,1407.8039400000002,338.3370287236058,18.393940000000157
1694.58,2237.53069,294795.45177147625,542.9506900000001
3405.44,2528.95197,768231.2667332808,876.48803
2122.45,1492.59786,396713.7182625793,629.8521399999997
1013.17,1079.61183,4414.516773748913,66.4418300000001
3217.99,2499.70019,515940.25114983576,718.2898099999998
2524.15,2645.11323,14632.103012032861,120.96322999999984
1615.85,2292.64245,458048.02037700237,676.7924499999999
717.67,140.43993,333194.55371220486,577.23007
1039.29,815.2229,50206.065302409996,224.06709999999998
2480.81,2413.22109,4568.260754988092,67.58890999999994
3455.73,3226.1882199999995,52689.42876556861,229.54178000000047
3993.42,2646.42585,1814393.2401342224,1346.99415
3906.47,3599.7536099999998,94074.94389463213,306.71639000000005
1270.94,1159.21,12483.592900000003,111.73000000000002
1124.3,1846.38126,521401.34604318783,722.0812600000002
1653.7,1253.56686,160106.5297262597,400.13314000000014
3949.99,3452.22501,247769.98526969977,497.76498999999967
1855.39,1829.69331,660.3198769560995,25.69668999999999
2417.65,2343.79178,5455.036661568411,73.85822000000007
1735.67,3036.2626599999994,1691541.2672458738,1300.5926599999993
1588.89,1294.54733,86637.6073827289,294.34267
2238.9,2566.30415,107193.4774372224,327.40414999999985
774.29,866.19669,8446.839666756105,91.90669000000003
670.53,633.8025,1348.9092562499973,36.727499999999964
1200.29,1333.06116,17628.1809277456,132.77116
1887.85,1328.99486,312319.0675044195,558.8551399999999
1740.66,1475.46568,70328.02736026244,265.19432000000006
2664.04,2626.89107,1380.0430001448879,37.14892999999984
995.25,2282.57746,1657211.9892700515,1287.32746
1531.76,1920.84463,151386.84930223695,389.08463000000006
1726.84,2164.19677,191280.94426483297,437.3567700000001
1155.26,1334.72486,32207.635974819616,179.46486000000004
2263.63,1741.70148,272409.37998939055,521.9285200000002
2640.17,2039.1214499999999,361259.3594571027,601.0485500000002
2702.86,2877.50742,30501.721312656326,174.64741999999978
2777.35,2493.34279,80660.09533198396,284.00720999999976
3365.29,2989.3551700000003,141326.99640712867,375.9348299999997
1456.05,1360.5377400000002,9122.591810307551,95.51225999999974
815.56,631.15269,34006.055981436075,184.40730999999994
1937.33,1244.63132,479831.4612737424,692.69868
3042.64,2455.0121299999996,345306.5136007372,587.6278700000003
1029.55,280.87986,560506.9785276195,748.67014
4676.87,3236.7874599999996,2073837.7220128526,1440.0825400000003
2619.26,2617.8121899999996,2.0961537961016576,1.4478100000005725
852.73,809.92328,1832.4152771584036,42.80672000000004
1792.0,2079.76156,82806.71541363356,287.7615599999999
1472.52,914.25198,311663.18215472036,558.26802
1158.51,1277.4868199999999,14155.483697312367,118.97681999999986
1846.32,2710.9281,747547.1665856102,864.6081000000001
2905.1,2749.08322,24341.235641568375,156.01677999999993
3411.78,2805.89088,367101.62573437474,605.8891200000003
943.85,937.05634,46.15381619560062,6.793660000000045
2470.72,3037.85469,321641.7566013965,567.1346900000003
1055.32,1861.4910300000001,649911.7296112612,806.1710300000002
996.84,1069.54684,5286.284582785592,72.70683999999994
918.37,1858.03828,882976.4764381583,939.66828
1056.8,781.40277,75843.63429167286,275.3972299999999
4469.25,2327.52036,4587005.85085453,2141.72964
2583.97,1283.94809,1690056.9664800474,1300.0219099999997
3426.16,1605.67893,3314151.3262283443,1820.4810699999998
1955.77,1750.9881,41935.62656760998,204.78189999999995
2318.46,2742.36711,179697.2379085522,423.9071100000001
864.05,808.33125,3104.5791015625,55.71875
3596.57,2750.74692,715416.6826606866,845.8230800000001
1401.97,2005.53468,364290.32294350234,603.56468
957.87,660.3006,88547.54781635999,297.5694
2331.76,2172.07453,25499.449329121013,159.68547000000035
725.24,692.0983200000001,1098.3709532223968,33.14167999999995
1129.99,2340.87328,1466238.3177835578,1210.8832799999998
881.57,322.84644000000003,312172.0164990736,558.72356
1922.78,2435.47735,262858.57269702264,512.6973500000001
2415.38,2455.1876700000003,1584.6505908289114,39.807670000000144
3009.84,2147.6919900000003,743299.1911469599,862.1480099999999
1776.44,2744.21398,936586.4763650403,967.7739799999999
2063.53,2389.2689299999997,106105.85051754459,325.7389299999995
2327.0,2143.72956,33588.05417779352,183.27043999999978
3269.59,3307.27455,1420.1253087024959,37.684549999999945
1487.75,1330.15651,24835.708090380092,157.59348999999997
2117.85,2692.2755599999996,329964.72398131323,574.4255599999997
2243.07,1692.9471199999998,302635.1830994948,550.1228800000004
1900.31,2389.3728,239182.42234384015,489.06280000000015
988.5,1367.25385,143454.47888982255,378.75385000000006
2752.74,2519.6653499999998,54323.79247262251,233.07465000000002
4245.61,2194.50633,4207026.265087467,2051.1036699999995
960.46,1195.7014199999999,55338.525683616324,235.24141999999983
1642.81,1834.44483,36723.908069128884,191.63482999999997
4766.13,2597.8470300000004,4701451.03799202,2168.2829699999998
4153.59,3450.99169,493644.38521485653,702.5983100000003
1956.05,2525.14051,323864.0085720603,569.0905100000002
1834.84,1378.1079300000001,208604.18376648473,456.7320699999998
1500.01,1166.72905,111076.19163290256,333.2809500000001
3014.15,2168.00823,715955.8949387332,846.1417700000002
1832.07,1737.7390500000001,8898.328127902463,94.3309499999998
2192.5,1733.92759,210288.65521320808,458.57241
2518.88,1956.81252,315919.8520735506,562.0674800000002
829.22,895.70331,4420.030508556095,66.48330999999996
2636.4,3298.1634699999995,437930.89022644015,661.7634699999994
1081.46,785.6446100000001,87506.74496085208,295.81539
627.45,283.52967,118281.19338730893,343.92033000000004
1921.09,2321.5355200000004,160356.61448807074,400.44552000000044
4777.5,3169.5561000000002,2585483.5855472093,1607.9438999999998
1608.91,2451.73492,710353.8457730061,842.8249199999998
2102.57,1705.5687699999999,157609.97662151314,397.0012300000003
1441.14,1630.9115100000001,36013.22600768011,189.77151000000003
4342.72,3079.44871,1595854.3521382643,1263.2712900000001
2445.6,1330.58689,1243254.235471872,1115.0131099999999
832.67,1528.35801,483981.80725776,695.68801
1205.3,1577.84364,138788.76370444967,372.5436400000001
2680.46,2457.76581,49592.70225975617,222.69419000000016
3709.85,3029.17399,463319.8305895203,680.6760100000001
1865.64,2447.1665700000003,338173.1516159652,581.5265700000002
1505.39,1845.84701,115910.97565814,340.45700999999985
734.73,1819.34891,1176398.179929588,1084.61891
982.66,431.05827,304264.46853899286,551.60173
1440.95,1437.20669,14.012369756100487,3.743310000000065
1242.47,1046.32595,38472.48835040254,196.1440500000001
1828.31,1422.0068999999999,165082.20906961008,406.3031000000001
1791.38,2045.3857,64518.89563248996,254.00569999999993
2742.95,1693.12266,1102137.4438114753,1049.8273399999998
1144.56,2274.2693200000003,1276243.1476948634,1129.7093200000004
1584.71,1639.95092,3051.5592424463957,55.24091999999996
787.55,1416.70728,395838.8829769986,629.1572800000001
1090.52,848.0067300000001,58812.68612609286,242.51326999999992
1428.13,1661.5797799999998,54498.799782048256,233.4497799999997
2879.9,2458.26786,177773.66148097973,421.63214000000016
1016.57,1107.63029,8291.976414884102,91.06029000000001
1534.79,1532.3450100000002,5.9779761000987,2.444989999999734
3500.75,2314.27131,1407731.6818241158,1186.47869
943.26,1097.4614299999998,23778.081014044852,154.20142999999985
1376.29,2090.25693,509748.77713362494,713.96693
2393.27,3113.1071499999994,518165.5225201216,719.8371499999994
1524.82,1858.29312,111204.32176253447,333.4731200000001
892.73,354.64416,289536.37120850553,538.08584
1427.67,1824.8240700000001,157731.35531756494,397.15407000000005
1538.87,2340.5145700000003,642634.0166104855,801.6445700000004
2687.66,2967.09891,78086.10442198828,279.4389100000003
1574.8,2246.5379,451231.8062964098,671.7378999999999
719.02,1074.67092,126487.57689684643,355.65092000000004
973.61,1567.6747799999998,352912.96283644816,594.0647799999998
3344.8,3500.2803000000004,24174.123688090054,155.48030000000017
3755.46,2577.53079,1387517.2237712247,1177.9292100000002
4457.97,3692.49696,585948.9749668421,765.4730400000003
2946.03,2142.03366,646410.1147333959,803.9963400000001
1285.96,1536.4113100000002,62725.85868071618,250.45131000000015
1971.24,2211.82168,57879.5447516224,240.58168
1738.12,2157.66383,176017.02529106895,419.54383000000007
2744.21,2864.08283,14369.49537220885,119.8728299999998
2279.6,2402.62185,15134.375577422521,123.02185000000009
1879.84,2034.3560799999998,23875.21897856636,154.51607999999987
2447.95,2964.87948,267216.0872930706,516.9294800000002
1492.62,2407.7459299999996,837455.4677583644,915.1259299999997
1924.64,2004.0465199999999,6305.395418510364,79.40651999999977
2179.14,2239.1227200000003,3597.9266985984514,59.98272000000043
1128.41,2053.1595899999998,855161.8042051675,924.7495899999997
2084.52,2001.9309600000001,6820.949528121574,82.58903999999984
753.63,222.58404000000002,282009.8116323215,531.0459599999999
1702.88,2485.21782,612052.464602352,782.3378199999997
4073.74,3287.1338499999997,618749.2352178226,786.6061500000001
1423.7,1440.55557,284.1102400248981,16.855569999999943
1486.83,3048.4539299999997,2438669.298748644,1561.6239299999997
1985.45,1570.85884,171885.82995014556,414.59115999999995
993.03,747.816,60129.90579599997,245.21399999999994
1498.5,703.93088,631340.0864575744,794.56912
3076.56,2615.60661,212478.02775249223,460.9533900000001
1513.01,2573.5683599999998,1124784.034965889,1060.5583599999998
1978.25,1802.71878,30811.20919468843,175.53122000000008
1143.72,2025.6037099999999,777718.8779633638,881.8837099999998
3116.13,2476.2106099999996,409496.82569797273,639.9193900000005
2222.85,1964.40324,66794.72775449751,258.4467599999998
2382.91,2490.6929800000003,11617.170777680487,107.7829800000004
4109.54,2622.7531,2210535.28601161,1486.7869
1827.47,2304.8337199999996,227876.12117223802,477.3637199999996
1522.72,2065.97826,295129.5370582274,543.2582599999998
1379.6,1625.18151,60310.27805388009,245.58150999999998
1337.99,1567.31607,52590.446381644935,229.32607000000007
3384.74,2863.6524499999996,271532.2347650027,521.0875500000002
1683.01,2332.56514,421921.8799004198,649.5551400000002
4258.23,2889.1644399999996,1874340.5075781136,1369.06556
1154.01,2009.2744699999998,731477.3136443807,855.2644699999998
1377.4,1862.54881,235369.367844416,485.1488099999999
2056.88,2469.31896,170105.89572588156,412.43895999999995
1927.68,1264.34164,440017.77984748955,663.33836
1431.67,902.86365,279636.1558003226,528.8063500000001
2525.95,2578.06504,2715.977394201614,52.115040000000135
648.64,240.70233000000002,166413.14260502887,407.93766999999997
2786.99,2796.8514699999996,97.24859056089657,9.861469999999827
2032.97,1825.0789099999997,43218.705301388225,207.8910900000003
4104.64,3155.0737299999996,901676.1011217142,949.5662700000007
1043.75,756.92708,82267.38743732637,286.82291999999995
2518.86,2890.6848,138253.6818950399,371.82479999999987
1323.79,1744.7816699999998,177233.9862093888,420.9916699999999
2815.19,2352.20379,214356.23065016413,462.98621
2922.92,2961.2650399999998,1470.342092601577,38.3450399999997
1534.84,2127.8307,351637.97028649005,592.9907000000001
1039.51,698.63126,116198.31538398759,340.87874
2768.48,2623.11181,21131.91066387614,145.36819000000014
2222.97,2584.49411,130699.6821112923,361.5241100000003
820.0,750.39414,4844.975746339601,69.60586
2527.63,2890.5809299999996,131733.37758786455,362.9509299999995
4443.95,3028.7436099999995,2002809.126296833,1415.2063900000003
1202.08,1077.0658899999999,15628.527699092117,125.01411000000007
2881.75,3428.73543,299193.0606322851,546.9854300000002
1187.77,823.72806,132526.53407896357,364.04193999999995
2201.82,1695.2382199999997,256625.09982796884,506.58178000000044
961.2,1456.81314,245632.38454065952,495.61313999999993
1923.87,2031.07887,11493.741806676935,107.20887000000016
1338.67,1567.31607,52279.025326444906,228.64607
3056.42,2168.00823,789275.4730745332,888.4117700000002
2584.71,1734.9853699999999,722031.9468286372,849.7246300000002
571.64,233.18328000000002,114552.95131315838,338.45671999999996
2271.15,2671.6113299999997,160369.2768253686,400.46132999999963
1534.33,549.86934,969162.7910876356,984.46066
1336.19,2094.1400599999997,574488.293454003,757.9500599999997
1156.98,1920.14556,582421.6719701134,763.1655599999999
3034.0,2467.90247,320466.4134721009,566.09753
2451.72,1376.69144,1155686.4048156731,1075.0285599999997
1522.93,1235.62411,82544.67442869215,287.3058900000001
1130.56,2000.2672599999999,756390.7180967075,869.7072599999999
829.69,1032.01912,40937.07279997435,202.32911999999988
1626.62,1644.26443,311.325910024902,17.644430000000057
2951.24,2573.4644899999994,142714.3359557604,377.7755100000004
2315.26,1806.20373,259138.28602631317,509.05627000000027
3283.91,2174.72434,1230292.8283496348,1109.1856599999996
2800.75,2112.2583499999996,474020.752119723,688.4916500000004
1569.61,1951.5845700000002,145904.57212668515,381.9745700000003
862.23,1418.6580199999999,309612.14144112024,556.4280199999998
3725.25,3015.85327,503243.7205346928,709.3967299999999
1817.16,1918.09095,10187.056667902487,100.93094999999994
1500.1,1932.50165,186971.18692272253,432.40165
1355.11,346.69473000000005,1016901.3567691726,1008.4152699999999
2451.99,1741.70148,504509.7816437902,710.2885199999998
2330.24,2354.92527,609.3625549729197,24.6852700000004
1531.41,1352.58831,31977.196814456096,178.82169
1607.11,1957.8703,123032.7880560901,350.76030000000014
2583.99,2891.74258,94711.65049665658,307.7525800000003
2439.62,2274.19765,27364.553879522442,165.42234999999982
4021.74,2454.65342,2455760.3492160956,1567.0865799999997
3632.82,2596.255,1074466.9992250002,1036.565
2164.79,2122.8575899999996,1758.327008408129,41.932410000000345
2616.91,2433.9891900000002,33460.022731055964,182.92080999999962
2065.57,2726.82696,437260.7671484412,661.2569599999997
508.27,299.42853,43614.759591760885,208.84146999999996
1501.64,902.86365,358533.1173193226,598.7763500000001
3530.18,3563.0866499999997,1082.8476142224933,32.9066499999999
1292.68,1362.6533,4896.262712889983,69.97329999999988
1219.25,1292.25623,5329.909618812894,73.00622999999996
955.89,320.19663,404106.06066195684,635.69337
2481.8,2005.53468,226828.6550347026,476.2653200000002
1352.71,1135.36171,47240.279165924156,217.34829000000013
1458.67,2031.96111,328662.69680503197,573.2911099999999
3536.96,2656.14285,775838.8517341223,880.8171499999999
4331.07,3328.5447000000004,1005056.9771400887,1002.5252999999993
2086.84,1805.47246,79167.69256565171,281.3675400000002
1348.48,1761.58734,170657.67436187563,413.10734
1605.23,1723.75873,14049.0598354129,118.52873
2737.38,2521.32905,46678.01299590262,216.05095000000028
1263.57,1984.26453,519400.60557192087,720.69453
1489.67,1102.33067,150031.7565648489,387.33933
2356.46,2344.15049,151.52403644010113,12.309510000000046
1457.85,2767.70356,1715716.3486446736,1309.85356
2635.11,2084.27209,303422.40309316834,550.8379100000002
2505.45,2029.38297,226639.81705302084,476.06702999999993
3149.01,2566.9315500000002,338815.3219544025,582.07845
3488.89,3443.8451999999997,2029.0340070400111,45.04480000000012
944.79,555.9719,151179.51488760996,388.81809999999996
4435.32,3243.7507800000003,1419837.206051407,1191.5692199999994
1176.61,1026.7195,22467.16199024999,149.89049999999997
3108.1,2305.63666,643947.4120439553,802.4633399999998
3294.85,2709.3360700000003,342826.56222404446,585.5139299999996
917.85,1176.52535,66912.93669762243,258.67534999999987
1790.75,1820.40669,879.5192617561015,29.656690000000026
1558.9,1871.28733,97585.84394452891,312.38733
562.9,1028.56637,216845.16814897693,465.66637000000003
2554.63,2095.66042,210653.07536537637,458.96957999999995
1039.49,1064.07168,604.2589916224002,24.581680000000006
2447.86,2631.06124,33562.694337537556,183.20123999999987
673.41,532.12361,19961.843999232096,141.28638999999998
2855.87,2209.17187,418218.4713454966,646.6981299999998
2031.75,2824.3356799999997,628192.0601410619,792.5856799999997
945.52,1033.86599,7805.013949080105,88.34599000000003
3750.63,2445.6462100000003,1702982.6921627636,1304.9837899999998
1769.86,3212.31177,2080667.1087761326,1442.45177
1999.41,2101.22873,10367.053778812846,101.81872999999973
1186.17,1543.89816,127969.43645698552,357.7281599999999
2977.69,2501.54706,226712.09931184378,476.1429400000002
2401.68,2303.34556,9669.662090113527,98.33443999999963
1826.75,1978.6062000000002,23060.305478440052,151.85620000000017
3513.34,1772.61696,3030116.701986842,1740.72304
1569.26,1459.8933299999999,11961.068506888925,109.36667000000011
1594.33,1353.90093,57806.13770106486,240.4290699999999
1205.06,2409.23409,1450035.239027328,1204.17409
1875.19,1297.1971400000002,334075.7462109794,577.9928599999998
3867.03,2716.5542299999997,1323594.497357094,1150.4757700000005
1473.24,2003.9748499999998,281679.4810045223,530.7348499999998
2273.72,2191.3222699999997,6789.385909152923,82.39773000000014
2411.3,2601.9850000000006,36360.76922500015,190.6850000000004
1772.54,2610.6657,702454.6890004901,838.1257
1572.02,1245.0617,106901.72993889,326.9583
1730.27,2477.26839,558006.5946625924,746.9983900000002
520.31,665.6718900000001,21130.079064372138,145.36189000000013
1426.13,1818.5459700000001,153990.29351104092,392.41597
877.79,832.1078699999999,2086.8570013369026,45.68213000000003
2983.09,2080.5645,814552.2781502503,902.5255000000002
932.15,1327.5067,156306.92023488996,395.35669999999993
1747.51,1373.25254,140068.64636565163,374.25746000000004
1099.47,1604.3417399999998,254895.47385062743,504.8717399999998
3010.35,2088.51393,849781.7399530446,921.8360699999998
3470.92,1704.24543,3121139.036284685,1766.6745700000001
1217.47,1488.61086,73517.36596153959,271.14086
2494.92,2628.3075599999997,17792.24116275351,133.38755999999967
1254.93,2030.4729499999999,601466.8672947022,775.5429499999998
1081.48,998.00197,6968.581492680898,83.47802999999999
1635.02,1867.2210300000002,53917.31833306098,232.20103000000017
1034.94,1000.90662,1158.2709542244054,34.03338000000008
4096.71,2968.22836,1273470.8118170896,1128.48164
3697.75,2627.87718,1144627.8509747526,1069.87282
1130.62,1694.6108199999999,318085.64504427236,563.99082
2162.2,2084.6308,6016.980788639986,77.56919999999991
1524.18,1005.1484599999999,269393.7395147718,519.0315400000002
2155.55,2097.87985,3325.8462010225435,57.670150000000376
4394.89,3280.84812,1241089.3103939348,1114.0418800000002
3279.45,2668.60281,373134.28953089606,610.84719
719.9,716.01828,15.06775015839979,3.881719999999973
588.52,1385.26827,634807.8057479929,796.74827
1274.81,844.99821,184738.17482300408,429.81179
1780.3,1752.37239,779.9514003120977,27.92760999999996
1636.22,1195.87696,193901.99287644157,440.34304
2093.63,1843.30107,62664.57319494496,250.32893000000013
3135.97,2064.66564,1147693.0317550087,1071.3043599999996
4464.02,3687.1973399999997,603453.4450894768,776.8226600000007
2265.82,2774.59521,258852.21431054387,508.7752099999998
2579.21,2174.26176,163983.07707909774,404.94824000000017
2120.94,1941.50886,32195.534001699652,179.43114000000014
2195.0,2889.52315,482362.4058859225,694.52315
2396.73,2872.8352,226676.16146703996,476.10519999999997
1928.56,2459.1501,281525.85421800986,530.5900999999999
2336.6,2919.83271,340160.3940139444,583.2327100000002
2456.74,1889.7321299999999,321497.9246419368,567.0078699999999
1448.55,412.07921999999996,1074271.6777938085,1036.47078
3490.54,3465.0436799999998,650.06233354241,25.496320000000196
521.2,1166.98389,417036.832583532,645.7838899999999
1956.84,1866.6867799999998,8127.603076368427,90.15322000000015
3361.3,2967.17058,155337.99970953655,394.1294200000002
1358.73,1811.9337300000002,205393.62088591306,453.2037300000002
2560.25,1268.04923,1669782.8299885928,1292.20077
1351.54,1941.86757,348486.6399021048,590.3275699999999
678.05,700.04775,483.90100506249985,21.997749999999996
1982.72,1465.56551,267448.76652716025,517.1544900000001
442.44,1082.26164,409371.73101228947,639.8216399999999
1811.68,1831.18147,380.30733216089715,19.501469999999927
4238.34,2650.30898,2521842.5204822416,1588.0310200000004
1413.76,1446.2139,1053.2556252099985,32.453899999999976
4524.28,2998.36238,2328424.5830264636,1525.9176199999997
784.54,1240.81986,208191.3106416197,456.2798600000001
979.11,703.1279400000001,76166.09744184357,275.98205999999993
2241.82,2697.6790499999997,207807.4734669021,455.85904999999957
3757.08,2699.59759,1118269.0474594082,1057.48241
3219.07,3287.1338499999997,4632.687676822438,68.06384999999955
1851.76,2573.5683599999998,521007.30856588925,721.8083599999998
1648.0,2832.7154899999996,1403550.7922459391,1184.7154899999996
1986.61,2507.64962,271482.28560974466,521.0396200000002
1770.2,1261.5879599999998,258686.2072329618,508.6120400000002
2526.3,2278.7659999999996,61273.08115600028,247.53400000000056
952.74,725.12936,51806.6034412096,227.61064
1305.14,1782.25157,227635.4502278647,477.1115699999998
763.44,362.59359,160677.84440988814,400.84641000000005
2438.9,2246.71344,36935.67384463364,192.1865600000001
4471.22,2631.7603099999997,3383611.9511348982,1839.4596900000006
2124.17,2828.57752,496189.95423255005,704.4075199999997
1383.23,2275.6858099999995,796477.3728027552,892.4558099999995
1207.03,2238.76401,1064475.0673906798,1031.73401
1655.31,2321.79036,444196.0702657296,666.48036
1532.84,2861.96727,1766579.2998576534,1329.1272700000002
840.01,310.02777,280881.164115773,529.9822300000001
2500.89,2393.3352299999997,11568.02854975294,107.55477000000019
1870.72,2113.74651,59061.88456278006,243.02650999999992
2290.71,2554.2884200000003,69473.58348969655,263.5784200000003
582.72,644.83212,3857.9154508944007,62.112120000000004
3651.47,2292.01505,1848117.761079502,1359.4549499999998
1263.76,1469.1799500000002,42197.35585800258,205.4199500000002
3397.03,3061.34427,112684.909325633,335.68573000000015
686.94,988.81922,91131.06346780834,301.8792199999999
1402.24,1660.522,66709.59152399996,258.2819999999999
1155.14,1905.73486,563392.6438584195,750.5948599999999
1858.62,2331.86607,223961.84277044504,473.24607000000015
1371.3,1209.55639,26160.995375832095,161.74361
1592.93,897.56403,483533.832234041,695.3659700000001
1613.88,1751.94201,19061.118605240066,138.06200999999987
2914.45,2511.46108,162400.06964276623,402.9889199999998
3466.26,2404.84128,1126609.6991664385,1061.4187200000001
2599.5,2935.73157,113051.66866466484,336.2315699999999
1882.5,2159.62842,76800.1611716964,277.12842
3704.06,3451.79463,63637.81690123694,252.26537000000008
2744.28,2233.7192299999997,260672.29986299342,510.5607700000005
1136.06,1128.4700599999999,57.60718920360106,7.58994000000007
1547.28,1777.38233,52947.08227142887,230.10232999999994
1226.13,1635.51206,167593.6710498435,409.3820599999999
2150.06,1591.6269399999999,311847.48250096367,558.4330600000001
1802.28,1809.28392,49.0548953664015,7.003920000000107
1124.16,2281.5196800000003,1339481.428889703,1157.3596800000003
1928.34,1738.6929599999999,35965.999780761624,189.64704000000006
1600.09,2140.70719,292266.9461234963,540.6171900000002
2165.63,2138.8603200000002,716.6157673023936,26.76967999999988
3384.03,2800.23255,340819.46262650256,583.79745
4209.51,2945.90043,1596709.145395585,1263.60957
1884.0,2141.33459,66221.09121046806,257.33458999999993
1674.31,954.80207,517691.66133288486,719.50793
1626.01,2035.7725699999999,167905.3637730048,409.76256999999987
3651.56,3217.68306,188249.1990637637,433.8769400000001
1470.41,1565.55922,9053.374066608403,95.14922000000001
3235.66,2884.8509299999996,123067.00359426507,350.80907000000025
3211.29,2547.39677,440754.2208398331,663.8932300000001
2361.21,3300.3828999999996,882045.7360944093,939.1728999999996
2441.95,2594.0355700000005,23130.020602225097,152.08557000000064
1112.95,1506.83302,155143.8334443204,393.88302
1878.29,1898.4128299999998,404.92828720889173,20.122829999999794
2289.07,2121.69594,28014.075960883634,167.3740600000001
2339.48,2555.88045,46829.15476020254,216.4004500000001
1673.98,1785.69047,12479.229107620897,111.71046999999999
644.65,507.04200000000003,18935.961663999984,137.60799999999995
2087.41,1792.4921,86976.56774040996,294.9178999999999
2477.37,1775.7903,492214.07545209,701.5797
2758.64,2447.23824,96971.05613109744,311.40175999999974
2843.03,2875.9153899999997,1081.4488754520646,32.88538999999946
2351.55,2572.66155,48890.317543402336,221.11154999999962
2071.02,1933.55943,18895.40830472489,137.46056999999996
2203.47,1681.2901,272671.84796400985,522.1798999999999
1591.49,1290.30549,90712.10906394012,301.18451000000005
4177.19,2554.9158199999997,2631773.515094672,1622.27418
3555.9,2908.8030900000003,418734.41093154775,647.0969099999998
1936.21,1252.58075,467348.95145556243,683.62925
2012.87,1683.93991,108195.00410740799,328.93008999999984
2119.23,2370.82413,63299.606250456876,251.59412999999995
1924.75,2358.45732,188102.0394215824,433.70732
2111.4,2742.6219499999997,398441.15016180207,631.2219499999997
3731.57,2664.9745199999998,1137625.9179564312,1066.5954800000004
1025.02,2132.75776,1227082.9449298175,1107.73776
2649.98,2963.2874500000003,98161.55822550265,313.30745000000024
821.83,670.89984,22779.9131976256,150.93016
2708.85,2213.0550000000003,245812.6820249996,495.7949999999996
3824.47,3329.5308099999997,244964.80179785614,494.93919000000005
2682.86,1219.29487,2142022.889751917,1463.5651300000002
1824.52,2437.42809,375656.32678744796,612.9080899999999
3544.32,2152.6329,1936792.9843064102,1391.6871
1385.55,2267.91192,778562.5578660865,882.36192
3989.36,2740.77508,1558964.302451407,1248.5849200000002
1492.54,1235.5202399999998,66059.15703045767,257.01976000000013
1226.13,1712.98395,237026.76863060246,486.85394999999994
2403.09,3056.40336,426818.34635448916,653.3133599999996
2748.2,2069.7897199999998,460240.50800967845,678.4102800000001
2553.54,3000.38479,199670.2663501442,446.8447900000001
1744.85,2886.87334,1304217.309104756,1142.0233400000002
1871.89,1627.8313199999998,59564.639283342556,244.05868000000032
1392.68,1307.16898,7312.134541440425,85.51102000000014
1321.91,2268.8980300000003,896786.3289632812,946.9880300000002
2748.73,2754.4545099999996,32.7700147400949,5.724509999999555
4283.58,3610.78323,452655.4937224328,672.7967699999999
794.42,560.0382,54934.82817124,234.3818
712.55,999.4184599999999,82293.51334277155,286.8684599999999
888.48,1746.74626,736620.9730543874,858.2662599999999
1170.04,1063.81684,11283.3597203856,106.22316000000001
1033.42,1512.4591500000001,229478.50723272256,479.03915000000006
721.43,524.17418,38909.85852387239,197.25581999999997
824.76,790.14129,1198.4550820640975,34.618709999999965
4767.14,2845.10378,3694223.23099189,1922.0362200000004
2935.11,2489.56353,198511.6569294611,445.5464700000002
1036.59,1864.14084,684840.3927847057,827.5508400000001
1691.56,1332.8063200000001,128704.20291354226,358.7536799999998
1464.45,560.46858,817182.4077052166,903.9814200000001
818.09,765.9342899999999,2720.218085604112,52.15571000000011
1786.65,2299.6379699999998,263156.6573647206,512.9879699999997
3311.18,2507.75349,645494.1569707798,803.4265099999998
1520.72,1738.4242699999998,47395.14917623278,217.70426999999972
1553.67,1590.6408300000003,1366.8422708889152,36.970830000000205
2077.61,2907.21106,688237.9187531235,829.60106
1435.89,1808.74967,139024.33351250878,372.8596699999998
672.63,304.29777,135668.6316567729,368.33223
484.46,687.2290800000001,41115.29980404644,202.7690800000001
1699.31,2281.0893,338467.15390849015,581.7793000000001
3248.49,2894.46406,125334.3661928836,354.02594
2085.18,2195.92282,12263.972181552386,110.74281999999994
1419.39,1415.20527,17.511965172901444,4.184730000000172
1263.34,1334.72486,5095.798237219617,71.38486000000012
486.44,933.1732099999999,199570.56091690404,446.73320999999993
1033.97,1925.9687099999999,795661.6986416639,891.9987099999998
1452.56,1358.1427700000002,8914.61332087286,94.41722999999979
521.49,1411.8702400000002,792776.9717824579,890.3802400000002
3319.7,2951.09618,135868.77611859227,368.6038199999998
1808.8,2253.68439,197922.12046567205,444.88438999999994
2099.24,1203.39601,802536.4544191199,895.8439899999998
979.21,1529.95004,303314.5916592015,550.7400399999999
919.96,984.75292,4198.122482126398,64.79291999999998
1311.45,510.12219,642126.2590793961,801.32781
4083.26,2609.75889,2171205.5211712327,1473.5011100000002
4368.1,3006.3118099999997,1854467.074423478,1361.7881900000007
821.99,929.10691,11474.032407948092,107.11690999999996
3204.77,3435.89577,53419.12155809295,231.1257700000001
1806.81,1565.09664,58425.34840248958,241.71335999999997
3176.87,2844.1176699999996,110724.11312042907,332.75233000000026
2413.73,2853.48359,193383.21991788794,439.7535899999998
2501.13,1701.59562,639255.2248019845,799.53438
3025.41,2697.75072,107360.60377011831,327.65927999999985
745.63,1539.13279,629646.6777377843,793.5027900000001
1345.1,1209.12601,18488.92595652009,135.97398999999996
2077.18,2283.2765299999996,42475.77967804082,206.0965299999998
2215.55,2296.52558,6557.044556336369,80.97557999999981
674.48,1063.81684,151583.17498118556,389.33683999999994
808.46,1992.64434,1402292.5511012357,1184.18434
2624.02,3107.8075299999996,234050.3741835005,483.7875299999996
2478.96,2850.83378,138290.10825148833,371.8737799999999
1810.88,1823.84559,168.10652404809463,12.965589999999793
4489.43,3090.04795,1958270.1218622029,1399.3820500000002
1395.5,1232.44005,26588.547294002525,163.05995000000007
1690.27,1713.15949,523.9287524601011,22.889490000000023
2326.86,1316.1045199999999,1021626.640350031,1010.7554800000003
714.53,1410.70859,484664.6291743881,696.17859
1719.96,2888.10666,1364566.6192691554,1168.1466599999999
1783.61,2217.9242400000003,188628.85906677792,434.3142400000004
4434.39,3043.5846899999997,1934339.410324198,1390.8053100000006
932.9,1537.46909,365503.7845834282,604.5690900000001
2502.09,2005.03263,247066.0290713171,497.0573700000002
1778.18,2043.89754,70605.81106365153,265.7175399999999
3020.85,2466.8446900000004,306921.8835081956,554.0053099999996
736.95,704.98866,1021.5272545956041,31.961340000000064
1135.57,721.3179,171604.80235440994,414.2520999999999
938.57,349.34454,347186.64271221176,589.2254600000001
1357.31,1397.63508,1626.1120770064058,40.32508000000007
3104.83,3076.7989000000002,785.742567209983,28.031099999999697
2061.62,1941.86757,14340.6444909049,119.75243
3916.8,3521.1200700000004,156562.60700480474,395.6799299999998
1701.92,2184.96487,233332.34643331662,483.0448699999997
804.18,1484.9032699999998,463384.1703194927,680.7232699999998
3734.9,3600.18399,18148.403350320124,134.7160100000001
1111.2,1256.64705,21154.844353702498,145.44705
1729.27,1410.8841300000001,101369.5622156568,318.38586999999984
1141.25,960.72909,32587.798947228086,180.52090999999996
2242.23,1880.99361,130491.72946023212,361.23639000000003
504.84,1156.38465,424510.43094362254,651.54465
2961.81,2726.46825,55385.73929306252,235.34175000000005
2487.19,2215.17056,73994.57573791362,272.01944000000003
3358.63,2554.9158199999997,645956.4831330731,803.7141800000004
1214.52,2218.98202,1008943.9496224803,1004.4620199999999
1280.76,1551.95146,73544.80797693161,271.19146
871.95,763.64319,11730.365092376109,108.30681000000004
1947.15,1905.30448,1751.0475440704065,41.84552000000008
4138.79,3222.12192,840280.3688908862,916.6680799999999
1154.22,1074.41608,6368.66564736641,79.80392000000006
2805.06,2175.42341,396442.23546682816,629.6365900000001
1350.5,1079.18145,73613.75557410248,271.31854999999996
1843.72,2394.67242,303548.5691038562,550.9524199999998
4326.74,3507.44064,671251.4412964096,819.29936
3316.96,3207.08382,12072.774931392445,109.8761800000002
4820.1,2990.5884899999996,3347112.365222483,1829.5115100000007
677.92,719.82974,1756.4263068676048,41.909740000000056
2295.77,2403.67963,11644.488246736923,107.9096300000001
1955.09,2428.6179,224228.67207841025,473.5279000000003
1775.85,1737.99389,1433.0850643320957,37.856109999999944
468.87,272.50005,38561.157263002504,196.36995000000002
2299.11,870.00815,2042332.0976734224,1429.10185
1522.92,2782.3691,1586212.0354908095,1259.4490999999998
1244.99,1995.39802,563112.1964803205,750.4080200000001
2201.28,1908.2808,85848.53120064012,292.9992000000002
2772.57,2461.36953,96845.73252822104,311.2004700000002
2270.78,2533.34478,68940.26369644824,262.5647799999997
1452.29,1792.85081,115981.66530785606,340.56080999999995
1786.5,1332.0033799999999,206567.17759142452,454.4966200000001
2457.68,2203.76838,64471.11077102433,253.91161999999986
4780.15,3787.4597400000002,985433.9522988664,992.6902599999994
4451.83,2192.3800499999998,5105114.076555003,2259.44995
1930.18,1350.19334,336384.52577795566,579.98666
1692.04,2408.90758,513899.1272550565,716.8675800000001
2628.48,1333.2367,1677655.2061948902,1295.2433
2255.26,2030.54462,50497.00200854454,224.71538000000032
725.7,1133.7696799999999,166520.86373530226,408.06967999999983
2904.15,2108.47909,633092.1970202285,795.6709100000003
2869.08,2821.43103,2270.424342060875,47.648969999999736
4406.22,2520.8269999999998,3554706.7644490018,1885.3930000000005
1136.03,1535.51835,159590.94178572256,399.4883500000001
1100.12,1409.22043,95543.07582618501,309.1004300000002
2929.89,2633.60718,87783.50942715234,296.2828199999999
2761.97,3113.1071499999994,123297.2981101222,351.13714999999956
1072.72,1542.8403799999999,221013.17169134424,470.12037999999984
2099.9,2419.4029499999997,102082.13505870225,319.5029499999996
1204.88,1290.73587,7371.230413456878,85.85586999999987
1309.74,2029.3112999999998,517782.85578368977,719.5712999999998
1533.55,1903.7841199999998,137073.3036121743,370.23411999999985
2952.23,2748.72451,41414.484460140106,203.50549
2014.93,3222.48063,1458178.5240133968,1207.55063
740.07,1377.85309,406767.26988994813,637.78309
1819.82,2038.9566300000001,48020.862607756986,219.1366300000002
1608.36,1880.99361,74329.08530163215,272.6336100000001
748.92,602.07645,21563.028176602482,146.84354999999994
2253.77,2360.15322,11317.389497568434,106.38322000000016
1129.93,2631.86418,2255806.2810522723,1501.93418
2165.09,2890.7564700000003,526591.825682261,725.6664700000001
3544.77,2189.73024,1836132.751180858,1355.0397600000001
1774.15,1890.6389400000003,13569.673142323643,116.48894000000018
1855.24,2167.4739799999998,97490.05826664025,312.23397999999975
2649.27,2965.93726,100278.1535559077,316.66726000000017
1672.43,1998.04783,106026.97121390884,325.6178299999999
1003.83,903.65274,10035.483421107609,100.17726000000005
1781.57,1435.7902,119563.67008804002,345.7798
1312.87,984.75292,107660.81818772631,328.1170799999999
2634.97,2508.08,16101.072099999968,126.88999999999987
1367.32,1808.3909599999997,194543.59175532142,441.0709599999998
1242.44,1552.9375699999998,96408.74097590476,310.49756999999977
2677.25,2162.17436,265302.9149214096,515.07564
3653.37,2544.8508300000003,1228814.7502574879,1108.5191699999996
2975.22,1704.7796799999999,1614018.6066817022,1270.44032
3644.46,2187.08043,2123955.211053385,1457.37957
1716.24,988.01628,530309.7863706383,728.22372
1457.25,916.4714100000001,292441.483402388,540.7785899999999
2224.33,1556.1933000000001,446406.64988688973,668.1366999999998
1989.94,2881.57372,795010.6906410381,891.6337199999998
983.13,765.9342899999999,47173.976442404135,217.19571000000008
1818.07,2475.15283,431757.845480809,657.0828300000001
2889.78,2120.31165,592081.5416517226,769.4683500000001
3975.54,3498.6882699999996,227387.5724039932,476.8517300000003
2270.7,2013.05373,66381.60044491276,257.64626999999973
2365.68,1739.05167,392663.06395858864,626.6283299999998
2065.81,1951.0503199999998,13169.784153702427,114.75968000000012
2415.34,1765.72531,421999.24546379625,649.6146900000001
1567.14,2133.13032,320345.0423337025,565.9903200000001
2454.3,2509.1699799999997,3010.714705200344,54.86997999999949
920.02,1568.9080999999999,421055.76632160984,648.8880999999999
1131.05,2348.2884599999998,1481669.468503171,1217.2384599999998
1187.53,954.37169,54362.79752205611,233.15831000000003
2562.18,2506.8466799999997,3061.7763022224203,55.333320000000185
928.39,703.93088,50381.896551174395,224.45911999999998
1577.08,2351.04214,599017.3941533797,773.9621400000001
592.84,180.18708,170282.4323845264,412.65292
3559.84,3354.97113,41971.253895076996,204.86887000000024
750.82,2012.3546599999997,1591469.6983813152,1261.5346599999998
1342.41,1943.4595999999997,361260.6216601595,601.0495999999996
860.9,1200.0149299999998,114998.9357489048,339.11492999999984
3576.84,2915.16049,437819.77395384,661.6795099999999
3733.14,3005.3257,529713.65528449,727.8143
3326.51,3264.87759,3798.5539624081202,61.632410000000164
1435.66,1131.0482,92788.34869924007,304.61180000000013
1109.35,1132.1776499999999,521.1016045224976,22.82764999999995
886.15,1207.96436,103564.48230220958,321.81435999999997
1125.01,713.36847,169448.7492207409,411.64153
2766.87,3213.7999299999997,199746.36232980472,446.9299299999998
1548.23,1969.59899,177551.82573362006,421.36898999999994
3694.19,2138.8603200000002,2419050.4134889017,1555.3296799999998
1096.4,2385.05929,1660642.7657033042,1288.65929
2713.97,1630.94371,1172945.9448311636,1083.0262899999998
530.97,1155.3268699999999,389821.5011161967,624.3568699999998
1522.51,1593.1151,4985.080146009999,70.6051
3553.3,2133.5607,2015659.6799644905,1419.7393000000002
976.81,658.88411,101076.87153229209,317.92589
2468.19,2466.6691499999997,2.3129847225010245,1.5208500000003369
4444.99,3099.05516,1811540.5935258253,1345.93484
2092.54,2722.58512,396956.85323581466,630.0451200000002
816.21,1110.71048,86730.53272023036,294.5004799999999
2193.52,2687.15148,243672.0380469904,493.63148
2292.98,2391.91874,9788.87427278761,98.93874000000005
1781.61,2281.16097,249551.1716279409,499.55097
2404.24,2051.84697,124180.8475925807,352.3930299999997
3935.37,2703.3051799999994,1517983.7206816336,1232.0648200000005
1942.04,1968.1108299999999,679.6881768888941,26.070829999999887
1463.22,866.19669,356436.83268335613,597.02331
2576.07,1757.77588,669605.2668265748,818.2941200000002
1684.73,2513.3796199999997,686660.1927261439,828.6496199999997
4830.98,3484.38144,1813327.681794072,1346.5985599999995
2114.61,2472.5746900000004,128138.71928679627,357.96469000000025
3470.41,2216.76259,1571631.8285997082,1253.64741
663.21,365.2434,88784.09471556002,297.9666
780.18,204.03537,331942.6346778369,576.14463
2819.02,2039.1214499999999,608241.7482921027,779.8985500000001
1270.3,1526.51114,65644.14826009965,256.2111400000001
1496.03,2423.64479,860469.1986267439,927.6147899999999
1096.78,1850.8917900000001,568684.5918170044,754.1117900000002
1441.5,2326.0321999999996,782397.2128368394,884.5321999999996
2448.03,1805.29692,413105.8121262867,642.7330800000002
2888.7,2932.72305,1938.0289313025212,44.02305000000024
2220.99,1997.58525,49909.68232256237,223.4047499999997
2689.59,2948.4463699999997,67006.62028957665,258.8563699999995
1259.54,1484.11418,50433.562322672435,224.57418000000007
1139.46,884.74536,64879.54783032962,254.71464000000003
940.5,1072.82405,17509.654208402484,132.32404999999994
3336.1,3624.03228,82904.99786599839,287.93228
2754.91,2156.24734,358396.98047827557,598.66266
662.08,1185.53256,274002.58257055364,523.4525600000001
2524.6,2897.0422000000003,138713.1923408403,372.4422000000004
1095.23,1898.5883700000002,645384.6706490571,803.3583700000001
3590.44,3087.3981400000002,253051.1129122594,503.0418599999998
1382.35,1723.5831899999998,116440.08995757604,341.2331899999999
1105.0,1817.2333500000002,507276.34485222277,712.2333500000002
2655.8,2202.8144700000003,205195.89038938083,452.9855299999999
2676.15,3131.6558199999995,207485.55205387186,455.5058199999994
2613.21,2147.76366,216640.29541939555,465.44633999999996
1980.64,1473.14238,257553.8343056645,507.4976200000001
1483.85,1630.9115100000001,21627.087723480166,147.06151000000023
672.48,649.70136,518.8664402495998,22.778639999999996
2994.94,2391.95094,363595.80647968344,602.9890599999999
1909.5,2782.47297,762081.8063506206,872.9729699999998
2681.22,2326.83514,125588.62899721936,354.38485999999966
3205.15,3133.8752499999996,5080.089987562571,71.2747500000005
2331.22,1724.3861299999999,368247.3457791768,606.8338699999999
2433.98,1383.58309,1103333.668537548,1050.39691
1869.02,2350.68343,231999.65979936495,481.66343000000006
901.17,1930.64093,1059810.3957150648,1029.47093
3277.3,2205.6291,1148478.5179068102,1071.6709
3190.14,3307.27455,13720.502803702551,117.13455000000022
4246.86,3186.8714499999996,1123575.7261311025,1059.98855
2241.0,2399.3661199999997,25079.8279638543,158.36611999999968
1243.29,1657.76832,171792.27775002236,414.47831999999994
4042.37,3138.18876,817543.7147679374,904.1812399999999
1127.88,1657.33794,280325.7102290434,529.4579399999998
2506.98,2183.37284,104721.5940032656,323.60716
1860.69,1427.0378300000002,188054.20454570875,433.65216999999984
3689.88,3143.4883800000002,298543.80240622425,546.3916199999999
2934.98,2863.02505,5177.514829502475,71.95494999999983
1815.77,2044.2562500000001,52205.96643906257,228.48625000000015
1183.01,1029.2654400000001,23637.389729593557,153.74455999999986
975.0,2018.7120599999998,1089334.8641894432,1043.7120599999998
1593.48,1317.1623,76351.47133329003,276.31770000000006
1605.59,1620.4161399999998,219.8144272995969,14.826139999999896
2342.1,3051.10374,502686.3033339878,709.0037400000001
2528.04,2648.4621099999995,14501.484576851984,120.42210999999952
944.05,1764.5636599999998,673242.6662465953,820.5136599999998
2657.13,2007.68244,421782.1331899537,649.4475600000001
1514.35,1778.54398,69798.45906824041,264.19398
1086.71,1517.75877,185803.0421185128,431.0487699999999
1552.43,1888.94304,113241.02609004163,336.51304000000005
2412.33,2141.86884,73149.23906854552,270.46115999999984
1262.09,1258.93815,9.934158422499795,3.1518499999999676
965.4,1385.26827,176289.36415279296,419.86827000000005
1526.61,2403.9344699999997,769698.2256607806,877.3244699999998
1334.65,1461.23052,16022.628043470395,126.58051999999998
3911.99,2856.23727,1114613.8269024522,1055.7527299999997
2832.97,2008.18449,680271.1375059596,824.7855099999997
1205.37,1896.1933999999999,477236.96998756,690.8234
3033.38,2354.92527,460300.8206593728,678.4547299999999
647.12,1048.17282,160843.3644299524,401.05282
2124.22,2059.2621499999996,4219.522276622531,64.95785000000024
495.05,705.77775,44406.18462006248,210.72774999999996
2539.29,2125.0770199999997,171572.3928004806,414.21298000000024
2080.57,2753.39673,452695.8086024926,672.8267299999998
441.13,1065.305,389594.4306250001,624.1750000000001
645.65,658.0811699999999,154.5339875688988,12.431169999999952
2418.08,2298.73116,14244.145609345625,119.34884000000011
1343.25,2021.00316,459349.34588998556,677.75316
2674.31,2614.1046,3624.690189159979,60.20539999999983
2016.82,2853.65913,700299.729499157,836.8391300000001
2926.93,2640.0684499999998,82289.54886840255,286.8615500000001
835.02,768.94281,4366.195038296097,66.07718999999997
1302.86,1694.6108199999999,153468.70497067238,391.75082
1468.42,1995.0393100000001,277327.89766487613,526.61931
1154.02,2266.6786,1238009.1601539603,1112.6586000000002
3368.86,2219.23686,1321633.3640234598,1149.6231400000001
1339.91,1516.7009899999998,31255.05414518001,176.79098999999974
900.24,739.8665699999999,25719.63704996493,160.3734300000001
821.83,1607.9561800000001,617994.3708813925,786.1261800000001
3808.33,2502.78038,1704459.8102821438,1305.5496199999998
1251.85,1539.06112,82490.2274516545,287.21112000000016
2387.79,2701.4583099999995,98387.80869825583,313.66830999999956
2741.99,2890.5809299999996,22079.264478264853,148.59092999999984
3802.19,2923.1815899999997,772655.7848507287,879.0084100000004
957.58,1113.98769,24463.365491136065,156.4076899999999
1321.15,1357.88793,1349.6755006849005,36.737930000000006
1268.45,1800.90411,283507.379255892,532.4541099999999
1150.09,1441.01815,84639.18846242261,290.9281500000002
2721.79,2583.26079,19190.34202322414,138.52921000000015
1416.92,1495.67805,6202.830439802487,78.75804999999991
3328.1,2725.92015,362620.5717460225,602.17985
806.4,652.42284,23708.965801665607,153.97716000000003
2415.59,2375.6933700000004,1591.7410853568786,39.89662999999973
2922.39,2690.7874,53639.76432675987,231.6025999999997
2059.16,900.5725500000001,1342324.8792975019,1158.5874499999998
3778.4,3152.8542999999995,391307.4227884907,625.5457000000006
1498.68,1660.522,26192.832963999957,161.84199999999987
3935.58,3452.58372,233285.40649383824,482.99627999999984
2442.82,2766.2154,104584.58474115992,323.3953999999999
4206.76,2926.26178,1639675.6914231693,1280.4982200000004
1593.8,1056.92519,288234.56161253614,536.87481
1899.02,1765.62144,17795.175810073622,133.3985600000001
1221.33,362.16321,738167.5730389041,859.16679
1151.64,1566.6886699999998,172265.39846876863,415.0486699999997
1702.29,1668.74012,1125.5944480144021,33.54988000000003
569.12,1316.90746,559186.0853332514,747.7874599999999
1940.32,1958.19681,319.5803357760992,17.876809999999978
3984.28,2719.2040399999996,1600417.184569923,1265.0759600000006
1354.61,1045.9533900000001,95268.90289669196,308.6566099999998
2513.93,1893.2887500000002,385195.5612015621,620.6412499999997
3211.87,2616.3957,354589.64196048985,595.4742999999999
2050.44,2273.82509,49900.898434307994,223.38508999999976
1267.05,1925.44518,433484.21304723236,658.39518
2080.23,924.06213,1336724.143620337,1156.16787
1438.86,2574.2535799999996,1289118.5815052157,1135.3935799999997
2346.55,2203.40967,20489.15407250895,143.14033000000018
2132.33,2435.4056800000003,91854.86780746262,303.0756800000004
3140.81,2915.66254,50691.378744451664,225.14746000000014
3533.13,2730.6062199999997,644044.4174654891,802.5237800000004
1111.89,2143.9844,1065218.8505113595,1032.0943999999997
828.56,2330.2740400000002,2255145.0579331224,1501.7140400000003
1784.95,1720.93338,4098.127636224413,64.0166200000001
2494.1,2515.52738,459.1326136644036,21.427380000000085
2181.58,2251.94139,4950.725202732104,70.36139000000003
1480.89,2306.42575,681509.2745280621,825.5357499999998
1841.45,1645.85646,38256.83288973163,195.59354000000008
946.67,1035.72671,7931.097596024091,89.05670999999995
1134.44,2349.98436,1477548.0911278094,1215.5443599999999
2287.01,2163.59085,15232.286586722543,123.41915000000017
2649.03,3140.7669,241805.17882160988,491.7368999999999
1124.74,1509.9132100000002,148358.40170170422,385.17321000000015
3069.41,2676.55224,154337.2195922175,392.85775999999987
952.44,1115.57972,26614.568241678367,163.1397199999999
3428.8,3578.98551,22555.687413960037,150.1855099999998
1494.55,1776.68326,79599.17639822763,282.13326000000006
2306.54,2681.85186,140858.99225665978,375.31186000000025
1333.0,2311.72537,957903.3498816371,978.7253700000001
1995.09,2504.30074,259295.57773134782,509.2107400000002
1044.3,1589.40751,297142.19745840016,545.10751
3401.33,2108.47909,1671463.4754878285,1292.85091
2468.96,1392.9490099999998,1157799.6506007805,1076.0109900000002
986.2,1428.89855,195982.00617210235,442.69854999999984
1373.93,1538.59854,27115.728065731564,164.6685399999999
1285.0,2137.627,726972.8011289999,852.627
1750.95,2132.75776,145777.16559621753,381.8077599999999
1624.13,2504.30074,774700.5315521476,880.17074
790.48,1069.3713,77780.35721569,278.8913
1493.48,1184.74347,95318.24495644098,308.73653000000013
2293.57,2453.4201,25552.05447000989,159.85009999999966
1757.96,2335.57366,333637.5402185956,577.61366
4431.37,2895.19533,2359832.6167496084,1536.1746699999999
1085.68,1925.3413099999998,705031.1155109156,839.6613099999997
1812.36,2605.36608,628858.6429169662,793.0060799999999
687.36,781.8331499999999,8925.176070922485,94.47314999999992
4234.01,2985.1133299999997,1559742.8923370903,1248.8966700000005
1433.42,1703.9767399999998,73200.94955942748,270.55673999999976
1363.16,1835.94684,223527.39607718558,472.78684
2129.09,2745.2717599999996,379679.96135669696,616.1817599999995
1288.01,1313.45471,647.4332669840993,25.444709999999986
4768.97,3346.59132,2023161.1093185432,1422.3786800000003
3606.76,2062.96974,2383288.3668708685,1543.7902600000002
827.36,1334.03964,256724.25759052954,506.67963999999995
1755.42,1736.47353,358.96872546090344,18.94647000000009
2031.85,1805.83117,51084.51151456889,226.01882999999998
992.14,2241.77253,1561581.4600342016,1249.6325300000003
4362.5,3022.3862099999997,1795904.970148165,1340.1137900000003
1173.52,1049.76485,15315.33715152249,123.75514999999996
676.65,1005.41715,108087.83891912251,328.76715
1272.13,1472.88754,40303.58986685154,200.75753999999984
2974.12,2644.57898,108597.28386264047,329.5410200000001
1826.58,2509.49649,466374.9323139202,682.9164900000001
1871.56,1662.74143,43605.19517684486,208.8185699999999
818.55,1322.2070800000001,253670.45423412658,503.6570800000002
1437.46,1686.05547,61799.707704520886,248.59546999999998
2266.02,2368.0704499999997,10414.294345202445,102.05044999999973
1206.36,1042.44282,26868.841899152372,163.91717999999992
944.39,1568.9080999999999,390022.85722760984,624.5180999999999
2181.53,2155.81696,661.1604260416048,25.713040000000092
591.1,381.14226,44082.2525859076,209.95774
1305.54,2120.5664899999997,664268.1794017197,815.0264899999997
1621.35,764.44613,734284.2424209766,856.9038699999999
2094.43,2333.72679,57262.95370430426,239.29679000000033
1979.18,2170.4825,36596.64650625001,191.3025
3305.3,2572.23117,537389.9095175691,733.0688300000002
1962.73,2392.02261,184292.14500061207,429.29260999999997
1118.76,1266.4572,21814.462887840018,147.69720000000007
2090.26,1778.8704899999998,96963.42693804037,311.3895100000004
2333.71,2096.82207,56115.891379684836,236.88792999999987
2124.34,2160.31364,1294.1027748495787,35.973639999999705
2221.84,2430.43257,43510.86025920481,208.5925699999998
970.74,1906.89651,876389.0112153802,936.15651
1527.76,1577.84364,2508.370995649606,50.08364000000006
918.74,773.8837199999999,20983.341855438422,144.85628000000008
2742.02,2388.21115,125180.70233832243,353.8088499999999
3198.93,2031.70627,1362411.2358751127,1167.22373
1494.89,1891.69672,157455.57303715826,396.8067199999998
1022.24,1539.68852,267752.9708501903,517.4485199999999
1241.12,1326.09021,7219.93658744413,84.97021000000018
2504.62,3214.96158,504585.1602768967,710.3415800000002
1301.53,2339.2812499999995,1076927.6568765617,1037.7512499999996
1784.72,2231.6968199999997,199788.27761731207,446.97681999999963
1336.37,2189.83411,728400.9870580919,853.4641099999999
1472.62,1588.97713,13538.981701836923,116.3571300000001
960.12,1935.9405499999998,952225.7458023021,975.8205499999998
1780.67,1698.6771199999998,6722.832370694439,81.99288000000024
3549.46,2235.13572,1727448.3129975179,1314.3242799999998
1122.69,1757.3455,402787.6036802498,634.6554999999998
1039.22,1106.64418,4546.020048672397,67.42417999999998
1041.65,1984.26453,888522.1521671206,942.6145299999998
1926.47,950.91894,951699.8706671236,975.55106
2144.53,2083.5730200000003,3715.7534107203915,60.95697999999993
1385.96,1882.6895100000002,246740.2061048402,496.7295100000001
2372.46,2484.23171,12492.915156324096,111.77170999999998
1494.34,2404.03834,827551.0697987558,909.6983400000001
2099.3,1967.84214,17281.168955779656,131.4578600000002
2002.76,2163.59085,25866.56231172252,160.83085000000005
1649.06,2293.8757699999996,415787.3772406925,644.8157699999997
1020.95,2573.5683599999998,2410623.7718090885,1552.6183599999997
1862.3,1367.6842299999998,244644.759932693,494.6157700000001
4403.9,2531.06753,3507501.4606863004,1872.8324699999998
2077.05,2867.26689,624442.7332412716,790.2168899999997
1846.96,2379.0283999999997,283096.78227855964,532.0683999999997
4410.57,2950.6657999999998,2131320.27317764,1459.9042
999.33,1598.41472,358902.50173747836,599.08472
1266.06,1342.67429,5869.7494322040975,76.61428999999998
716.93,1494.0143500000001,603860.0870149228,777.0843500000002
4369.66,2939.00878,2046762.9132874876,1430.6512199999997
1248.99,2386.5474499999996,1294036.9520505015,1137.5574499999996
1481.54,441.22713,1082250.8674876369,1040.31287
1680.68,821.07825,738915.1686030625,859.60175
2305.58,2373.40227,4599.860307952916,67.82227000000012
1096.49,1187.92753,8360.821892500886,91.43752999999992
3004.31,3427.94634,179467.74856859562,423.63634
1582.0,1658.49959,5852.187270168084,76.4995899999999
2638.58,2919.29846,78802.85378477162,280.71846000000005
951.88,649.3426499999999,91528.84814502254,302.53735000000006
1850.43,1758.8336599999998,8389.889501395652,91.59634000000028
1057.63,1190.04309,17533.226403348042,132.41308999999978
727.12,1930.7448,1448712.6591750402,1203.6248
1886.64,2218.62331,110212.918118556,331.98330999999985
1282.97,1627.20392,118496.99167856632,344.2339199999999
1595.16,1566.36216,829.3155886656102,28.79784000000018
721.39,1125.0173100000002,162915.00537783626,403.6273100000002
3321.67,3046.59321,75667.24039670415,275.0767900000001
874.98,1495.1437999999998,384603.13883043977,620.1637999999998
1939.81,1953.00106,174.0040639236028,13.191060000000107
4121.27,2920.53178,1441772.27296877,1200.7382200000006
1606.19,2749.5136,1307188.8543169603,1143.3236000000002
4366.13,2732.8256499999998,2667683.0997289238,1633.3043500000003
4381.4,3030.1601,1825849.267352009,1351.2398999999996
1777.43,2139.2907,130943.16620448997,361.86069999999995
1098.95,1496.1299099999999,157751.88090760796,397.17990999999984
3196.47,2909.8608700000004,82144.79339935654,286.60912999999937
1004.4,1426.24874,177956.35943958763,421.84874
356.1,232.7529,15214.507078410003,123.34710000000001
1210.15,1481.89475,73845.20915256241,271.74474999999984
2312.45,2007.2305800000001,93158.8943451362,305.2194199999997
1744.71,1989.99453,60164.50065732085,245.2845299999999
1619.57,2387.0816999999997,589074.2096368896,767.5116999999998
2405.94,1521.31539,782560.7006176523,884.6246100000001
494.27,973.61943,229775.8760413249,479.34943
4022.51,2101.22873,3691321.7184528145,1921.2812700000004
2672.87,2635.2130599999996,1418.0451301636228,37.656940000000304
2479.44,2559.5880400000005,6423.708315841679,80.14804000000049
674.38,1341.81353,445467.51696826075,667.4335299999999
2109.75,2743.7836,401998.60592896026,634.0336000000002
674.86,695.17851,412.84184862009784,20.318509999999947
1276.08,1898.05412,386851.8059497745,621.9741200000001
1680.17,2160.31364,230537.91503244938,480.1436399999998
2970.5,2697.75072,74392.1697405184,272.74928
1269.62,2472.9334,1447963.13861956,1203.3134
2236.55,1543.9303599999998,479721.9657137301,692.6196400000003
2396.29,1568.4777199999999,685273.1709187985,827.8122800000001
2689.1,2194.50633,244622.89840406866,494.59366999999975
1863.84,1442.93669,177159.59636895603,420.9033099999999
3413.65,2509.1699799999997,818084.1065792012,904.4800200000004
4813.98,3707.96544,1223268.2069319927,1106.0145599999996
1252.86,1111.51342,19978.855677696374,141.3465799999999
1189.92,1809.80745,384260.4506675024,619.88745
4522.56,3317.51508,1452133.259217807,1205.0449200000003
3466.24,2537.78364,862031.212424449,928.4563599999997
1180.87,1077.0658899999999,10775.293252892108,103.80411000000004
2480.1,2850.93765,137520.56265752245,370.83764999999994
1681.36,2252.01306,325644.91488736396,570.6530600000003
1002.36,1008.06696,32.56939244159978,5.706959999999981
1168.78,1453.90849,81298.25580968014,285.12849000000006
2876.12,2565.5150599999997,96475.4287524037,310.60494000000017
3738.28,2962.85707,601280.7203697852,775.4229300000002
1207.64,1549.2299799999998,116683.71443640022,341.58997999999974
820.73,1050.8226300000001,52942.61838031695,230.0926300000001
1003.66,1510.97099,257364.44057478016,507.31099000000006
2313.7,2843.4186,280601.7951859602,529.7186000000002
2028.36,1684.3702899999998,118328.92058588415,343.98971000000006
1598.3,2268.27063,448860.64506259694,669.97063
2536.39,1999.2811500000003,288485.9167483221,537.1088499999996
3093.52,2192.3800499999998,812053.2094860029,901.1399500000002
3091.78,2912.5823499999997,32111.797765522686,179.19765000000052
1247.66,1472.35329,50487.07457102407,224.69328999999993
1264.01,521.52437,551284.910756497,742.48563
1316.91,2248.12993,867170.5580292048,931.21993
4224.75,3262.29945,926311.0611953025,962.45055
1698.56,2944.73878,1552961.5517222888,1246.1787800000002
1519.31,1279.0071799999998,57745.44529995245,240.3028200000001
2183.76,2460.7421299999996,76719.10033933658,276.9821299999994
618.62,741.0282199999999,14983.772323568379,122.40821999999991
1368.93,1824.28982,207352.56567043232,455.3598199999999
1585.87,2304.8337199999996,516908.83067623805,718.9637199999997
1569.87,1921.90241,123926.81769040812,352.03241
1213.14,483.62409,532193.4629431282,729.5159100000001
2766.76,3147.5546799999997,145004.58831630202,380.7946799999995
718.07,307.37796,168667.95171936168,410.6920400000001
1179.93,1135.25784,1995.601879065607,44.672160000000076
4783.35,2925.75973,3450641.6111986735,1857.5902700000001
2499.02,1775.7903,523061.19896209013,723.2297000000001
1196.86,640.3354400000001,309719.5858831934,556.5245599999998
3875.7,2191.8565200000003,2835328.865138509,1683.8434799999995
2595.37,2985.54371,152235.52397516413,390.17371
1595.95,2045.31403,201928.03145784087,449.36402999999996
1814.45,1388.8827099999999,181107.51831794425,425.5672900000002
1240.54,2646.17101,1975798.5362736203,1405.63101
2136.0,2129.64537,40.381322436897655,6.3546299999998155
4228.47,3492.3308700000002,541900.8187171569,736.13913
709.67,938.11412,52186.7159625744,228.44412
906.73,330.79587,331700.122098857,575.9341300000001
1446.32,2415.6953599999997,939688.5885751292,969.3753599999998
1107.32,1652.4687,297187.10511168995,545.1487
962.04,1503.09323,292738.5976934329,541.05323
1230.8,1837.5388699999999,368132.0563688768,606.7388699999999
2189.35,2538.74827,122079.151078993,349.39827000000014
2046.52,2127.02776,6481.499420217594,80.50775999999996
1888.57,1930.3144200000002,1742.5966011364183,41.74442000000022
1839.58,862.4891,954706.6268628099,977.0908999999999
2551.98,2350.68343,40520.30909376489,201.29656999999997
1744.55,2380.26172,404129.39094535843,635.71172
1275.71,510.12219,586124.6948205961,765.58781
1087.21,1850.08885,581984.1397773225,762.87885
1551.04,2452.43399,812511.1252081202,901.39399
4372.74,2671.50746,2894192.1551548517,1701.23254
342.89,541.4895300000001,39441.773316220926,198.59953000000007
1432.95,2130.8070199999997,487004.42036328,697.8570199999997
2346.88,2257.2410099999997,8035.1485282201675,89.63899000000038
724.85,673.54965,2631.725910122498,51.30034999999998
2558.37,3106.74975,300720.3502100626,548.3797500000001
1228.84,970.27055,66858.16047330249,258.56944999999996
946.44,554.37987,153711.14553561696,392.0601300000001
2555.51,1307.79638,1556789.2775335049,1247.7136200000002
2650.86,2433.9891900000002,47032.948230056056,216.8708099999999
1385.17,1721.8401900000001,113346.81683463613,336.67019000000005
1634.15,1793.02635,25241.694589322502,158.87635
2564.07,2106.95873,208950.7131610132,457.11127000000033
4093.74,2901.28404,1421951.216539521,1192.4559599999998
4049.04,2819.839,1510935.098401,1229.201
1358.71,2056.9710499999997,487568.49394710193,698.2610499999996
1829.83,2886.87334,1117340.622638356,1057.0433400000002
2961.57,2377.0059899999997,341715.0817872807,584.5640100000005
1465.43,904.45568,314692.18769946246,560.97432
925.99,902.60881,546.6800458161028,23.38119000000006
3954.81,2530.4401300000004,2028829.5265638155,1424.3698699999995
1044.24,1759.99531,512305.6637931961,715.75531
1486.08,2471.3413699999996,970739.9672142763,985.2613699999997
1595.59,1764.49199,28527.882225960122,168.90199000000007
1655.66,2750.57138,1198830.930053504,1094.9113799999998
2304.93,2905.0633,360159.97776889,600.1333
1972.84,2745.2717599999996,596650.8238566972,772.4317599999997
2243.94,2506.95055,69174.54941130248,263.01054999999997
3679.86,2657.20063,1045832.1870487975,1022.6593700000003
2003.04,2361.64138,128594.94973790445,358.60138000000006
1491.09,1687.0201,38388.60408601002,195.93010000000004
2363.79,2089.93042,74999.0695577763,273.8595799999998
3631.81,3066.19966,319915.05671491526,565.6103399999997
1413.62,1216.54119,38840.05735101609,197.07880999999998
940.75,548.02247,154234.9128199009,392.72753
4227.94,3148.7163299999997,1164723.7298882685,1079.2236699999999
2573.29,1765.1910599999999,653023.8968291237,808.0989400000001
1947.59,1244.2009400000002,494756.16972768324,703.3890599999997
1458.0,1257.88037,40047.86631133687,200.11962999999992
2183.54,1202.23436,962960.7590958097,981.30564
1580.26,1447.37555,17658.277051802503,132.88445000000002
2762.0,2917.1829,24081.732452409935,155.1828999999998
695.8,1132.53636,190738.6481460497,436.7363600000001
1874.58,1505.41653,136281.66758244086,369.16346999999996
1524.48,1127.23674,157802.2076154276,397.24325999999996
1553.08,1590.6408300000003,1410.8159502889264,37.56083000000035
2889.22,2242.02737,418858.3003263169,647.19263
2187.04,2600.85555,171243.30942180273,413.81555000000026
2377.89,3329.5308099999997,905620.2312574559,951.6408099999999
1252.87,894.28682,128581.8969789123,358.58317999999986
1930.11,2816.49012,785669.7171312144,886.38012
2046.06,1671.3899299999998,140377.661353805,374.6700700000001
918.23,1369.36941,203526.7672551481,451.13941
1063.71,638.7434099999999,180596.6026162282,424.9665900000001
1951.75,2238.5884699999997,82276.30787194072,286.8384699999997
2912.83,3103.66956,36419.73766099356,190.8395599999999
2278.7,2563.65434,81198.97588483573,284.95434000000023
1741.0,2740.50639,999013.0236508321,999.50639
2077.46,2244.6771799999997,27961.58528715228,167.21717999999964
1504.78,486.2739,1037354.6757372099,1018.5061
1241.75,1945.0516300000002,494633.1827606571,703.3016300000002
2023.46,2884.22353,740913.8545780611,860.7635300000002
1377.87,1761.58734,147238.9970166757,383.71734000000015
3739.5,2483.9052,1576518.3017870397,1255.5947999999999
967.51,863.90559,10733.873771448107,103.60441000000003
2738.38,3068.0603799999994,108689.15295694396,329.68037999999933
2131.69,2917.1829,616999.0959504095,785.4928999999997
971.01,943.7724499999999,741.8841300025031,27.237550000000056
1835.33,1633.13094,40884.45986488357,202.19905999999992
1694.2,1675.45623,351.32891381290153,18.74377000000004
2780.54,2840.41008,3584.4264792064173,59.870080000000144
1345.29,1249.93094,9093.3503240836,95.35906
3841.87,2943.681,806743.4797209997,898.1889999999999
904.14,1116.70917,45185.65203448894,212.5691700000001
2827.02,2095.92911,534493.889440992,731.09089
4495.19,3102.9382899999996,1938364.823997924,1392.25171
2906.65,2890.7564700000003,252.60429586089452,15.893529999999828
1010.88,1259.36853,61746.54954156088,248.48852999999997
789.78,1651.0522099999998,741789.8197182838,861.2722099999999
3832.86,3281.8342299999995,303629.3992040936,551.0257700000006
1158.44,1816.87464,433536.17515192955,658.43464
3811.62,2969.74872,708747.2520888381,841.8712799999998
748.62,1826.24056,1161266.0713347134,1077.6205599999998
2014.53,2063.5039899999997,2398.4516965200737,48.97398999999973
1948.42,2856.66765,824913.7937305222,908.2476499999998
1337.57,2178.4319299999997,707048.7853233246,840.8619299999998
834.5,1134.20006,89820.12596400354,299.7000599999999
1742.5,1964.6580799999997,49354.21250928627,222.1580799999997
1812.39,2412.79071,360481.01256850426,600.4007100000001
1599.61,1553.36795,2138.3271882024846,46.242049999999836
1333.99,1643.7301799999998,95938.97910643226,309.7401799999998
1049.6,1414.59172,133218.9556685584,364.99172
3170.52,2472.3991499999997,487372.7212047228,698.1208500000002
1757.71,822.31157,874970.2228464651,935.3984300000001
1030.19,1697.15676,444844.65894489764,666.96676
2083.42,2679.20205,354956.2511022023,595.7820499999998
1801.15,1984.0096899999999,33437.66622689601,182.85968999999977
1337.3,576.36744,579018.3608681535,760.93256
1464.54,1282.71477,33060.41426455287,181.82522999999992
2790.37,1790.6313799999998,999477.3083195046,999.7386200000001
2431.46,1882.6895100000002,301149.05069483997,548.7704899999999
4488.48,2913.7439999999997,2479793.4696959998,1574.7359999999999
3949.73,2125.61127,3327409.1411368134,1824.1187300000001
1680.46,2272.78116,350844.35658374557,592.32116
2729.01,2447.23824,79395.32473349765,281.7717600000001
2202.38,1761.22863,194614.53125287694,441.15137000000004
858.86,2211.03259,1828370.7131473073,1352.1725899999997
2867.35,1690.47285,1385039.826192122,1176.8771499999998
743.01,1157.97668,172197.3455102224,414.96668
1605.66,1513.36596,8518.1898195216,92.29404
1380.23,435.92751,891707.1926202002,944.30249
1329.35,2411.98777,1172104.5410305734,1082.6377700000003
3996.4,3477.4897899999996,269267.8060422446,518.9102100000005
1541.34,1568.4777199999999,736.455846798397,27.137719999999945
1781.33,2026.8370300000001,60273.701779421004,245.5070300000002
1843.65,2015.18001,29422.54433060008,171.53000999999995
1246.41,1554.60127,94981.85890421292,308.19127000000003
3735.52,2892.90423,710001.3358526927,842.6157699999999
1738.58,1145.96095,351197.3384229025,592.61905
2280.78,2347.33455,4429.5081257024785,66.55454999999984
2601.37,3307.27455,498301.2337107028,705.9045500000002
3733.22,2599.70775,1284850.020900062,1133.5122499999998
598.64,520.29105,6138.557966102491,78.34894999999995
1116.7,1476.59513,129524.50459771682,359.8951299999999
2798.05,2522.4190299999996,75972.43162314124,275.6309700000006
3306.3,2532.39087,598935.3414973569,773.90913
950.94,1090.21107,19396.4309389449,139.27107
2865.36,2897.0422000000003,1003.7617968400123,31.682200000000194
1590.89,1707.3256199999998,13557.25360478434,116.43561999999974
566.76,1044.03485,227791.28244252253,477.27485
1263.57,1566.25829,91620.20090312413,302.68829000000005
843.51,1462.6470100000001,383330.63715174026,619.1370100000001
1700.35,2360.04935,435203.2323904223,659.6993499999999
3000.78,2518.71144,232390.09654047375,482.06856000000016
959.23,1767.94474,654019.5306932675,808.7147399999999
2228.19,2128.08554,10020.902911891604,100.10446000000002
785.86,1740.38886,911125.3445728996,954.52886
2193.91,2754.38284,314129.804377666,560.4728400000004
1005.91,1145.78541,19565.130322668098,139.87541
1751.01,2723.81844,946356.2609352337,972.80844
2210.04,872.65796,1788590.7209145615,1337.38204
2022.19,2402.01593,144267.73710036487,379.82592999999997
1818.16,2189.0311699999997,137545.42473716865,370.87116999999967
3642.56,3713.69544,5060.250823993602,71.13544000000002
1343.31,2002.8131999999998,434944.47081023984,659.5031999999999
963.41,2067.5702899999997,1219169.9460128837,1104.1602899999998
2886.51,2863.75632,517.7299535424117,22.75368000000026
1820.89,2692.37943,759493.8266017246,871.4894299999999
1938.3,2554.6471300000003,379883.7846592373,616.3471300000003
601.23,559.67949,1726.4448812601026,41.55051000000003
2610.33,2936.78935,106575.70720242255,326.4593500000001
2909.96,3238.45116,107906.44219814563,328.49116000000004
870.11,676.6298400000001,37434.572313625584,193.48015999999996
1282.32,1254.17278,792.2659937283906,28.147219999999834
910.44,1377.4943799999999,218139.79387718422,467.0543799999998
1096.34,1392.9490099999998,87976.90481318004,296.6090099999999
2363.24,2408.5488700000005,2052.8937006769684,45.30887000000075
3191.03,2756.6739399999997,188665.18685872405,434.3560600000005
3129.75,1668.04105,2136593.0545101026,1461.70895
1244.62,1591.69861,120463.56151953212,347.07861
2321.05,2016.8651899999998,92528.39863473635,304.1848100000004
1204.25,1374.66903,29042.645786140907,170.41903000000002
1385.36,1940.18239,307827.88444531214,554.82239
2666.32,1632.17703,1069451.682400421,1034.14297
863.89,981.56886,13848.314090899597,117.67885999999999
2296.75,2845.10378,300691.86804028833,548.3537799999999
3048.41,2085.86412,926494.5711049738,962.5458799999997
2221.64,2458.8952600000002,56290.05839766777,237.25526000000036
1363.05,1820.58223,209335.7414887729,457.53223
1172.12,1522.62801,122855.86507416012,350.50801
1102.26,905.94384,38540.03467714559,196.31615999999997
2622.82,2729.90715,11467.657695122465,107.08714999999984
3775.17,2512.94924,1593201.246974978,1262.2207600000002
2081.9,1352.58831,531895.5411706561,729.31169
2356.16,2467.63378,12426.403627488458,111.47378000000026
1278.28,961.1594699999999,100565.43054748092,317.12053000000003
2339.64,1839.9199899999999,249720.0883944001,499.72001
3439.21,3297.10569,20193.634920576147,142.10431000000017
3592.69,2964.52077,394596.58151879284,628.16923
1359.26,1539.68852,32554.45082939038,180.42851999999993
2731.5,2477.69877,64415.06434951292,253.80123000000003
1939.18,2050.15107,12314.57837694486,110.97106999999983
2497.77,2570.91855,5350.710367102483,73.14854999999989
1055.25,2267.84025,1470375.114395063,1212.5902500000002
2504.64,1772.61696,535857.7310908413,732.0230399999998
739.1,633.87417,11072.475299188894,105.22582999999997
2685.89,2396.78798,83579.97796808029,289.1020199999998
3933.07,2582.83041,1823146.9504033686,1350.2395900000001
1392.03,586.96668,648126.9492094223,805.06332
1244.65,771.59262,223783.28477246448,473.0573800000001
1380.38,1459.8933299999999,6322.369647688864,79.51332999999977
2499.41,1553.11311,895477.8040236718,946.2968899999998
971.66,1423.5989299999999,204248.7964495448,451.9389299999999
1383.91,1880.82879,246928.28385506404,496.91878999999994
1723.11,1706.19617,286.0776452688987,16.91382999999996
1994.0,1595.94045,158451.40534620246,398.05954999999994
921.66,1204.25677,79860.9344144329,282.59677
1257.84,1604.3417399999998,120063.45582302754,346.5017399999999
3754.89,2637.41864,1248742.2404202495,1117.47136
1069.07,317.54681999999997,564787.0900773123,751.5231799999999
4505.23,3189.5212599999995,1731089.4885123877,1315.70874
2047.1,2726.7230899999995,461887.54446114757,679.6230899999996
2083.39,2170.91288,7660.254523494397,87.52287999999999
4155.62,2242.72644,3659161.7718894733,1912.89356
1150.21,879.44574,73313.28449334762,270.76426000000004
2138.07,2534.50643,157161.8430311447,396.43642999999975
1606.53,2024.18722,174437.55341812843,417.65722000000005
870.47,1197.72383,107095.06924966883,327.2538299999999
2161.95,2428.5857,71094.59651449014,266.63570000000027
2224.86,1822.7878099999998,161662.04597139635,402.0721900000003
2077.59,1904.94577,29806.030152292937,172.6442300000001
2257.7,3165.0455699999998,823275.9833986248,907.34557
1664.92,1034.6689299999998,397216.41123614524,630.2510700000003
805.64,1121.5784099999998,99817.07891332802,315.93840999999986
2585.03,2348.2884599999998,56046.55676157181,236.74154000000044
2536.34,2016.2377900000001,270506.3088468841,520.10221
1348.69,1563.5368099999998,46159.151767176,214.84680999999978
3041.05,2807.4507099999996,54568.62828850436,233.59929000000056
868.87,1426.60745,311071.0631325025,557.73745
1361.63,1589.40751,51882.59406180005,227.7775099999999
885.91,1082.26164,38553.96653068959,196.35163999999997
1506.3,1899.4706099999999,154583.12856777202,393.1706099999999
1149.42,1083.42329,4355.565730824116,65.99671000000012
576.83,1314.25765,543799.5389845225,737.42765
796.6,616.9175299999999,32285.79002530093,179.68247000000008
2411.58,3135.8976599999996,524636.0725878752,724.3176599999997
1735.19,1972.2487999999998,56196.874657439905,237.0587999999998
1429.51,982.71666,199624.28866835556,446.79333999999994
932.79,1462.6470100000001,280748.4510461403,529.8570100000002
1059.56,1071.59073,144.73846433289876,12.030729999999949
1487.25,2099.90226,375342.7916831074,612.6522599999998
2824.33,2807.02033,299.62467550890335,17.309670000000096
718.17,1118.3011999999999,160104.97721343994,400.1311999999999
2445.32,2708.34996,69184.75985760152,263.02995999999985
892.4,1904.6770800000002,1024704.8866933268,1012.2770800000002
1019.97,1594.24455,329791.25877770234,574.2745499999999
3448.37,2099.47188,1819526.138139534,1348.8981199999998
2696.84,2645.0093599999996,2686.415242809661,51.830640000000585
1803.21,1861.4910300000001,3396.6784578609117,58.2810300000001
808.62,1377.85309,324026.31075094815,569.2330900000001
1983.49,3278.5570199999997,1677198.5862916796,1295.0670199999997
1720.81,2284.6930199999997,317964.06024432014,563.8830199999998
4144.31,3530.85855,376322.6815071031,613.4514500000005
1461.29,1993.90986,283683.91526641964,532.61986
1181.22,1931.6987100000001,563218.2941632642,750.4787100000001
897.42,428.40846,219971.82465317156,469.01153999999997
1916.35,2360.22489,197024.91797251214,443.87489000000005
1117.37,1546.4762999999998,184132.21669968992,429.1062999999999
1406.23,2249.1877099999997,710577.7008484436,842.9577099999997
944.38,1305.9356599999999,130722.49527803551,361.5556599999999
1051.12,1518.92042,218837.23295217642,467.80042000000003
1026.19,1077.3207300000001,2614.3515503329086,51.130730000000085
4279.77,2865.3161499999997,2000679.6937798248,1414.4538500000008
1442.55,1165.5674,76719.36070276002,276.98260000000005
1951.53,2177.81838,51206.43092302448,226.2883800000002
1854.92,2713.4740399999996,737115.0396003207,858.5540399999995
2852.59,2748.72451,10788.040012940128,103.86549000000014
915.33,1657.33794,550575.7830230434,742.0079399999998
3022.13,2537.26011,235098.81022861204,484.86988999999994
2159.24,2783.53075,389738.94053556264,624.2907500000001
2377.24,2346.8003,926.575336089994,30.439699999999903
2304.77,2202.2802199999996,10504.155004448468,102.48978000000034
794.16,688.4624,11171.982645759992,105.69759999999997
3305.14,3024.86048,78556.60933143043,280.27952000000005
1519.29,1447.00299,5225.411814740101,72.28701000000001
1529.72,2605.0073700000003,1156242.9280815173,1075.2873700000002
1658.74,1795.67616,18751.511915545594,136.93615999999997
786.04,262.33119,274270.9176716161,523.70881
3922.55,3544.1076,143218.65011776026,378.44240000000036
1855.36,769.74575,1178558.299803062,1085.6142499999999
894.43,976.26924,6697.661203777603,81.83924000000002
1931.12,2326.83514,156590.4720252198,395.71514000000025
1086.02,1303.65841,47366.47750732811,217.63841000000002
575.81,1562.80554,974160.1959798918,986.9955400000001
1978.45,2206.9662900000003,52219.694795364216,228.51629000000025
759.14,1075.4738599999998,100067.11098249951,316.33385999999985
2924.2,2234.2534800000003,476026.20046010974,689.9465199999995
1868.8,1713.08782,24246.283000352396,155.71218
1115.37,1999.63986,781933.1853044198,884.2698600000001
1976.28,1969.9576999999997,39.97147729000339,6.3223000000002685
1263.5,1586.29512,104196.6894958144,322.79512
4606.17,3618.7326599999997,975032.5004262764,987.4373400000004
3228.85,3198.63234,913.1069758755876,30.217659999999796
986.85,924.49251,3888.456559100098,62.357489999999984
1462.79,1268.8383199999998,37617.25417482245,193.95168000000012
4116.6,2843.68729,1620306.7672795453,1272.9127100000005
2208.99,1781.62417,182641.55265158866,427.36582999999973
2775.22,2331.00531,197326.6908117959,444.2146899999998
1413.28,2484.69429,1147928.580816204,1071.41429
1710.15,1246.85075,214646.19505056253,463.29925000000003
1580.86,2233.39272,425798.9506705983,652.5327199999999
1495.31,1230.32449,70217.32050996009,264.98551
2838.9,2607.2129499999996,53678.88913770271,231.68705000000045
1046.11,1778.54398,536459.5350586404,732.43398
1819.97,1374.40034,198532.3219125157,445.5696600000001
2368.96,2102.55207,70973.18516688482,266.40792999999985
2037.48,2782.1142600000003,554480.181165748,744.6342600000003
968.0,1491.79492,274361.11821780645,523.79492
1507.95,1471.39938,1335.9478223843987,36.55061999999998
1704.85,1786.49341,6665.646396428121,81.64341000000013
1629.14,2496.4229800000003,752179.7673976807,867.2829800000002
3044.92,2904.56125,19700.578701562463,140.35874999999987
3158.21,2831.85473,106507.76225677291,326.35527
1232.56,1597.6256299999998,133272.91420729677,365.0656299999998
2099.6,2422.05276,103975.78243161768,322.4527600000001
1990.05,3308.7627099999995,1739003.211515543,1318.7127099999996
1929.78,1732.4394300000001,38943.30056792484,197.34056999999984
1236.18,1878.1789800000001,412162.6903210405,641.9989800000001
932.99,790.14129,20405.753948664096,142.84870999999998
1537.24,1672.87809,18397.69145884808,135.63808999999992
1921.28,2734.6725199999996,661607.3915919499,813.3925199999996
3728.24,2665.15006,1130160.2205292033,1063.0899399999998
1703.56,2718.8775299999998,1030869.6867253005,1015.3175299999998
4623.91,2518.24886,4433808.8365060985,2105.6611399999997
1939.31,3166.1033499999994,1505021.923604221,1226.7933499999995
694.39,1100.81031,165177.46838049617,406.4203100000001
547.93,752.68524,41924.70830745763,204.75524000000007
1933.17,2243.6194,96378.82996035997,310.44939999999997
1039.43,794.65182,59916.35740411241,244.77818000000002
1218.51,2191.42614,946565.8154724997,972.91614
1401.9,2046.0130999999997,414881.68559160945,644.1130999999996
1659.87,1502.76672,24681.44058675834,157.1032799999998
2111.97,806.41271,1704479.8374721434,1305.5572899999997
2497.97,2402.0876,9193.434629759993,95.88239999999996
1732.56,2169.86895,191239.1177501026,437.3089500000001
1954.47,2648.4621099999995,481625.04874225135,693.9921099999995
2450.79,2706.7579299999998,65519.58118848479,255.9679299999998
1483.98,1454.59371,863.5540399640952,29.386289999999917
1169.74,974.15368,38254.0085711424,195.58632
1554.94,2369.2321,663071.6241224102,814.2921000000001
1772.21,2450.1428899999996,459593.00334375154,677.9328899999996
4102.97,2587.0722499999997,2297945.988455064,1515.8977500000005
3715.87,3618.7326599999997,9435.662822275643,97.13734000000022
2576.19,2968.58707,153975.4605445849,392.39707
2322.84,2049.72069,74594.15749487613,273.11931000000004
3071.18,3368.2201800000003,88232.86853443265,297.0401800000004
2703.28,2165.2545499999997,289471.3848477031,538.0254500000005
2804.55,2565.8737699999997,56966.342767013135,238.6762300000005
911.71,1092.86088,32815.64132477437,181.15087999999992
785.81,1034.92377,62057.67040361298,249.11377000000016
1556.87,2270.56173,509355.8854703929,713.69173
1439.36,1671.8203099999998,54037.79572529607,232.46030999999994
4835.58,3420.786,2001642.0624359997,1414.7939999999999
1329.96,1628.2617,88983.90422288999,298.3017
2800.95,2080.5645,518955.2686102498,720.3854999999999
776.64,1350.9962799999998,329885.13637543825,574.3562799999999
1631.33,2180.46819,301552.7517164762,549.1381900000001
1342.1,475.67466,750692.8697941154,866.4253399999999
921.09,1478.54587,310757.04699745675,557.4558699999999
1921.28,2361.5375099999997,193826.67511139982,440.2575099999997
1704.99,2049.02162,118357.75555982438,344.03162
1771.56,3150.2044899999996,1900660.6298073593,1378.6444899999997
641.99,575.57835,4410.507255722501,66.41165000000001
1697.83,2452.3623199999997,569319.0219245821,754.5323199999998
819.47,1509.80934,476568.4043516356,690.33934
4002.31,3056.6582,894257.3268432402,945.6518000000001
2224.4,2273.46638,2407.509646304376,49.066379999999754
1003.81,895.3446,11764.742997159985,108.46539999999993
785.13,664.18373,14628.000226912907,120.94627000000003
1457.33,2336.3766,772722.9249715602,879.0466000000001
2128.76,2295.03742,27648.180401856363,166.2774199999999
3107.06,2779.2889099999998,107433.88743978822,327.7710900000002
836.21,1491.2606700000001,429091.380267449,655.0506700000001
1625.98,2020.4796300000003,155629.9580701371,394.49963000000025
932.66,1230.14895,88499.67537210253,297.48895000000005
1785.1,1118.9286,443784.33417795994,666.1714
1349.92,1651.0522099999998,90680.60789948395,301.13220999999976
2671.42,2783.6024199999997,12584.895357056319,112.18241999999964
910.44,1520.40858,372061.66858721635,609.96858
4241.9,2534.14772,2916417.8498451975,1707.7522799999997
1372.26,2203.08316,690267.1231923859,830.8231600000001
4786.75,2990.5884899999996,3226196.170005481,1796.1615100000004
3141.26,3064.35279,5914.718949984147,76.9072100000003
421.12,230.53347,36323.2254174409,190.58653
1383.66,1899.90099,266504.7597561801,516.24099
958.24,1344.09078,148880.8244266084,385.85078
585.16,716.37699,17217.898464660102,131.21699
3550.07,2262.86714,1656891.2027921805,1287.2028600000003
1547.4,1867.84843,102687.19628946485,320.4484299999999
2860.86,2628.0527199999997,54199.22962099861,232.80728000000045
2853.38,2094.60264,575743.0820485697,758.77736
1058.62,370.11264000000006,474042.38477416936,688.5073599999998
1071.44,1916.9615,714906.6069622497,845.5214999999998
4017.21,3235.3709700000004,611272.2688313404,781.8390299999996
601.81,1531.00782,863408.5886927525,929.1978200000001
1954.47,2002.8131999999998,2337.0649862399805,48.3431999999998
1140.39,1030.7858,12013.080657639997,109.60419999999999
1270.1,2605.36608,1782935.504398566,1335.2660799999999
2594.72,2327.89292,71196.69062132642,266.82708
3026.52,2289.36524,543397.1401906575,737.1547599999999
1330.73,2204.67519,763780.1951241359,873.9451899999999
1078.07,1663.1718099999998,342344.12806527596,585.1018099999999
935.69,1144.72763,43696.730756016914,209.03763000000004
1339.18,913.46289,181235.05774675214,425.71711000000005
1348.1,1796.0348700000002,200645.64776191715,447.9348700000003
2580.72,2586.8174099999997,37.178408708098225,6.097409999999854
2455.06,2626.2058500000003,29290.901972222615,171.14585000000034
1360.37,1881.52786,271605.51503977965,521.15786
1230.93,1987.44859,572320.377015588,756.5185899999999
2030.62,2204.93003,30383.986558600933,174.3100300000001
1598.24,2137.52313,290826.29430259694,539.28313
3720.53,2600.4968400000002,1254474.2794995855,1120.03316
2034.85,2050.18327,235.10916889290257,15.333270000000084
1349.04,2220.57405,759571.6003094029,871.5340500000002
1277.12,1549.19778,74026.31836972844,272.0777800000001
992.08,1489.14511,247073.723579312,497.0651099999999
2719.93,2681.85186,1449.9447458595712,38.07813999999962
1312.12,721.24623,349131.8120740128,590.8737699999999
917.68,594.48573,104454.53616083287,323.19426999999996
1492.68,1636.1394599999999,20580.616663491546,143.4594599999998
1009.76,1777.4862,589403.5181664401,767.7262000000001
1769.47,1876.22824,11397.321807897575,106.75823999999989
1807.28,1859.79513,2757.8388789169,52.51513
1505.95,2889.52315,1914274.6614009223,1383.57315
3402.7,2158.46677,1548116.3306362324,1244.2332299999998
4179.78,2716.5542299999997,2141029.6539920927,1463.22577
2976.75,2069.8613899999996,822446.9509477329,906.8886100000004
2038.38,3584.2851299999998,2389822.670960316,1545.9051299999996
737.72,1867.2210300000002,1275772.5767710612,1129.5010300000001
1448.65,2458.8952600000002,1020595.4853524679,1010.2452600000001
2037.16,1947.27106,8080.021534323609,89.88894000000005
2819.13,2262.54063,309791.72679699707,556.5893700000001
3067.16,2916.8241900000003,22600.855768355974,150.33580999999958
2063.03,2371.18284,94958.17280006544,308.15283999999974
2318.48,955.85985,1856733.6731860223,1362.62015
3018.8,1582.26102,2063644.2410594411,1436.5389800000003
2312.12,1550.8936800000001,579465.510260742,761.2263199999998
1757.0,1005.1484599999999,565280.7382003717,751.8515400000001
2778.06,2874.85761,9369.777301712114,96.79761000000008
2528.49,1259.0420199999999,1611498.17392608,1269.44798
2110.3,1738.4242699999998,138291.5585630332,371.87573000000043
1254.32,1608.75912,125627.0897863744,354.43912
1938.64,1649.38851,83666.42446722016,289.2514900000001
1837.73,2729.4767699999998,795212.3018054324,891.7467699999997
1315.04,1602.6565600000001,82723.28558623369,287.61656000000016
1436.59,957.4518800000001,229573.33803713426,479.13811999999984
2044.9,2776.6391,535442.1104688097,731.7390999999998
2824.21,2637.95289,34691.711025552104,186.25711
2159.2,2110.07112,2413.6468500543756,49.128879999999754
2388.52,2274.19765,13069.599709522481,114.32234999999991
2431.2,2923.1099200000003,241975.3693944069,491.9099200000005
1802.77,2141.51013,114744.875672417,338.74013000000014
779.98,1100.37993,102656.11514400493,320.39993000000004
2172.4,2179.48971,50.26398788409632,7.089709999999741
1613.13,2238.5884699999997,391198.29769474035,625.4584699999996
1727.23,2335.21495,369645.6994265025,607.98495
2123.11,3064.35279,885937.9897269837,941.2427899999998
1033.27,1613.2558000000001,336383.5282016402,579.9858000000002
2693.01,2593.17481,9967.065162336148,99.83519000000024
1370.81,2012.3546599999997,411579.5507745153,641.5446599999998
1784.05,2786.61094,1005128.4384136838,1002.5609400000001
2980.47,2542.55973,191765.40457147278,437.91026999999985
2169.0,1644.62314,274971.09130345966,524.3768600000001
1919.32,1762.89996,24467.22891360159,156.42003999999997
2146.9,1720.6785399999999,181664.73296453178,426.2214600000002
1323.04,1294.9060399999998,791.5197052816065,28.133960000000116
3143.24,1648.07589,2235515.7158320914,1495.1641099999997
3671.93,3472.99311,39575.886202872076,198.93688999999995
1570.21,1997.5135799999998,182588.34948081622,427.3035799999998
2349.53,2225.51496,15379.730146201657,124.01504000000023
1598.94,923.0043499999999,456889.0029409227,675.9356500000001
1803.76,2853.58746,1102137.695770052,1049.8274600000002
1306.71,1819.88316,263346.69214438566,513.17316
1054.85,1386.5015899999999,109992.77714952806,331.65158999999994
1116.08,1113.00158,9.476669696398915,3.0784199999998236
4143.67,3313.6319499999995,688963.1644478034,830.0380500000006
1748.65,1951.94328,41328.15769315835,203.29327999999987
4725.97,2176.48119,6499893.192315217,2549.4888100000003
1386.26,1292.3279,8823.239410409999,93.93209999999999
3822.56,3276.5346099999997,298143.7265246524,546.0253900000002
2114.45,1724.3861299999999,152149.82267937687,390.06386999999995
3434.58,3159.38724,75731.05515641755,275.1927599999999
1427.34,2028.5222099999999,361420.049620484,601.1822099999999
927.77,787.49148,19678.063173390387,140.27851999999996
1232.46,2338.22347,1222712.8515864406,1105.7634699999999
1384.58,2304.93759,847058.0934706082,920.3575900000001
1484.77,2358.99157,764263.3534532652,874.2215700000002
1785.75,1577.84364,43225.05452844958,207.90635999999995
2068.0,2231.42813,26708.75367529683,163.42812999999978
3070.21,2337.43438,536960.1092663843,732.7756199999999
3940.23,2854.28653,1179273.2200356412,1085.9434700000002
3901.1,2630.95737,1613262.3005433164,1270.1426299999998
1654.69,2377.5402400000003,522512.4694680579,722.8502400000002
2606.19,2498.5707399999997,11581.905122947685,107.6192600000004
1959.88,1670.15661,83939.64271309217,289.7233900000001
1794.35,2016.2377900000001,49234.1913510842,221.88779000000022
1977.5,1797.34749,32454.92685930006,180.1525099999999
2570.5,3275.90721,497599.3319199839,705.4072099999998
4354.97,3246.40059,1228926.1367877482,1108.56941
1872.88,2415.79923,294761.29030379286,542.91923
1077.38,1498.15232,177049.34527818224,420.7723199999998
4255.13,3243.7507800000003,1022887.926647808,1011.3792199999998
2112.5,3046.59321,872530.1249681041,934.09321
1170.76,976.26924,37826.65572537761,194.49076000000002
1703.35,2371.18284,446000.70218246564,667.83284
1419.21,1537.1103799999999,13900.499604144356,117.90037999999981
578.76,708.06885,16720.7786883225,129.30885
4257.6,3370.43961,787053.5575849529,887.1603900000005
2598.42,2115.01203,233683.2654595211,483.4079700000002
2310.87,2485.6481999999996,30547.41919523991,174.77819999999974
3264.01,2468.33285,633102.1270321232,795.6771500000004
758.32,1219.98009,213130.03869880806,461.66008999999997
974.25,1436.8479799999998,213996.8911000802,462.5979799999998
1136.22,1487.55308,123434.93310228632,351.3330799999999
1522.92,1479.17327,1913.7763856929062,43.74673000000007
1101.57,1436.77631,112363.27026381611,335.20631000000003
2049.67,1794.08413,65324.13694365696,255.5858700000001
3682.68,3474.8399799999997,43197.47391360044,207.8400200000001
1564.82,1219.54971,119211.57315668405,345.27028999999993
3321.35,2917.07903,163435.01718474092,404.27097000000003
2437.09,2182.21119,64963.20778701618,254.87881000000016
2153.12,2112.18668,1675.5366862224078,40.933320000000094
2635.6,2680.2598299999995,1994.5004156288644,44.6598299999996
2455.22,2592.44354,18830.299930131714,137.2235400000004
4760.31,2999.5956999999994,3100114.8462244933,1760.714300000001
925.43,1597.3569400000001,451485.81269776385,671.9269400000002
1655.35,1559.4705099999999,9192.876602660106,95.87949000000003
1907.38,1219.29487,473461.1461271171,688.0851300000002
1972.04,2791.48018,671482.2085984325,819.44018
1432.74,2044.1523799999998,373825.0984172641,611.4123799999998
3762.15,3005.25403,572891.509402241,756.89597
2483.87,2798.4435000000003,98956.48690225027,314.5735000000004
609.41,955.42947,119729.47361908095,346.01947000000007
1463.53,1479.17327,244.71189629290092,15.64327000000003
3862.27,2705.2697700000003,1338649.532220052,1157.0002299999996
3408.62,3278.5570199999997,16916.37876648044,130.06298000000015
1726.62,2049.72069,104394.05587847624,323.1006900000002
1836.29,2201.11857,133099.885488245,364.8285700000001
2735.56,2115.96594,383896.7991872835,619.5940599999999
2266.95,1901.23818,133745.1352877122,365.71181999999976
874.26,826.80825,2251.668578062495,47.45174999999995
3436.94,2674.9602099999997,580613.2003684446,761.9797900000003
1559.99,1771.38364,44687.2710324496,211.39364
3431.5,3058.25023,139315.39080505283,373.2497699999999
1968.12,1373.78679,353231.96450890385,594.3332099999998
3420.12,2516.7607,816058.0248964902,903.3593000000001
3578.76,2720.62053,736403.349971881,858.1394700000001
1897.33,2183.47671,81879.9396438241,286.14671
1544.44,1922.2611199999997,142748.7987180541,377.8211199999996
1432.9,2230.6390399999996,636387.5759401207,797.7390399999995
3604.77,2869.05594,541275.1780816833,735.7140599999998
1944.67,2271.44397,106781.22746956073,326.77396999999974
4447.92,2940.2421,2273092.6501484104,1507.6779000000001
672.28,1436.1489100000001,583495.7116645883,763.8689100000001
2299.96,2505.89277,42408.305759872856,205.9327699999999
2599.86,2602.71627,8.158278312898672,2.8562699999997676
1905.7,2437.06938,282353.41800158424,531.3693799999999
4473.79,3482.78941,982082.1693803483,991.0005900000001
1676.79,1497.36323,32193.965792632913,179.42677000000003
1228.17,1049.40614,31956.517642099607,178.76386000000002
3155.3,2165.88195,978948.0776658029,989.4180500000002
3164.42,3154.0876200000002,106.75807646439648,10.33237999999983
1286.51,2356.3417600000002,1144539.9947046982,1069.8317600000003
1922.29,2058.0288299999997,18425.02996976884,135.73882999999978
848.09,264.981,340016.10588100005,583.109
2845.19,3232.3485999999994,149891.78155395944,387.1585999999993
1312.32,2780.88094,2156671.234493684,1468.56094
908.74,1416.00821,257321.03687660405,507.26820999999995
967.45,1120.52063,23430.61776859688,153.07062999999994
824.64,788.7248,1289.901591040002,35.91520000000003
2542.89,2057.6701199999998,235438.3319472145,485.2198800000001
4113.36,3361.32853,565551.3318703608,752.0314699999999
2004.34,1922.36499,6719.902264500081,81.97500999999988
2348.97,2551.5669399999997,41045.52009736356,202.5969399999999
1332.15,2389.6276399999997,1118258.9590999687,1057.4776399999996
2941.04,1778.97436,1350396.5516686097,1162.06564
907.84,1076.96202,28602.257648880368,169.1220199999999
1688.56,2044.7797799999998,126892.53166324833,356.2197799999999
2590.12,2378.23931,44893.42679487608,211.88068999999996
3392.19,2603.0427799999998,622753.3348337288,789.1472200000003
2383.51,2410.92999,751.8558516000929,27.41998999999987
1394.12,2164.9280400000002,594145.0345286421,770.8080400000003
2168.33,2348.03362,32293.39104110448,179.70362000000023
2117.79,2277.97691,25659.846135348067,160.1869099999999
753.61,533.97048,48241.51874583043,219.63952000000006
1318.29,2368.0704499999997,1102038.993202202,1049.7804499999997
828.57,842.3484000000001,189.84430656000092,13.778400000000033
3582.45,2641.30177,885759.9908321325,941.1482299999998
719.37,1360.3622,410871.00046084,640.9922
1261.26,1399.8545100000001,19208.438202140136,138.59451000000013
827.31,425.75865,161243.48668682246,401.55134999999996
2270.23,2850.83378,337100.7493502883,580.6037799999999
3227.82,2208.63762,1038732.7237024648,1019.1823800000002
2159.87,2296.52558,18674.747545136426,136.6555800000001
2005.75,2451.30454,198518.84811461167,445.5545400000001
1357.74,2050.0794,479333.8447923601,692.3394000000001
611.36,994.11884,146504.32959814556,382.75883999999996
1724.25,2439.5436499999996,511645.0057303219,715.2936499999996
2307.32,2740.14768,187339.8005741823,432.8276799999999
2891.77,2040.81735,724120.4125420224,850.95265
3245.04,2846.76748,158621.00018715038,398.27252
977.98,562.3293,172765.50441049002,415.65070000000003
2015.62,2078.34507,3934.434406504895,62.72506999999996
2318.98,2027.99868,84670.12858894246,290.9813200000001
1252.57,1320.24249,4579.565902800121,67.67249000000015
1673.91,1811.57502,18951.657731600375,137.6650199999999
4280.18,3003.83754,1629050.0751988525,1276.3424600000003
2902.3,2191.3222699999997,505489.33255595365,710.9777300000005
3369.64,2929.8977,193373.2904092899,439.7422999999999
1572.74,1983.741,168921.822001,411.001
1530.4,1299.21955,53444.40046220253,231.18045000000006
2122.0,2598.10187,226672.99061749686,476.10186999999996
2190.35,2418.44904,52029.172048921624,228.09904000000006
2083.95,1301.43898,612323.4964214403,782.5110199999999
444.84,747.3856199999999,91533.85218118435,302.54561999999993
1545.95,1444.35318,10321.913834112396,101.59681999999998
3806.4,3289.1562599999997,267541.08656918793,517.2437400000003
841.69,885.10407,1884.7814739648934,43.414069999999924
2273.38,2144.15994,16697.823906403628,129.2200600000001
1200.96,2359.42195,1342034.0895978021,1158.46195
1811.49,1988.61024,31371.579417657587,177.12023999999997
863.52,1336.1413499999999,223370.9404758224,472.6213499999999
2171.36,2656.14285,235014.41165412255,484.78285000000005
1703.13,1925.0864700000002,49264.67457486094,221.95647000000008
2925.26,3397.36809,222886.04864344784,472.1080899999997
764.84,1959.3584599999997,1426874.351280771,1194.5184599999998
1118.26,1572.7195599999998,206533.4916753934,454.4595599999998
1935.39,2529.74106,353253.1825231233,594.3510599999997
2841.34,2836.52695,23.165450302501956,4.813050000000203
3235.52,3488.8919699999997,64197.355181680745,253.3719699999997
1247.23,1507.2634,67617.36911556001,260.03340000000003
679.86,599.42664,6469.525400889599,80.43336
1190.88,1432.71001,58481.753736600054,241.8300099999999
3746.48,2839.9797000000003,821742.7939000895,906.5002999999997
1678.16,1810.59654,17539.43712717158,132.43653999999992
1820.06,1182.45237,406543.4898342169,637.60763
2630.63,1687.6475,889215.9953062502,942.9825000000001
2072.82,1377.05015,484095.68416902266,695.7698500000001
3430.51,3294.0255,18628.01874025001,136.48450000000003
981.86,813.63087,28301.04018055692,168.22913000000005
1107.77,1712.98395,366283.9252746026,605.2139500000001
3639.72,2628.0527199999997,1023470.6854225986,1011.6672800000001
1874.73,2099.0092999999997,50301.204408489866,224.2792999999997
747.96,1644.26443,803361.6312376248,896.3044299999999
3196.9,3292.4334699999995,9126.643890240784,95.5334699999994
2300.27,2235.13572,4242.4744311183695,65.13427999999976
1421.94,2389.30113,935787.5558348765,967.3611299999998
1975.68,2067.67416,8462.925474105594,91.99415999999997
1202.77,908.52198,86581.8972739204,294.24802
1205.55,1711.9261699999997,256416.82554386868,506.3761699999998
2827.34,2062.3745400000003,585172.1549930114,764.9654599999999
2378.31,2128.61979,62345.20096984397,249.69020999999975
1471.39,2349.52178,771115.4230459683,878.1317799999999
1091.51,1559.79702,219292.73310048037,468.28702
2312.73,1808.85354,253891.48694213154,503.87645999999995
821.69,1696.02731,764465.7316580359,874.3373099999999
481.09,520.29105,1536.7223211025052,39.201050000000066
866.23,636.5239799999999,52764.85562424044,229.70602000000008
893.12,1734.1824299999998,707386.0111575046,841.0624299999998
1741.83,1936.74349,37991.268583980156,194.91349000000014
2097.73,2382.30561,80983.27780687202,284.57560999999987
1574.07,1312.4686000000002,68435.29248195988,261.6013999999998
869.75,806.8430900000001,3957.2793257480907,62.906909999999925
2610.61,1788.34028,676127.4924288788,822.2697200000002
981.18,1119.46285,19122.146604122485,138.28284999999994
2592.52,1751.2429399999999,707747.0916822437,841.2770600000001
1694.02,1807.0644900000002,12779.056719360151,113.04449000000022
1297.91,1599.54417,90983.17251158878,301.6341699999998
1951.67,1569.89421,145752.75383012422,381.77579000000014
1143.32,1869.79917,527771.984443889,726.4791700000001
986.43,1353.64609,134847.6567548881,367.21609
3986.35,3067.25744,844731.1338473537,919.09256
1273.97,1313.88509,1593.214409708097,39.915089999999964
3952.87,2996.2468200000003,915127.9085133116,956.6231799999996
1108.39,1647.16908,290282.89704564615,538.7790799999998
3223.53,2922.12381,90845.69137031618,301.40619000000015
901.15,750.0354299999999,22835.613266284923,151.11457000000007
840.61,1045.52301,41989.34166726014,204.9130100000001
1211.49,1815.28261,364565.51589061203,603.79261
1977.95,2334.15717,126883.54795940884,356.2071699999999
1707.44,2005.53468,88860.43824430235,298.0946799999999
968.5,1837.8975799999998,755852.1521098561,869.3975799999998
3534.58,2548.55842,972238.5562256966,986.0215800000001
3532.69,3353.3790999999997,32152.398858810146,179.3109000000004
4053.39,2615.8614499999994,2066488.3320651038,1437.5285500000005
3227.35,3263.7159399999996,1322.481592083577,36.36593999999968
4020.68,2772.5728,1557771.58269184,1248.1072
2055.96,1951.15419,10984.257809756115,104.80581000000006
1289.06,1556.08943,71304.71648612492,267.02943000000005
1116.83,1391.8012099999999,75609.16632886406,274.9712099999999
653.98,204.03537,202450.17006583692,449.94463
714.63,1191.0077199999998,226935.73211239825,476.37771999999984
3889.46,2726.2927099999997,1352958.144525945,1163.1672900000003
2962.88,2713.2192,62330.515056640055,249.6608000000001
2051.91,2758.0904299999997,498690.7997149847,706.1804299999999
3825.92,2896.68349,863480.4915169805,929.2365100000002
1035.31,1488.7147300000001,205575.8491863731,453.4047300000002
931.61,709.66088,49261.4118687744,221.94912
952.85,1581.45808,395148.1182412865,628.6080800000001
1726.62,1863.59274,18761.531503107642,136.97274000000016
2199.96,2237.96107,1444.0813211448847,38.0010699999998
1973.48,2632.11902,433805.3586665605,658.6390200000001
3359.99,2473.2020899999998,786392.7973221681,886.78791
1304.52,1166.62518,19014.981382832393,137.89481999999998
2201.01,1998.7791000000002,40897.33691481001,202.23090000000002
915.29,1512.4591500000001,356610.9937117227,597.1691500000002
3220.11,2619.92775,360218.7332150629,600.1822500000003
2998.2,2652.52841,119488.84813312805,345.6715899999999
2065.31,2598.10187,283867.1767380969,532.79187
4476.65,3760.53126,512826.0497791868,716.1187399999994
1579.75,2111.20057,282439.70835332485,531.45057
2888.5,1795.9309999999998,1193707.0197610003,1092.5690000000002
2004.61,2497.48076,242921.5860629776,492.87076
1297.6,1395.2401100000002,9533.591080812153,97.64011000000028
2180.3,3027.2554499999997,717333.5342847016,846.9554499999995
2809.89,3248.97873,192798.91281301284,439.08872999999994
2755.18,3289.1562599999997,285130.6462435875,533.9762599999999
4154.66,2707.37148,2094644.0601237905,1447.28852
2327.86,3148.7163299999997,673805.1145010683,820.8563299999996
2189.27,1802.71878,149421.84568348844,386.55122000000006
3615.85,3233.07987,146512.9724202168,382.7701299999999
2345.96,2896.05609,302605.7082332881,550.09609
3530.7,2846.69581,467861.73193755565,684.0041899999997
721.57,1092.4305,137537.5104602499,370.8604999999999
2102.97,2304.03078,40425.437254208504,201.06078000000025
1051.36,2066.58418,1030680.1356566723,1015.2241799999999
4329.94,3591.80418,544844.4887670716,738.1358199999995
1352.94,1246.22335,11388.443387222516,106.71665000000007
2374.18,2195.46024,31940.752614457582,178.71975999999995
669.07,824.1584399999999,24052.424221633562,155.08843999999988
1620.12,2327.19385,499953.42935382284,707.0738500000002
2715.49,2060.75031,428684.06166129594,654.7396899999999
1990.16,2331.00531,116175.52534899605,340.8453099999999
3123.1,2476.74486,417774.96700441977,646.3551400000001
3555.72,3488.8919699999997,4465.985593680917,66.82803000000013
2775.11,3373.5198,358094.2887360399,598.4097999999999
1267.51,1861.9214100000002,353324.9243381883,594.4114100000002
2742.13,2431.3393800000003,96590.80947998425,310.79061999999976
1330.11,1310.19135,396.75261782249373,19.918649999999843
1728.47,2671.6113299999997,889515.5683541683,943.1413299999997
4507.63,2951.8991199999996,2420298.570985576,1555.7308800000005
702.29,747.816,2072.616676000006,45.52600000000007
2337.82,2856.66765,269202.8839105222,518.8476499999997
1286.94,1806.6341100000002,270081.96796869225,519.6941100000001
2057.99,1695.2382199999997,131588.85389316845,362.75178000000005
929.53,708.06885,49045.04095932249,221.46114999999998
1958.61,2349.98436,153173.88966540963,391.37436
1659.51,1828.08743,28418.349905404917,168.57743000000005
2571.99,2892.90423,102985.9430164931,320.9142300000003
1702.02,1454.33887,61345.94215807687,247.68112999999994
3393.27,2858.35283,286136.3787608091,534.9171700000002
1059.31,1885.1637799999999,682034.4659402883,825.8537799999999
615.44,1001.70956,149204.17298259356,386.26955999999996
665.36,1403.8169400000002,545318.6522341638,738.4569400000001
2477.45,2940.67248,214575.06597735072,463.22248000000036
941.79,2032.4953600000001,1189638.18233273,1090.7053600000002
1433.82,1775.53546,116769.45560301168,341.7154600000001
836.37,1084.83978,61737.231573248406,248.46978000000001
3628.76,3151.43781,227836.4730663964,477.3221900000003
3496.47,2834.68008,437965.89821360604,661.7899199999997
2047.74,2283.3804,55526.39811216,235.6404
2920.43,1643.83405,1629697.2195564022,1276.59595
1018.24,927.1423199999999,8298.787301382416,91.09768000000008
640.92,537.42323,10711.581400432893,103.49676999999997
1965.02,2337.25884,138561.7540045456,372.23884
3560.71,2799.0708999999997,580094.1186488105,761.6391000000003
1033.84,1386.5015899999999,124370.19706132806,352.66158999999993
1901.84,2439.11327,288662.5666564928,537.2732699999999
1479.22,1462.6470100000001,274.6639975400964,16.57298999999989
2178.41,2490.94782,97679.8889303524,312.53782
2602.11,2121.26556,231211.3754789139,480.8444400000003
3816.47,2449.81638,1867742.1170591032,1366.6536199999996
4165.7,3366.1977699999998,639203.815774973,799.50223
1933.15,843.51005,1187315.220636003,1089.6399500000002
1271.45,2688.56797,2008223.340896921,1417.11797
1515.99,2226.57274,504927.83038590767,710.5827400000001
4469.72,2599.9625899999996,3495992.7722499105,1869.7574100000006
1117.58,1506.80082,151492.8467214724,389.22082
2282.29,2430.1777300000003,21870.78068455301,147.88773000000037
1594.13,2799.42961,1452747.149866152,1205.29961
1952.71,2581.51779,395399.2367646839,628.8077899999998
2058.48,2442.29733,147315.7428083288,383.81732999999986
781.94,1205.31455,179246.0095877025,423.37455
1945.93,2021.10703,5651.585839620875,75.17702999999983
3276.49,3198.63234,6061.8152206755485,77.85765999999967
3928.23,3337.48024,348985.2789400578,590.7497600000002
1401.11,1860.9429300000002,211446.32351238513,459.83293000000026
2486.14,2638.9067999999997,23337.69518223996,152.76679999999988
3303.45,2421.7979200000004,777310.3901683253,881.6520799999994
3817.97,2949.67969,753928.0624398958,868.2903099999999
1511.75,2226.93145,511484.5064241026,715.18145
2106.8,2570.54599,215060.34324108,463.7459899999999
1895.75,1529.2648199999999,134311.3871596325,366.4851800000001
1136.76,1162.84592,680.4752222463993,26.085919999999987
2991.98,2523.47681,219495.239040176,468.5031899999999
1700.91,2271.44397,325509.0109239606,570.5339699999997
1432.23,510.12219,850282.813262996,922.10781
876.81,1069.01259,36941.83560270814,192.2025900000001
1868.94,2331.0769800000003,213570.5882835206,462.1369800000002
2698.49,2503.87036,37876.804273729555,194.6196399999999
3389.25,3401.07568,139.84670746239811,11.82567999999992
2354.78,2546.16345,36627.62493390243,191.3834499999998
1105.47,1079.7157,663.283968490003,25.754300000000057
1009.72,1365.83736,126819.57409336958,356.11735999999996
1815.0,1774.03345,1678.258218902508,40.9665500000001
1342.32,1906.43393,318224.52602004487,564.11393
797.2,1817.2333500000002,1040468.0351122228,1020.0333500000002
2423.84,2276.91913,21585.742041556878,146.92086999999992
992.77,1201.43142,43539.588196416364,208.6614199999999
1403.03,1423.1547,405.00355009000305,20.124700000000075
1326.52,878.38796,200822.32527456156,448.13203999999996
674.24,1081.56257,165911.67603140493,407.32257000000004
1083.59,1233.96041,22611.260203568097,150.37041
499.86,1078.91276,335302.0988636175,579.0527599999999
2054.69,2849.34562,631477.5543975844,794.65562
1095.34,1640.81168,297539.35368202254,545.4716800000001
4329.46,2444.05418,3554755.1060898723,1885.40582
916.09,1666.8793999999998,563684.7231523597,750.7893999999998
1152.49,1306.3082200000001,23660.044803968434,153.8182200000001
970.92,1254.06891,80173.3052341881,283.14891
1248.38,1442.6818500000002,37753.208913422524,194.30185000000006
1521.97,2233.46439,506224.2670014722,711.4943900000001
1959.81,2517.4459199999997,310957.8192742461,557.6359199999997
1125.34,1480.30272,125998.5325897984,354.96272
981.61,1686.48585,496849.96391322254,704.87585
2860.45,2624.16959,55828.43214976803,236.28040999999985
1314.7,1980.5569399999997,443365.46454616316,665.8569399999997
1498.02,1287.02828,44517.50590855839,210.99172
3062.89,2604.45927,210158.73420833293,458.43073000000004
930.06,1969.9576999999997,1081387.2264652895,1039.8976999999998
3544.99,3199.13439,119616.10296847184,345.8556099999996
1097.28,1784.9013799999998,472823.1622331042,687.6213799999998
959.15,2354.7497299999995,1947698.6063760715,1395.5997299999995
2400.23,2733.2560299999996,110906.33665756059,333.02602999999954
858.97,535.8312,104418.68406544004,323.13880000000006
1801.89,1417.4963699999998,147758.4627845771,384.39363000000026
2139.39,1728.45243,168869.68643750474,410.9375699999998
3466.02,2265.5169499999997,1441207.5730593032,1200.5030500000003
1096.91,1140.66133,1914.1788767688847,43.751329999999825
2705.31,1709.90376,990833.5826309377,995.40624
1914.73,1637.3011099999999,76966.78900663217,277.42889000000014
1504.66,1261.94667,58909.76055968892,242.71333000000004
1732.93,2367.01267,402060.8323943289,634.08267
1456.24,952.15226,254104.44961830764,504.08774000000005
2829.11,2168.36694,436581.3913381639,660.7430600000002
2491.87,2082.41137,167656.36968147696,409.4586300000001
3059.11,2512.94924,298291.57576377783,546.1607600000002
2399.68,1735.3440799999998,441342.21460224636,664.33592
1710.67,1766.08402,3070.713612560393,55.41401999999994
1367.66,1912.7196599999997,297090.0329593152,545.0596599999997
3540.85,3001.54644,290848.32982867345,539.3035599999998
895.56,1554.42573,434104.0501684329,658.86573
1919.32,2405.16779,236048.07504788414,485.84779000000003
1549.2,1967.84214,175261.24138377953,418.6421399999999
3263.04,2306.68059,914623.3210955481,956.35941
2409.28,2129.74924,78137.44578617766,279.5307600000001
2417.01,1397.88992,1038605.7374592067,1019.1200800000001
2470.63,2917.07903,199316.73638794068,446.44902999999977
3556.12,2535.30937,1042054.3423209968,1020.81063
2544.19,2761.34616,47156.7978259456,217.15616
1178.22,1800.80024,387606.1552384576,622.58024
2925.43,1695.2382199999997,1513371.8155795687,1230.19178
1564.06,1660.522,9304.917443999999,96.46199999999999
1058.85,1975.32899,839933.7391114202,916.4789900000001
1359.07,2270.3861899999997,830497.1981561157,911.3161899999998
1995.26,2204.57132,43811.22868014241,209.31132000000002
1705.26,1659.00164,2139.8358698896036,46.25836000000004
1922.03,2377.1815300000003,207162.9152613412,455.1515300000003
1556.02,2308.7168500000002,566552.5479999229,752.6968500000003
1419.09,2005.46301,343833.3068564601,586.37301
3197.8,2861.10651,113362.50620838017,336.6934900000001
2684.58,2837.6886,23442.24339396001,153.10860000000002
1029.02,2303.24169,1623640.9152664556,1274.2216899999999
1063.08,624.43658,192408.0499092963,438.6434199999999
918.66,1049.76485,17188.481693522514,131.10485000000006
2044.3,2465.6113699999996,177503.27049127663,421.31136999999967
3759.2,2858.52837,811209.3850868565,900.6716299999998
3557.65,2316.92112,1539408.1536660546,1240.7288800000001
1638.75,2381.24783,551303.0275547086,742.4978299999998
2564.91,2858.88708,86422.52356532647,293.9770800000001
2867.51,2454.65342,170450.5556492965,412.8565800000001
1763.76,2441.1356800000003,458837.81185546285,677.3756800000003
3700.46,2257.5675199999996,2081938.7088405516,1442.8924800000004
3510.91,2229.8361,1641150.3372612097,1281.0738999999999
1562.34,1179.9781,146200.6225716099,382.3618999999999
3147.55,2941.65859,42391.27271178817,205.89141000000018
1444.41,2265.62082,674387.2108850725,821.21082
991.07,1514.78245,274274.7302850024,523.7124499999999
2491.46,2391.84707,9922.735823184947,99.61293000000023
3742.07,3061.34427,463387.51948403305,680.7257300000001
2433.96,2063.43232,137290.7616461825,370.52768000000015
1948.04,1584.7352899999998,131990.3123081842,363.3047100000001
1046.54,1195.87696,22301.527622041627,149.3369600000001
1643.62,2305.63666,438266.0581175559,662.0166600000002
1534.64,1310.8048999999999,50102.151992010105,223.83510000000024
1104.09,1809.80745,498037.11923450266,705.7174500000001
1436.05,1464.50773,809.8423967529047,28.457730000000083
4227.27,2948.1915299999996,1636041.732417543,1279.0784700000008
3168.47,2809.6701399999997,128737.33953601966,358.7998600000001
739.38,1135.18617,156662.52421006886,395.80616999999995
1871.33,2196.36705,105649.08387270244,325.0370499999999
883.85,1730.8474,717404.5956067601,846.9974000000001
927.19,1164.40575,56271.31204806243,237.21574999999984
2493.27,3109.39956,379615.6347057934,616.1295599999999
2701.79,2072.5112,395991.80812944006,629.2788
2783.66,1833.0283399999998,903700.5529943557,950.63166
1030.42,1088.09551,3326.4644537601034,57.67551000000003
394.77,304.72815,8107.534751422491,90.04184999999995
1200.02,1399.05157,39613.56585666494,199.0315700000001
2611.08,2405.89906,42099.21813928349,205.18093999999974
1150.27,1828.89037,460525.60657893703,678.6203700000001
2456.88,1603.0291200000001,729061.3252767744,853.85088
2424.81,1636.3149999999998,621724.3650250002,788.4950000000001
3110.44,2199.70208,829443.5589259265,910.73792
2347.09,2652.2597199999996,93128.55800487804,305.1697199999994
2874.88,2590.77984,80712.90091202558,284.10015999999996
3529.1,2560.74969,937702.3228770958,968.3503099999998
1194.34,1438.79872,59760.065784038445,244.45872000000008
2314.08,1790.3765400000002,274265.3140159713,523.7034599999997
3072.98,1774.03345,1687262.1397569028,1298.9465500000001
3740.42,3670.8681,4837.46679360999,69.55189999999993
789.36,1207.53398,174869.47754904034,418.1739799999999
1852.07,2816.9205,930936.4873502505,964.8505000000002
2302.66,1786.81992,266090.98813440633,515.84008
4762.48,3527.83618,1524345.362264192,1234.6438199999998
3651.93,3333.4139400000004,101452.48047792327,318.51605999999947
2684.68,1689.9386,989510.4528739598,994.7413999999999
3358.1,2234.77701,1261854.5398625403,1123.3229900000001
1662.06,2349.98436,473239.9250814096,687.92436
2014.78,2266.6786,63452.904681960106,251.89860000000022
2063.3,2148.29791,7224.644704368031,84.99790999999959
1530.06,2242.83031,508041.51481749595,712.7703099999999
2198.33,2185.32358,169.1669612163924,13.006419999999707
1323.33,1652.0383199999999,108049.15963722237,328.70831999999996
1892.02,2560.57415,446964.6514822224,668.5541499999999
2510.46,2411.55739,9781.72626481212,98.9026100000001
1382.7,1619.2544899999998,55958.026739159985,236.55448999999976
1825.89,1348.60131,227804.49360191618,477.2886900000001
1580.51,1936.9983300000001,127083.92942618899,356.48833000000013
811.13,1637.73149,683270.0232702199,826.6014899999999
2700.64,2690.7874,97.0737267599943,9.852599999999711
2039.23,1995.6667099999997,1897.7602356241243,43.56329000000028
2232.33,3037.85469,648870.0261995964,805.5246900000002
1917.54,2369.2321,204025.75320241018,451.6921000000002
2330.68,2853.58746,273432.21172365197,522.9074600000004
2569.68,2276.1161899999997,86179.71054171617,293.5638100000001
1190.94,1762.6451200000001,326846.7442342145,571.7051200000001
813.52,548.02247,70488.93843610089,265.49753
2640.37,2739.97214,9920.586292579592,99.60213999999996
3159.81,1343.83594,3297761.7865928835,1815.97406
976.72,1449.39796,223424.45386976158,472.67796
2186.82,1986.55563,40105.81789149694,200.2643700000001
1216.14,714.09974,252044.4226608677,502.0402600000001
3554.76,2094.76746,2131578.216855652,1459.9925400000002
2240.76,2302.9868500000002,3872.180860922502,62.22685000000001
2461.79,2307.22869,23889.198548916116,154.56131000000005
3225.51,3092.3390499999996,17734.501923902666,133.17095000000063
1717.76,1996.09709,77471.5356696681,278.33709
3583.54,2937.951,416785.1569209999,645.5889999999999
1615.59,2251.8375199999996,404810.90670615,636.2475199999997
2694.19,2577.96117,13509.140923168903,116.22883000000002
753.1,931.75672,31918.22360115838,178.65671999999995
1496.3,1383.04884,12825.825241345607,113.25116000000003
1191.21,1897.78543,499248.8382796847,706.5754299999999
1406.22,1115.57972,84471.77235847844,290.6402800000001
1730.5,2600.75168,757337.9865428221,870.2516799999999
656.53,1204.88417,300692.295756389,548.3541700000001
1933.74,1308.8541599999999,390482.3130325058,624.8858400000001
3749.22,2507.75349,1541239.0954515794,1241.4665099999997
1066.17,837.40749,52332.28598150011,228.76251000000002
1822.55,1723.5831899999998,9794.429481576124,98.96681000000012
2449.84,2593.9638999999997,20771.698551209884,144.1238999999996
1092.88,182.83689,828178.4620584722,910.0431100000001
3067.93,2514.7961099999998,305957.10026653216,553.1338900000001
1177.31,2277.27784,1209929.2490342662,1099.9678400000003
3657.1,2574.88098,1171198.0072497604,1082.21902
1989.4,1671.92418,100790.89628467248,317.4758200000001
1513.48,2152.99161,408975.0993247921,639.51161
2329.48,3082.90146,567643.8963885317,753.42146
771.14,612.67569,25110.937543776086,158.46430999999995
1630.41,1309.81879,102778.72392926413,320.59121000000005
1456.86,1934.4523900000002,228094.49098591233,477.59239000000025
1349.69,1658.92997,95629.35904560081,309.23996999999986
1329.49,1282.08737,2247.009330916904,47.402630000000045
1131.2,1903.7841199999998,596886.222476174,772.5841199999998
1179.4,1853.7964399999998,454810.55828467326,674.3964399999998
1414.25,1042.51449,138187.28939496007,371.73551
1240.42,1985.42618,555034.2082381921,745.0061799999999
2686.51,1767.84087,843952.9704149573,918.6691300000002
2229.52,1901.66856,107486.56671007354,327.8514399999999
2074.75,2294.7687300000002,48408.241550813,220.01873000000023
2590.35,2784.6924,37768.96843776,194.3424
1121.44,1967.7382699999998,716220.7618049926,846.2982699999998
1453.09,2085.06118,399387.5723505927,631.9711800000002
4101.79,3219.0995499999995,779142.4305212034,882.6904500000005
2644.06,2664.0922800000003,401.2922419984142,20.032280000000355
2167.99,2264.8317300000003,9378.320669393008,96.84173000000055
4371.04,3250.03651,1256648.8245921803,1121.00349
3961.71,2682.1066999999994,1637384.6053708917,1279.6033000000007
3836.59,3332.611,253994.83244100027,503.97900000000027
1401.0,1748.3382900000001,120643.88770012419,347.33829000000014
749.09,1004.7180799999999,65345.715284486316,255.62807999999984
972.04,1640.4529699999998,446775.8984642207,668.4129699999999
1536.52,1150.8301900000001,148756.62953783598,385.68980999999985
801.14,1037.57358,55900.837751616404,236.43358
789.44,1433.4991,414812.1242928099,644.0591
1755.15,2161.37142,165015.8420668163,406.22141999999985
3473.58,2502.4538700000003,943085.9603687762,971.1261299999996
1748.25,2321.79036,328948.54454892955,573.54036
3148.39,2814.96976,111169.05644165755,333.4202399999999
2936.12,2715.32091,48752.238144828094,220.79908999999998
1482.81,1432.71001,2510.0089980000935,50.099989999999934
1779.39,1340.65188,192491.13794113457,438.7381200000002
3622.98,3029.54655,352163.2595789025,593.43345
3951.52,3280.84812,449800.7706227342,670.6718799999999
1652.69,2075.59139,178845.58566393208,422.90139
2183.13,2377.43637,37754.96542257682,194.3063699999998
1342.34,2363.12954,1042011.2849734116,1020.78954
1726.24,1873.0441799999999,21551.467265472358,146.80417999999986
1118.21,897.99441,48494.90607904811,220.21559000000002
1791.36,1909.0120699999998,13842.009575284868,117.65206999999987
1486.21,2378.7018900000003,796541.7737157725,892.4918900000002
2584.61,2007.2305800000001,333366.99463953637,577.37942
4290.14,3016.9110499999997,1621111.959118104,1273.2289500000006
2193.57,2216.76259,537.896230908084,23.192589999999655
1863.32,1764.49199,9766.97556056009,98.82800999999995
2624.87,2150.77218,224768.74292875236,474.09781999999996
2185.11,2191.06743,35.49097220489918,5.957429999999931
993.08,1245.0617,63494.77713488997,251.98169999999993
2204.43,2094.60264,12062.04900456955,109.82735999999977
1297.93,2266.6786,938473.8500019603,968.7486000000001
1380.45,1660.05942,78181.4277527364,279.60942
2331.86,2066.04993,70654.99331340489,265.81007
716.97,1532.59985,665252.0522110226,815.62985
1084.09,781.76148,91402.53400539035,302.3285199999999
2203.04,1306.7386,803356.1996419601,896.3014000000001
3556.58,2917.07903,408961.49063094094,639.50097
985.61,1378.5521599999997,154403.54110546538,392.9421599999997
993.95,952.9552,1680.5736270400046,40.994800000000055
3801.98,3206.65344,354413.71304143354,595.32656
1179.3,773.81205,164420.47759520245,405.48794999999996
2026.76,2665.77746,408343.31418485136,639.0174599999998
1632.09,1314.5841599999999,100809.95843410562,317.50584000000003
2874.35,1720.14429,1332190.820996604,1154.20571
966.81,1094.81162,16384.414722624402,128.00162
2055.35,2603.4014899999997,300360.43569121993,548.0514899999998
1008.76,1580.92383,327371.44836026884,572.16383
1818.47,1733.8237199999999,7164.992717838427,84.64628000000016
2380.25,2498.6424100000004,14016.76274560819,118.39241000000038
1299.43,1886.65194,344829.60681736347,587.2219399999999
2227.42,3059.0531699999997,691613.7294442483,831.6331699999996
1973.96,2116.32465,20267.693569622494,142.36464999999998
1703.17,1738.6929599999999,1261.8806871615848,35.522959999999784
1692.25,2492.64372,640630.1070154385,800.39372
1814.51,1564.7701299999999,62370.00266761696,249.7398700000001
3090.31,2221.52796,754782.2330265617,868.78204
3250.17,2768.79354,231723.29624213156,481.37645999999995
2500.8,2893.40628,154139.69109543838,392.60627999999997
1428.5,1453.8046199999999,640.3237933443943,25.304619999999886
1839.61,1790.9900899999998,2363.8956484081114,48.61991000000012
771.12,375.84264,156244.19132856958,395.27736
2868.88,2932.54751,4053.55182960007,63.667509999999766
1913.0,2221.63183,95253.60648914878,308.6318299999998
2789.68,2178.5036,373536.5919169598,611.1763999999998
1296.79,1507.33507,44329.226501304955,210.54507000000012
822.79,818.8588199999999,15.454176192400316,3.9311800000000403
923.26,1475.89606,305406.61481232365,552.63606
2088.37,2483.10226,155813.55708470778,394.7322600000002
1012.39,948.71336,4054.7144816896025,63.67664000000002
2249.8,1740.81924,259061.41405017776,508.98076000000015
1037.63,1483.8454900000002,199108.26351594014,446.21549000000005
1648.6,1597.98434,2561.945037235593,50.615659999999934
1857.37,1514.85412,117317.12805217435,342.5158799999999
2267.36,2873.62429,367556.38932920416,606.2642900000001
1629.9,1800.90411,29242.40563689205,171.00410999999986
1197.5,2022.9538999999997,681374.1410252096,825.4538999999997
2554.07,2758.26597,41695.9941642408,204.19596999999976
3045.17,2013.1576,1065049.5937537602,1032.0124
1319.04,1871.9147299999997,305670.4670725727,552.8747299999998
2136.35,3117.34899,962359.0183810202,980.99899
773.1,1539.76019,587767.846930836,766.66019
279.57,509.69181,52956.04743767609,230.12180999999998
749.67,494.22333,65253.001214088894,255.44666999999998
1705.16,708.80012,992733.0104736146,996.3598800000001
2818.72,2912.94106,8877.608147523657,94.2210600000003
1645.49,2340.4429,482959.53321841,694.9529
2053.54,1482.429,326167.77432099986,571.1109999999999
2394.21,2181.6159900000002,45196.213087880016,212.5940099999998
2225.05,2159.95493,4237.36813830494,65.0950700000003
1245.65,1326.09021,6470.627384844097,80.44020999999998
1890.13,1462.54314,182830.5228446597,427.5868600000001
1634.76,1717.9248599999999,6916.393938819577,83.16485999999986
3108.04,2534.14772,329352.34904359846,573.89228
897.17,1577.3917800000002,462701.6699863687,680.2217800000002
1555.96,1324.05395,53780.41602660252,231.90605000000005
1529.83,2221.2731200000003,478093.5881953349,691.4431200000004
4414.44,2095.92911,5375492.74704859,2318.5108899999996
2535.91,1903.8163200000001,399542.42029594205,632.0936799999997
1046.14,2026.73316,961562.9454387854,980.5931599999999
2055.84,2238.2297599999997,33266.024552857445,182.38975999999957
612.48,905.25862,85719.32032910436,292.77861999999993
1296.25,449.17656,717533.4127534336,847.07344
2977.58,2097.9515199999996,773746.262827111,879.6284800000003
1394.24,2493.5976299999998,1208587.1986392164,1099.3576299999997
3417.85,3199.13439,47836.51805767199,218.71560999999974
1960.6,1956.34994,18.063010003598713,4.2500599999998485
1458.15,2279.92765,675318.5060395225,821.77765
1323.68,1264.23777,3533.378707372913,59.44223000000011
1189.43,1723.5831899999998,285319.6303871758,534.1531899999998
2821.35,2898.63423,5972.852206692932,77.2842300000002
3080.05,2782.54464,88509.43922872967,297.5053600000001
1180.24,2414.5337099999997,1523480.9625455632,1234.2937099999997
2170.28,2649.6099099999997,229757.1626206076,479.3299099999995
4027.05,2346.44159,2824444.627762729,1680.6084100000003
1513.66,1739.48205,50995.5982662025,225.82205
2141.01,2102.64522,1471.856344448426,38.36478000000034
1586.27,1981.6147199999998,156297.44763187825,395.3447199999998
789.77,1421.30783,398840.0307211089,631.53783
1207.52,1167.05556,1637.3709045135975,40.46443999999997
1311.13,1089.08162,49305.48306062448,222.04838000000018
2733.5,1721.73632,1023665.7441671424,1011.76368
1558.85,1325.5421099999999,54432.57153625212,233.30789000000004
1683.21,1671.12124,146.13811833760224,12.088760000000093
2015.78,2247.32699,53614.00857806012,231.54699000000005
2449.29,2163.59085,81624.00431072245,285.6991499999999
1683.04,1695.59693,157.67649102489915,12.556929999999966
439.9,959.3126,269789.44903876,519.4126
2334.81,3133.2478499999997,637503.0003126222,798.4378499999998
476.58,1124.58693,419912.98132802494,648.00693
1754.11,1893.64746,19470.702743251604,139.53746
1408.18,1445.5865000000001,1399.246242250004,37.40650000000005
1198.31,1524.29171,106264.07525452411,325.98171
3721.95,2940.60081,610506.5567136559,781.3491899999999
1667.94,1326.7037599999999,116442.17148933772,341.2362400000002
3250.01,2665.15006,342061.1494168039,584.8599400000003
1029.38,1533.22725,253862.0513325623,503.8472499999998
1602.44,3178.9220199999995,2485295.5593832787,1576.4820199999995
3450.78,2152.46808,1685613.8416140866,1298.31192
685.63,818.8588199999999,17749.91847859238,133.22881999999993
2047.5,2711.98588,441541.4847193746,664.4858800000002
1845.32,2084.52693,57219.95536002493,239.20693000000006
1369.9,1319.88378,2501.6222630884204,50.0162200000002
1387.36,1403.45823,259.15300913290184,16.098230000000058
1022.81,1277.84553,65043.121562380955,255.0355300000001
1649.22,857.18948,627312.3446114705,792.03052
760.22,823.79973,4042.382066872891,63.57972999999993
3625.2,3499.4912099999997,15802.699883264135,125.70879000000014
930.34,1215.48341,81306.76426642812,285.14341
1440.35,1879.1328899999999,192530.42455675206,438.78288999999995
1441.98,1702.56025,67902.0666900625,260.58025
1196.07,1207.46231,129.78472713609892,11.392309999999952
941.35,543.78063,158061.40396219693,397.56937000000005
1071.73,1419.7158,121094.11700163996,347.9857999999999
2711.71,2873.19391,26077.053188888076,161.48390999999992
2115.65,2403.50409,82859.977129728,287.8540899999998
601.74,1897.78543,1679733.7566238847,1296.04543
1382.17,1607.16709,50623.69050846803,224.99708999999984
1393.05,1215.41174,31555.35141582758,177.63825999999995
1154.02,1599.54417,198491.78605418882,445.5241699999999
1785.27,813.12882,945058.4738517923,972.14118
4577.16,2250.67587,5412528.407141856,2326.48413
2976.95,2739.5417599999996,56362.672419897695,237.4082400000002
1347.72,1672.2506899999998,105320.16875187599,324.5306899999998
1196.1,1564.0388599999999,135379.00469809957,367.93886
2656.0,3570.6057,836503.5864724901,914.6057000000001
2478.81,2383.5389299999997,9076.576778944946,95.27107000000024
3045.2,2837.15435,43282.99248392251,208.04565000000002
2834.89,2059.7964,600770.0887609596,775.0935999999997
2502.23,2248.38477,64437.40079375285,253.8452299999999
820.47,111.29202000000001,502933.4073168805,709.17798
1490.41,1281.72866,43547.90166419564,208.6813400000001
3462.77,2469.42283,986738.6001470089,993.34717
973.88,638.7434099999999,112316.53395682815,335.13659000000007
1996.77,1402.13176,353594.6364702976,594.63824
3520.77,3101.09142,176130.11051081622,419.6785799999998
2030.51,1987.44859,1854.285031188102,43.06141000000002
1603.06,2220.0397999999996,380664.0736080395,616.9797999999996
1209.29,1359.6309299999998,22602.39523326485,150.34092999999984
2232.85,2784.5885299999995,304415.4054865605,551.7385299999996
4331.45,2796.42109,2356313.754535788,1535.02891
2106.69,1745.5846099999999,130397.10268705222,361.10539000000017
958.92,1467.41238,258564.50051806442,508.49238
1535.06,1194.64364,115883.29815564957,340.41635999999994
2929.38,2671.86617,66313.37264126907,257.5138300000003
853.69,1235.87895,146068.3935021025,382.18895
775.37,1596.82269,674784.5219082361,821.45269
2002.9,2595.4520599999996,351117.94381024304,592.5520599999995
3057.46,2890.25442,27957.705983136344,167.20557999999983
882.14,1972.1771299999998,1188180.9447786363,1090.0371299999997
1701.09,2393.0087200000003,478751.51508643886,691.9187200000003
1952.04,1629.9576,103737.07238976001,322.0824
4689.43,2953.49115,3013483.690939324,1735.9388500000005
1869.4,2338.8508699999998,220384.11934375658,469.45086999999967
1289.92,1236.68189,2834.2963563721005,53.238110000000006
1703.81,2203.338,249528.22278400025,499.52800000000025
1884.08,1827.99741,3145.256901108098,56.08258999999998
2903.83,2692.02072,44863.17109411838,211.80927999999994
1685.92,2103.0756,174018.79461136003,417.15560000000005
1046.29,1494.4447300000002,200842.66202137308,448.1547300000002
2177.3,1722.5254099999997,206819.9277096685,454.77459000000044
2093.31,2175.8537899999997,6813.477267564053,82.54378999999972
2117.35,2708.17442,349073.4952683363,590.8244199999999
804.77,1053.11373,61674.60823031292,248.34373000000005
1741.47,2239.37756,247911.93830515348,497.9075599999999
1101.68,1566.6886699999998,216233.06317516865,465.0086699999997
3648.73,2308.97169,1794952.3292140565,1339.7583100000002
1382.48,1088.09551,86662.22795256005,294.3844899999999
1112.23,644.40174,218863.2808546276,467.82826
3216.15,2491.75076,524754.2589125779,724.3992400000002
2174.77,2002.45449,29692.634986560068,172.3155099999999
917.86,1911.03448,986395.5477232705,993.17448
1309.32,1116.38266,37224.81716627558,192.93733999999995
2058.17,2800.9177699999996,551674.2498399721,742.7477699999995
2758.22,2155.11789,363732.15508645185,603.1021099999998
3698.31,2927.7821400000003,593713.1830361792,770.5278599999997
2354.89,2173.5626899999997,32879.59335183615,181.32731000000013
1427.65,1914.3116899999998,236839.60051365578,486.6616899999997
3623.97,3454.4444399999998,28738.915493313612,169.52556000000004
1883.75,2022.59519,19277.9867861361,138.84519
1583.87,1967.84214,147434.60429617966,383.9721400000001
771.51,1846.90479,1156473.9543591442,1075.39479
2954.4,3221.3189799999996,71245.74188424011,266.91897999999946
3508.6,3072.55706,190133.44552384343,436.0429399999998
2855.12,2448.12048,165648.60928023027,406.99951999999985
1968.33,1585.79307,146334.5028138249,382.53693
2780.39,2041.77126,545557.6430791875,738.6187399999999
3247.96,2906.47979,116608.73382164421,341.48021000000017
666.34,1421.30783,569976.4243349088,754.9678299999999
2585.9,2111.20057,225339.54884232502,474.6994300000001
2470.22,2394.1381699999997,5788.444856148913,76.08183000000008
1509.43,1211.34544,88854.40491039361,298.08456
1267.26,1899.90099,400234.62222818023,632.6409900000001
2912.77,2431.6658899999998,231461.16465889232,481.1041100000002
3782.95,3364.78128,174865.0783864381,418.16871999999967
1236.47,1131.55025,11008.153940062504,104.91975000000002
1955.66,1789.9323100000001,27465.66723273608,165.72768999999994
2174.34,2486.8098499999996,97637.40715902219,312.4698499999995
1504.18,760.563,552966.2426890001,743.6170000000001
2991.53,2481.15152,260486.1928471107,510.3784800000003
3392.12,3017.4453000000003,140381.1308200897,374.6746999999996
1055.47,1180.40848,15609.623784710408,124.93848000000003
1886.79,2318.18664,186103.06100328953,431.39663999999993
1515.35,2197.4248300000004,465226.07371952955,682.0748300000005
1714.02,2129.5737,172684.87758368996,415.55369999999994
929.32,1230.57933,90757.18391204889,301.25933
3696.04,2572.4067099999997,1262551.7703962247,1123.6332900000002
950.07,1099.75253,22404.85978720088,149.68252999999993
2683.44,3219.0995499999995,286931.15350620187,535.6595499999994
2704.23,1846.2773899999997,736082.6810058126,857.9526100000003
704.82,705.77775,0.917285062499845,0.957749999999919
775.59,652.78155,15081.9153914025,122.80845
2789.46,1312.03822,2182775.116018369,1477.4217800000001
1067.13,1655.9214499999998,346675.3715931022,588.7914499999997
1579.55,1994.9676399999998,172571.8156231695,415.4176399999999
